token,doc_ids,freq
en,"doc_2,doc_2,doc_2,doc_2,doc_2,doc_2,doc_2,doc_2,doc_2,doc_2,doc_2,doc_2,doc_2,doc_2,doc_2,doc_2,doc_2,doc_2,doc_2,doc_2,doc_2,doc_2,doc_2,doc_2,doc_2,doc_2,doc_2,doc_2,doc_2,doc_2,doc_2,doc_2,doc_2,doc_2,doc_2,doc_2,doc_2,doc_2,doc_2,doc_2,doc_2,doc_2,doc_2,doc_2,doc_2,doc_2,doc_2,doc_2,doc_2,doc_2,doc_2,doc_2,doc_2,doc_2,doc_2,doc_2,doc_2,doc_2,doc_2,doc_2,doc_2,doc_2,doc_2,doc_2,doc_2,doc_2,doc_2,doc_2,doc_2,doc_2,doc_2,doc_2,doc_2,doc_2,doc_2,doc_2,doc_2,doc_2,doc_2,doc_2,doc_2,doc_2,doc_2,doc_2,doc_2,doc_2,doc_2,doc_2,doc_2,doc_2,doc_2,doc_2,doc_2,doc_2,doc_2,doc_2,doc_2,doc_2,doc_2,doc_2,doc_2,doc_2,doc_2,doc_2,doc_2,doc_2,doc_2,doc_2,doc_2,doc_2,doc_2,doc_2,doc_2,doc_2,doc_2,doc_2,doc_2,doc_2,doc_2,doc_2,doc_2,doc_2,doc_2,doc_2,doc_2,doc_2,doc_2,doc_2,doc_2,doc_2,doc_2,doc_2,doc_2,doc_2,doc_2,doc_2,doc_2,doc_2,doc_2,doc_2,doc_2,doc_2,doc_2,doc_2,doc_2,doc_2,doc_2,doc_2,doc_2,doc_2,doc_2,doc_2,doc_2,doc_2,doc_2,doc_2,doc_2,doc_2,doc_2,doc_2,doc_2,doc_2,doc_2,doc_2,doc_2,doc_2,doc_2,doc_2,doc_2,doc_2,doc_2,doc_2,doc_2,doc_2,doc_2,doc_2,doc_2,doc_2,doc_2,doc_2,doc_2,doc_2,doc_2,doc_2,doc_2,doc_2,doc_2,doc_2,doc_2,doc_2,doc_2,doc_2,doc_2,doc_2,doc_2,doc_2,doc_2,doc_2,doc_2,doc_2,doc_2,doc_2,doc_2,doc_2,doc_2,doc_2,doc_2,doc_2,doc_2,doc_2,doc_2,doc_2,doc_3,doc_3,doc_3,doc_3,doc_3,doc_3,doc_3,doc_3,doc_3,doc_3,doc_3,doc_3,doc_3,doc_3,doc_3,doc_3,doc_3,doc_3,doc_3,doc_3,doc_3,doc_3,doc_3,doc_3,doc_3,doc_3,doc_3,doc_3,doc_3,doc_3,doc_3,doc_3,doc_3,doc_3,doc_3,doc_3,doc_3,doc_3,doc_3,doc_3,doc_3,doc_3,doc_3,doc_3,doc_3,doc_3,doc_3,doc_3,doc_3,doc_3,doc_3,doc_3,doc_3,doc_3,doc_3,doc_3,doc_3,doc_3,doc_3,doc_3,doc_3,doc_3,doc_3,doc_3,doc_3,doc_3,doc_3,doc_3,doc_3,doc_3,doc_3,doc_3,doc_3,doc_3,doc_3,doc_3,doc_3,doc_3,doc_3,doc_3,doc_3,doc_3,doc_3,doc_3,doc_3,doc_3,doc_3,doc_3,doc_3,doc_3,doc_3,doc_3,doc_3,doc_3,doc_3,doc_3,doc_3,doc_3,doc_3,doc_3,doc_3,doc_3,doc_3,doc_3,doc_3,doc_3,doc_3,doc_3,doc_3,doc_3,doc_3,doc_3,doc_3,doc_3,doc_3,doc_3,doc_3,doc_3,doc_3,doc_3,doc_3,doc_3,doc_3,doc_3,doc_3,doc_3,doc_3,doc_3,doc_3,doc_3,doc_3,doc_3,doc_3,doc_3,doc_3,doc_3,doc_3,doc_3,doc_3,doc_3,doc_3,doc_3,doc_3,doc_3,doc_3,doc_3,doc_3,doc_3,doc_3,doc_3,doc_3,doc_3,doc_3,doc_3,doc_3,doc_3,doc_3,doc_3,doc_3,doc_3,doc_3,doc_3,doc_3,doc_3,doc_3,doc_3,doc_3,doc_3,doc_3,doc_3,doc_3,doc_3,doc_3,doc_3,doc_3,doc_3,doc_3,doc_3,doc_3,doc_3,doc_3,doc_3,doc_3,doc_3,doc_3,doc_3,doc_3,doc_3,doc_3,doc_3,doc_3,doc_3,doc_3,doc_3,doc_3,doc_3,doc_3,doc_3,doc_3,doc_3,doc_3,doc_3,doc_3,doc_3,doc_3,doc_3,doc_3,doc_3,doc_3,doc_3,doc_3,doc_3,doc_3,doc_3,doc_3,doc_3,doc_3,doc_3,doc_3,doc_3,doc_3,doc_3,doc_3,doc_3,doc_3,doc_3,doc_3,doc_3,doc_3,doc_3,doc_3,doc_3,doc_3,doc_3,doc_3,doc_3,doc_3,doc_3,doc_3,doc_3,doc_3,doc_3,doc_3,doc_3,doc_3,doc_3,doc_3,doc_3,doc_3,doc_3,doc_3,doc_3,doc_3,doc_3,doc_3,doc_3,doc_3,doc_3,doc_3,doc_3,doc_3,doc_3,doc_3,doc_3,doc_3,doc_3,doc_3,doc_3,doc_3,doc_3,doc_3,doc_3,doc_3,doc_3,doc_3,doc_3,doc_3,doc_3,doc_3,doc_3,doc_3,doc_3,doc_3,doc_3,doc_3,doc_3,doc_3,doc_3,doc_3,doc_3,doc_3,doc_3,doc_3,doc_3,doc_3,doc_3,doc_3,doc_3,doc_3,doc_3,doc_3,doc_3,doc_3,doc_3,doc_3,doc_3,doc_3,doc_3,doc_3,doc_3,doc_3,doc_3,doc_3,doc_3,doc_3,doc_3,doc_3,doc_3,doc_3,doc_3,doc_3,doc_3,doc_3,doc_1,doc_1,doc_1,doc_1,doc_1,doc_1,doc_1,doc_1,doc_1,doc_1",545
vie,"doc_1,doc_1,doc_1,doc_1,doc_2,doc_2,doc_2,doc_2,doc_2,doc_2,doc_2,doc_2,doc_2,doc_2,doc_2,doc_2,doc_2,doc_2,doc_2,doc_2,doc_2,doc_2,doc_2,doc_2,doc_2,doc_2,doc_2,doc_2,doc_2,doc_2,doc_2,doc_2,doc_2,doc_2,doc_2,doc_2,doc_2,doc_2,doc_2,doc_2,doc_2,doc_2,doc_2,doc_2,doc_2,doc_2,doc_2,doc_2,doc_2,doc_2,doc_2,doc_2,doc_2,doc_3,doc_3,doc_3,doc_3,doc_3,doc_3,doc_3,doc_3,doc_3,doc_3,doc_3,doc_3,doc_3,doc_3,doc_3,doc_3,doc_3,doc_3,doc_3,doc_3,doc_3,doc_3,doc_3,doc_3,doc_3,doc_3,doc_3,doc_3,doc_3,doc_3,doc_3,doc_3,doc_3,doc_3,doc_3,doc_3,doc_3,doc_3,doc_3,doc_3,doc_3,doc_3,doc_3,doc_3,doc_3,doc_3,doc_3,doc_3,doc_3,doc_3,doc_3,doc_3,doc_3,doc_3,doc_3,doc_3,doc_3,doc_3,doc_3,doc_3,doc_3,doc_3,doc_3,doc_3,doc_3,doc_3,doc_3,doc_3,doc_3,doc_3,doc_3,doc_3,doc_3,doc_3,doc_3,doc_3,doc_3,doc_3,doc_3,doc_3,doc_3,doc_3,doc_3,doc_3,doc_3,doc_3,doc_3,doc_3,doc_3,doc_3,doc_3,doc_3,doc_3,doc_3,doc_3,doc_3,doc_3,doc_3,doc_3,doc_3,doc_3,doc_3,doc_3,doc_3,doc_3,doc_3,doc_3,doc_3,doc_3,doc_3,doc_3,doc_3,doc_3,doc_3,doc_3,doc_3,doc_3,doc_3,doc_3,doc_3,doc_3,doc_3,doc_3,doc_3,doc_3,doc_3,doc_3,doc_3,doc_3,doc_3,doc_3,doc_3,doc_3,doc_3,doc_3,doc_3,doc_3,doc_3,doc_3,doc_3,doc_3,doc_3,doc_3,doc_3,doc_3,doc_3,doc_3,doc_3,doc_3,doc_3,doc_3,doc_3,doc_3,doc_3,doc_3,doc_3,doc_3,doc_3,doc_3,doc_3,doc_3,doc_3,doc_3,doc_3,doc_3,doc_3,doc_3,doc_3,doc_3,doc_3,doc_3,doc_3,doc_3,doc_3,doc_3,doc_3,doc_3,doc_3,doc_3,doc_3,doc_3,doc_3,doc_3,doc_3,doc_3,doc_3,doc_3,doc_3,doc_3,doc_3,doc_3,doc_3,doc_3,doc_3,doc_3,doc_3,doc_3,doc_3,doc_3,doc_3,doc_3,doc_3,doc_3,doc_3,doc_3",258
a,"doc_1,doc_1,doc_1,doc_1,doc_1,doc_1,doc_1,doc_1,doc_1,doc_1,doc_1,doc_1,doc_1,doc_1,doc_1,doc_1,doc_1,doc_1,doc_2,doc_2,doc_2,doc_2,doc_2,doc_2,doc_2,doc_2,doc_2,doc_2,doc_2,doc_2,doc_2,doc_2,doc_2,doc_2,doc_2,doc_2,doc_2,doc_2,doc_2,doc_2,doc_2,doc_2,doc_2,doc_2,doc_2,doc_2,doc_2,doc_2,doc_2,doc_2,doc_2,doc_2,doc_2,doc_2,doc_2,doc_2,doc_2,doc_2,doc_2,doc_2,doc_2,doc_2,doc_2,doc_2,doc_2,doc_2,doc_2,doc_2,doc_2,doc_2,doc_2,doc_2,doc_2,doc_2,doc_2,doc_2,doc_2,doc_2,doc_2,doc_2,doc_2,doc_2,doc_2,doc_2,doc_2,doc_2,doc_2,doc_2,doc_2,doc_2,doc_2,doc_2,doc_2,doc_2,doc_2,doc_2,doc_2,doc_2,doc_2,doc_2,doc_2,doc_2,doc_2,doc_2,doc_2,doc_2,doc_2,doc_2,doc_2,doc_2,doc_2,doc_2,doc_2,doc_2,doc_2,doc_2,doc_2,doc_2,doc_2,doc_2,doc_2,doc_2,doc_2,doc_2,doc_2,doc_2,doc_2,doc_2,doc_2,doc_2,doc_3,doc_3,doc_3,doc_3,doc_3,doc_3,doc_3,doc_3,doc_3,doc_3,doc_3,doc_3,doc_3,doc_3,doc_3,doc_3,doc_3,doc_3,doc_3,doc_3,doc_3,doc_3,doc_3,doc_3,doc_3,doc_3,doc_3,doc_3,doc_3,doc_3,doc_3,doc_3,doc_3,doc_3,doc_3,doc_3,doc_3,doc_3,doc_3,doc_3,doc_3,doc_3,doc_3,doc_3,doc_3,doc_3,doc_3,doc_3,doc_3,doc_3,doc_3,doc_3,doc_3,doc_3,doc_3,doc_3,doc_3,doc_3,doc_3,doc_3,doc_3,doc_3,doc_3,doc_3,doc_3,doc_3,doc_3,doc_3,doc_3,doc_3,doc_3,doc_3,doc_3,doc_3,doc_3,doc_3,doc_3,doc_3,doc_3,doc_3,doc_3,doc_3,doc_3,doc_3,doc_3,doc_3,doc_3,doc_3,doc_3,doc_3,doc_3,doc_3,doc_3,doc_3,doc_3,doc_3,doc_3,doc_3,doc_3,doc_3,doc_3,doc_3,doc_3,doc_3,doc_3,doc_3,doc_3,doc_3,doc_3,doc_3,doc_3,doc_3,doc_3,doc_3,doc_3,doc_3,doc_3,doc_3,doc_3,doc_3,doc_3,doc_3,doc_3,doc_3",254
e,"doc_1,doc_1,doc_1,doc_1,doc_1,doc_1,doc_1,doc_1,doc_1,doc_2,doc_2,doc_2,doc_2,doc_2,doc_2,doc_2,doc_2,doc_2,doc_2,doc_2,doc_2,doc_2,doc_2,doc_2,doc_2,doc_2,doc_2,doc_2,doc_2,doc_2,doc_2,doc_2,doc_2,doc_2,doc_2,doc_2,doc_2,doc_2,doc_2,doc_2,doc_2,doc_2,doc_2,doc_2,doc_2,doc_2,doc_2,doc_2,doc_2,doc_2,doc_2,doc_2,doc_2,doc_2,doc_2,doc_2,doc_2,doc_2,doc_2,doc_2,doc_2,doc_2,doc_2,doc_2,doc_2,doc_2,doc_2,doc_2,doc_2,doc_2,doc_2,doc_2,doc_2,doc_2,doc_2,doc_2,doc_2,doc_2,doc_2,doc_2,doc_2,doc_2,doc_2,doc_2,doc_2,doc_2,doc_2,doc_2,doc_2,doc_2,doc_2,doc_2,doc_2,doc_2,doc_2,doc_2,doc_2,doc_2,doc_2,doc_2,doc_2,doc_2,doc_2,doc_2,doc_2,doc_2,doc_2,doc_2,doc_2,doc_2,doc_2,doc_2,doc_2,doc_2,doc_2,doc_2,doc_3,doc_3,doc_3,doc_3,doc_3,doc_3,doc_3,doc_3,doc_3,doc_3,doc_3,doc_3,doc_3,doc_3,doc_3,doc_3,doc_3,doc_3,doc_3,doc_3,doc_3,doc_3,doc_3,doc_3,doc_3,doc_3,doc_3,doc_3,doc_3,doc_3,doc_3,doc_3,doc_3,doc_3,doc_3,doc_3,doc_3,doc_3,doc_3,doc_3,doc_3,doc_3,doc_3,doc_3,doc_3,doc_3,doc_3,doc_3,doc_3,doc_3,doc_3,doc_3,doc_3,doc_3,doc_3,doc_3,doc_3,doc_3,doc_3,doc_3,doc_3,doc_3,doc_3,doc_3,doc_3,doc_3,doc_3,doc_3,doc_3,doc_3,doc_3,doc_3,doc_3,doc_3,doc_3,doc_3,doc_3,doc_3,doc_3,doc_3,doc_3,doc_3,doc_3,doc_3,doc_3,doc_3,doc_3,doc_3,doc_3,doc_3,doc_3,doc_3,doc_3,doc_3,doc_3,doc_3,doc_3,doc_3,doc_3,doc_3,doc_3,doc_3,doc_3,doc_3,doc_3,doc_3,doc_3,doc_3,doc_3,doc_3,doc_3,doc_3,doc_3,doc_3,doc_3,doc_3,doc_3,doc_3,doc_3",235
l,"doc_2,doc_2,doc_2,doc_2,doc_2,doc_2,doc_2,doc_2,doc_2,doc_2,doc_2,doc_2,doc_2,doc_2,doc_2,doc_2,doc_2,doc_2,doc_2,doc_2,doc_2,doc_2,doc_2,doc_2,doc_2,doc_2,doc_2,doc_2,doc_2,doc_2,doc_2,doc_2,doc_2,doc_2,doc_2,doc_2,doc_2,doc_2,doc_2,doc_2,doc_2,doc_2,doc_2,doc_2,doc_2,doc_2,doc_2,doc_2,doc_2,doc_2,doc_2,doc_2,doc_2,doc_2,doc_2,doc_2,doc_2,doc_2,doc_2,doc_2,doc_2,doc_2,doc_2,doc_2,doc_2,doc_2,doc_2,doc_2,doc_2,doc_2,doc_2,doc_2,doc_2,doc_2,doc_2,doc_2,doc_2,doc_2,doc_2,doc_2,doc_2,doc_2,doc_2,doc_2,doc_2,doc_2,doc_2,doc_2,doc_2,doc_2,doc_2,doc_2,doc_2,doc_2,doc_2,doc_2,doc_2,doc_2,doc_2,doc_2,doc_2,doc_2,doc_2,doc_2,doc_2,doc_2,doc_2,doc_2,doc_2,doc_2,doc_2,doc_2,doc_2,doc_2,doc_2,doc_2,doc_2,doc_2,doc_2,doc_2,doc_2,doc_2,doc_2,doc_2,doc_2,doc_2,doc_2,doc_2,doc_2,doc_2,doc_2,doc_2,doc_2,doc_2,doc_2,doc_2,doc_2,doc_2,doc_2,doc_2,doc_2,doc_2,doc_2,doc_2,doc_3,doc_3,doc_3,doc_3,doc_3,doc_3,doc_3,doc_3,doc_3,doc_3,doc_3,doc_3,doc_3,doc_3,doc_3,doc_3,doc_3,doc_3,doc_3,doc_3,doc_3,doc_3,doc_3,doc_3,doc_3,doc_3,doc_3,doc_3,doc_3,doc_3,doc_3,doc_3,doc_3,doc_3,doc_3,doc_3,doc_3,doc_3,doc_3,doc_3,doc_3,doc_3,doc_3,doc_3,doc_3,doc_3,doc_3,doc_3,doc_3,doc_3,doc_3,doc_3,doc_3,doc_3,doc_3,doc_3,doc_3,doc_3,doc_3,doc_3,doc_3,doc_3,doc_3,doc_3,doc_3,doc_3,doc_3,doc_3,doc_3,doc_1,doc_1,doc_1,doc_1,doc_1,doc_1,doc_1,doc_1",221
es,"doc_1,doc_1,doc_1,doc_1,doc_1,doc_1,doc_1,doc_2,doc_2,doc_2,doc_2,doc_2,doc_2,doc_2,doc_2,doc_2,doc_2,doc_2,doc_2,doc_2,doc_2,doc_2,doc_2,doc_2,doc_2,doc_2,doc_2,doc_2,doc_2,doc_2,doc_2,doc_2,doc_2,doc_2,doc_2,doc_2,doc_2,doc_2,doc_2,doc_2,doc_2,doc_2,doc_2,doc_2,doc_2,doc_2,doc_2,doc_2,doc_2,doc_2,doc_2,doc_2,doc_2,doc_2,doc_2,doc_2,doc_2,doc_2,doc_2,doc_2,doc_2,doc_2,doc_2,doc_2,doc_2,doc_2,doc_2,doc_2,doc_2,doc_2,doc_2,doc_2,doc_2,doc_2,doc_2,doc_2,doc_2,doc_2,doc_2,doc_2,doc_2,doc_2,doc_2,doc_2,doc_2,doc_2,doc_2,doc_2,doc_2,doc_2,doc_2,doc_2,doc_2,doc_2,doc_2,doc_2,doc_2,doc_2,doc_2,doc_2,doc_2,doc_2,doc_2,doc_2,doc_2,doc_2,doc_2,doc_2,doc_2,doc_2,doc_2,doc_2,doc_2,doc_2,doc_2,doc_2,doc_2,doc_2,doc_2,doc_2,doc_2,doc_2,doc_2,doc_2,doc_2,doc_2,doc_2,doc_2,doc_2,doc_2,doc_2,doc_2,doc_2,doc_3,doc_3,doc_3,doc_3,doc_3,doc_3,doc_3,doc_3,doc_3,doc_3,doc_3,doc_3,doc_3,doc_3,doc_3,doc_3,doc_3,doc_3,doc_3,doc_3,doc_3,doc_3,doc_3,doc_3,doc_3,doc_3,doc_3,doc_3,doc_3,doc_3,doc_3,doc_3,doc_3,doc_3,doc_3,doc_3,doc_3,doc_3,doc_3,doc_3,doc_3,doc_3,doc_3,doc_3,doc_3,doc_3,doc_3,doc_3,doc_3,doc_3,doc_3,doc_3,doc_3,doc_3,doc_3,doc_3,doc_3,doc_3,doc_3,doc_3,doc_3,doc_3,doc_3,doc_3,doc_3,doc_3,doc_3,doc_3,doc_3,doc_3,doc_3,doc_3,doc_3,doc_3,doc_3,doc_3,doc_3,doc_3,doc_3,doc_3",213
te,"doc_2,doc_3,doc_3,doc_3,doc_3,doc_3,doc_3,doc_3,doc_3,doc_3,doc_3,doc_3,doc_3,doc_3,doc_3,doc_3,doc_3,doc_3,doc_3,doc_3,doc_3,doc_3,doc_3,doc_3,doc_3,doc_3,doc_3,doc_3,doc_3,doc_3,doc_3,doc_3,doc_3,doc_3,doc_3,doc_3,doc_3,doc_3,doc_3,doc_3,doc_3,doc_3,doc_3,doc_3,doc_3,doc_3,doc_3,doc_3,doc_3,doc_3,doc_3,doc_3,doc_3,doc_3,doc_3,doc_3,doc_3,doc_3,doc_3,doc_3,doc_3,doc_3,doc_3,doc_3,doc_3,doc_3,doc_3,doc_3,doc_3,doc_3,doc_3,doc_3,doc_3,doc_3,doc_3,doc_3,doc_3,doc_3,doc_3,doc_3,doc_3,doc_3,doc_3,doc_3,doc_3,doc_3,doc_3,doc_3,doc_3,doc_3,doc_3,doc_3,doc_3,doc_3,doc_3,doc_3,doc_3,doc_3,doc_3,doc_3,doc_3,doc_3,doc_3,doc_3,doc_3,doc_3,doc_3,doc_3,doc_3,doc_3,doc_3,doc_3,doc_3,doc_3,doc_3,doc_3,doc_3,doc_3,doc_3,doc_3,doc_3,doc_3,doc_3,doc_3,doc_3,doc_3,doc_3,doc_3,doc_3,doc_3,doc_3,doc_3,doc_3,doc_3,doc_3,doc_3,doc_3,doc_3,doc_3,doc_3,doc_3,doc_3,doc_3,doc_3,doc_3,doc_3,doc_3,doc_3,doc_3,doc_3,doc_3,doc_3,doc_3,doc_3,doc_3,doc_3,doc_3,doc_3,doc_3,doc_3,doc_3,doc_3,doc_3,doc_3,doc_3,doc_3,doc_3,doc_3,doc_3,doc_3,doc_3,doc_3,doc_3,doc_3,doc_3,doc_3,doc_3,doc_3,doc_3,doc_3,doc_3,doc_3,doc_3,doc_3,doc_3,doc_3,doc_3,doc_3,doc_3,doc_3,doc_3,doc_3,doc_3,doc_3,doc_3,doc_3",196
se,"doc_1,doc_1,doc_2,doc_2,doc_2,doc_2,doc_2,doc_2,doc_2,doc_2,doc_2,doc_2,doc_2,doc_2,doc_2,doc_2,doc_2,doc_2,doc_2,doc_2,doc_2,doc_2,doc_2,doc_2,doc_2,doc_2,doc_2,doc_2,doc_2,doc_2,doc_2,doc_2,doc_2,doc_2,doc_2,doc_2,doc_2,doc_2,doc_2,doc_2,doc_2,doc_2,doc_2,doc_2,doc_2,doc_2,doc_2,doc_2,doc_2,doc_2,doc_2,doc_2,doc_2,doc_2,doc_2,doc_2,doc_2,doc_2,doc_2,doc_2,doc_2,doc_2,doc_2,doc_2,doc_2,doc_2,doc_2,doc_2,doc_2,doc_2,doc_2,doc_2,doc_2,doc_3,doc_3,doc_3,doc_3,doc_3,doc_3,doc_3,doc_3,doc_3,doc_3,doc_3,doc_3,doc_3,doc_3,doc_3,doc_3,doc_3,doc_3,doc_3,doc_3,doc_3,doc_3,doc_3,doc_3,doc_3,doc_3,doc_3,doc_3,doc_3,doc_3,doc_3,doc_3,doc_3,doc_3,doc_3,doc_3,doc_3,doc_3,doc_3,doc_3,doc_3,doc_3,doc_3,doc_3,doc_3,doc_3,doc_3,doc_3,doc_3,doc_3,doc_3,doc_3,doc_3,doc_3,doc_3,doc_3,doc_3,doc_3,doc_3,doc_3,doc_3,doc_3,doc_3,doc_3,doc_3,doc_3,doc_3,doc_3,doc_3,doc_3,doc_3,doc_3,doc_3,doc_3,doc_3,doc_3,doc_3,doc_3,doc_3,doc_3,doc_3,doc_3,doc_3,doc_3,doc_3,doc_3,doc_3,doc_3,doc_3,doc_3,doc_3,doc_3,doc_3,doc_3,doc_3,doc_3,doc_3,doc_3,doc_3,doc_3,doc_3,doc_3,doc_3,doc_3,doc_3,doc_3",179
me,"doc_2,doc_2,doc_2,doc_2,doc_2,doc_2,doc_2,doc_2,doc_2,doc_2,doc_2,doc_2,doc_2,doc_2,doc_2,doc_2,doc_2,doc_2,doc_2,doc_2,doc_2,doc_2,doc_2,doc_2,doc_2,doc_2,doc_2,doc_2,doc_2,doc_2,doc_2,doc_2,doc_2,doc_3,doc_3,doc_3,doc_3,doc_3,doc_3,doc_3,doc_3,doc_3,doc_3,doc_3,doc_3,doc_3,doc_3,doc_3,doc_3,doc_3,doc_3,doc_3,doc_3,doc_3,doc_3,doc_3,doc_3,doc_3,doc_3,doc_3,doc_3,doc_3,doc_3,doc_3,doc_3,doc_3,doc_3,doc_3,doc_3,doc_3,doc_3,doc_3,doc_3,doc_3,doc_3,doc_3,doc_3,doc_3,doc_3,doc_3,doc_3,doc_3,doc_3,doc_3,doc_3,doc_3,doc_3,doc_3,doc_3,doc_3,doc_3,doc_3,doc_3,doc_3,doc_3,doc_3,doc_3,doc_3,doc_3,doc_3,doc_3,doc_3,doc_3,doc_3,doc_3,doc_3,doc_3,doc_3,doc_3,doc_3,doc_3,doc_3,doc_3,doc_3,doc_3,doc_3,doc_3,doc_3,doc_3,doc_3,doc_3,doc_3,doc_3,doc_3,doc_3,doc_3,doc_3,doc_3,doc_3,doc_3,doc_3,doc_3,doc_3,doc_3,doc_3,doc_3,doc_3,doc_3,doc_3,doc_3,doc_3,doc_3,doc_3,doc_3,doc_3,doc_3,doc_3,doc_3,doc_3,doc_3,doc_3,doc_3,doc_3,doc_3",154
personnel,"doc_1,doc_1,doc_1,doc_2,doc_2,doc_2,doc_2,doc_2,doc_2,doc_2,doc_2,doc_2,doc_2,doc_2,doc_2,doc_2,doc_2,doc_2,doc_2,doc_2,doc_2,doc_2,doc_2,doc_2,doc_2,doc_2,doc_2,doc_2,doc_2,doc_2,doc_2,doc_2,doc_2,doc_2,doc_2,doc_2,doc_2,doc_2,doc_2,doc_2,doc_2,doc_2,doc_2,doc_2,doc_2,doc_2,doc_2,doc_2,doc_2,doc_2,doc_2,doc_2,doc_2,doc_2,doc_2,doc_2,doc_2,doc_2,doc_2,doc_2,doc_2,doc_2,doc_2,doc_2,doc_2,doc_2,doc_2,doc_2,doc_2,doc_2,doc_2,doc_2,doc_2,doc_2,doc_2,doc_2,doc_2,doc_2,doc_2,doc_2,doc_2,doc_2,doc_2,doc_2,doc_2,doc_2,doc_2,doc_2,doc_2,doc_2,doc_2,doc_2,doc_2,doc_2,doc_2,doc_2,doc_2,doc_2,doc_2,doc_2,doc_2,doc_2,doc_2,doc_2,doc_2,doc_2,doc_2,doc_2,doc_2,doc_2,doc_2,doc_2,doc_2,doc_2,doc_2,doc_2,doc_2,doc_2,doc_2,doc_2,doc_3,doc_3,doc_3,doc_3,doc_3,doc_3,doc_3,doc_3,doc_3,doc_3,doc_3,doc_3,doc_3,doc_3,doc_3,doc_3,doc_3,doc_3,doc_3,doc_3,doc_3",141
tout,"doc_1,doc_1,doc_1,doc_1,doc_1,doc_2,doc_2,doc_2,doc_2,doc_2,doc_2,doc_2,doc_2,doc_2,doc_2,doc_2,doc_2,doc_2,doc_2,doc_2,doc_2,doc_2,doc_2,doc_2,doc_2,doc_2,doc_2,doc_2,doc_2,doc_2,doc_2,doc_2,doc_2,doc_2,doc_2,doc_2,doc_2,doc_2,doc_2,doc_2,doc_2,doc_2,doc_2,doc_2,doc_2,doc_3,doc_3,doc_3,doc_3,doc_3,doc_3,doc_3,doc_3,doc_3,doc_3,doc_3,doc_3,doc_3,doc_3,doc_3,doc_3,doc_3,doc_3,doc_3,doc_3,doc_3,doc_3,doc_3,doc_3,doc_3,doc_3,doc_3,doc_3,doc_3,doc_3,doc_3,doc_3,doc_3,doc_3,doc_3,doc_3,doc_3,doc_3,doc_3,doc_3,doc_3,doc_3,doc_3,doc_3,doc_3,doc_3,doc_3,doc_3,doc_3,doc_3,doc_3,doc_3,doc_3,doc_3,doc_3,doc_3,doc_3,doc_3,doc_3,doc_3,doc_3,doc_3,doc_3,doc_3,doc_3,doc_3,doc_3,doc_3,doc_3,doc_3,doc_3,doc_3,doc_3,doc_3,doc_3,doc_3,doc_3,doc_3,doc_3,doc_3,doc_3,doc_3,doc_3,doc_3,doc_3,doc_3,doc_3,doc_3,doc_3,doc_3,doc_3,doc_3,doc_3",138
si,"doc_1,doc_1,doc_1,doc_1,doc_2,doc_2,doc_2,doc_2,doc_2,doc_2,doc_2,doc_2,doc_2,doc_2,doc_2,doc_2,doc_2,doc_2,doc_2,doc_2,doc_2,doc_2,doc_2,doc_2,doc_2,doc_2,doc_2,doc_2,doc_2,doc_2,doc_2,doc_2,doc_2,doc_2,doc_2,doc_2,doc_2,doc_2,doc_2,doc_2,doc_2,doc_2,doc_2,doc_2,doc_2,doc_2,doc_2,doc_2,doc_2,doc_2,doc_2,doc_2,doc_2,doc_2,doc_2,doc_2,doc_2,doc_2,doc_2,doc_2,doc_2,doc_3,doc_3,doc_3,doc_3,doc_3,doc_3,doc_3,doc_3,doc_3,doc_3,doc_3,doc_3,doc_3,doc_3,doc_3,doc_3,doc_3,doc_3,doc_3,doc_3,doc_3,doc_3,doc_3,doc_3,doc_3,doc_3,doc_3,doc_3,doc_3,doc_3,doc_3,doc_3,doc_3,doc_3,doc_3,doc_3,doc_3,doc_3,doc_3,doc_3,doc_3,doc_3,doc_3,doc_3,doc_3,doc_3,doc_3,doc_3,doc_3,doc_3,doc_3,doc_3,doc_3,doc_3,doc_3,doc_3,doc_3,doc_3,doc_3,doc_3,doc_3,doc_3,doc_3,doc_3,doc_3,doc_3,doc_3,doc_3,doc_3,doc_3,doc_3,doc_3,doc_3,doc_3,doc_3",136
routine,"doc_2,doc_3,doc_3,doc_3,doc_3,doc_3,doc_3,doc_3,doc_3,doc_3,doc_3,doc_3,doc_3,doc_3,doc_3,doc_3,doc_3,doc_3,doc_3,doc_3,doc_3,doc_3,doc_3,doc_3,doc_3,doc_3,doc_3,doc_3,doc_3,doc_3,doc_3,doc_3,doc_3,doc_3,doc_3,doc_3,doc_3,doc_3,doc_3,doc_3,doc_3,doc_3,doc_3,doc_3,doc_3,doc_3,doc_3,doc_3,doc_3,doc_3,doc_3,doc_3,doc_3,doc_3,doc_3,doc_3,doc_3,doc_3,doc_3,doc_3,doc_3,doc_3,doc_3,doc_3,doc_3,doc_3,doc_3,doc_3,doc_3,doc_3,doc_3,doc_3,doc_3,doc_3,doc_3,doc_3,doc_3,doc_3,doc_3,doc_3,doc_3,doc_3,doc_3,doc_3,doc_3,doc_3,doc_3,doc_3,doc_3,doc_3,doc_3,doc_3,doc_3,doc_3,doc_3,doc_3,doc_3,doc_3,doc_3,doc_3,doc_3,doc_3,doc_3,doc_3,doc_3,doc_3,doc_3,doc_3,doc_3,doc_3,doc_3,doc_3,doc_3,doc_3,doc_3,doc_3,doc_3,doc_3,doc_3,doc_3,doc_3,doc_3,doc_3,doc_3,doc_3,doc_3,doc_3,doc_3,doc_3,doc_3,doc_3",131
faire,"doc_1,doc_1,doc_1,doc_2,doc_2,doc_2,doc_2,doc_2,doc_2,doc_2,doc_2,doc_2,doc_2,doc_2,doc_2,doc_2,doc_2,doc_2,doc_2,doc_2,doc_2,doc_2,doc_2,doc_2,doc_2,doc_2,doc_2,doc_2,doc_2,doc_2,doc_2,doc_2,doc_2,doc_3,doc_3,doc_3,doc_3,doc_3,doc_3,doc_3,doc_3,doc_3,doc_3,doc_3,doc_3,doc_3,doc_3,doc_3,doc_3,doc_3,doc_3,doc_3,doc_3,doc_3,doc_3,doc_3,doc_3,doc_3,doc_3,doc_3,doc_3,doc_3,doc_3,doc_3,doc_3,doc_3,doc_3,doc_3,doc_3,doc_3,doc_3,doc_3,doc_3,doc_3,doc_3,doc_3,doc_3,doc_3,doc_3,doc_3,doc_3,doc_3,doc_3,doc_3,doc_3,doc_3,doc_3,doc_3,doc_3,doc_3,doc_3,doc_3,doc_3,doc_3,doc_3,doc_3,doc_3,doc_3,doc_3,doc_3,doc_3,doc_3,doc_3,doc_3,doc_3,doc_3,doc_3,doc_3,doc_3,doc_3,doc_3,doc_3,doc_3,doc_3,doc_3,doc_3,doc_3,doc_3,doc_3,doc_3,doc_3,doc_3",122
1,"doc_1,doc_1,doc_1,doc_2,doc_2,doc_2,doc_2,doc_2,doc_2,doc_2,doc_2,doc_2,doc_2,doc_2,doc_2,doc_2,doc_2,doc_2,doc_2,doc_2,doc_2,doc_2,doc_2,doc_2,doc_2,doc_2,doc_2,doc_2,doc_2,doc_2,doc_2,doc_2,doc_2,doc_2,doc_2,doc_2,doc_2,doc_2,doc_2,doc_2,doc_2,doc_2,doc_2,doc_2,doc_2,doc_2,doc_2,doc_2,doc_2,doc_2,doc_2,doc_2,doc_2,doc_2,doc_2,doc_2,doc_2,doc_2,doc_2,doc_2,doc_2,doc_2,doc_2,doc_2,doc_2,doc_2,doc_2,doc_2,doc_2,doc_2,doc_2,doc_2,doc_2,doc_2,doc_2,doc_2,doc_2,doc_2,doc_2,doc_2,doc_2,doc_2,doc_2,doc_2,doc_2,doc_2,doc_2,doc_2,doc_2,doc_2,doc_2,doc_2,doc_2,doc_2,doc_2,doc_2,doc_2,doc_3,doc_3,doc_3,doc_3,doc_3,doc_3,doc_3,doc_3,doc_3,doc_3,doc_3,doc_3,doc_3,doc_3,doc_3,doc_3,doc_3,doc_3,doc_3,doc_3,doc_3,doc_3,doc_3,doc_3",121
comme,"doc_1,doc_1,doc_1,doc_1,doc_2,doc_2,doc_2,doc_2,doc_2,doc_2,doc_2,doc_2,doc_2,doc_2,doc_2,doc_2,doc_2,doc_2,doc_2,doc_2,doc_2,doc_2,doc_2,doc_2,doc_2,doc_2,doc_2,doc_2,doc_2,doc_2,doc_2,doc_2,doc_2,doc_2,doc_2,doc_2,doc_2,doc_2,doc_2,doc_2,doc_2,doc_2,doc_2,doc_2,doc_2,doc_2,doc_2,doc_2,doc_2,doc_2,doc_2,doc_2,doc_2,doc_3,doc_3,doc_3,doc_3,doc_3,doc_3,doc_3,doc_3,doc_3,doc_3,doc_3,doc_3,doc_3,doc_3,doc_3,doc_3,doc_3,doc_3,doc_3,doc_3,doc_3,doc_3,doc_3,doc_3,doc_3,doc_3,doc_3,doc_3,doc_3,doc_3,doc_3,doc_3,doc_3,doc_3,doc_3,doc_3,doc_3,doc_3,doc_3,doc_3,doc_3,doc_3,doc_3,doc_3,doc_3,doc_3,doc_3,doc_3,doc_3,doc_3,doc_3,doc_3,doc_3,doc_3,doc_3,doc_3,doc_3,doc_3,doc_3,doc_3,doc_3,doc_3,doc_3,doc_3,doc_3,doc_3",119
valeurs,"doc_2,doc_2,doc_2,doc_2,doc_2,doc_2,doc_2,doc_2,doc_2,doc_2,doc_2,doc_2,doc_2,doc_2,doc_2,doc_2,doc_2,doc_2,doc_2,doc_2,doc_2,doc_2,doc_2,doc_2,doc_2,doc_2,doc_2,doc_2,doc_2,doc_2,doc_2,doc_2,doc_2,doc_2,doc_2,doc_2,doc_2,doc_2,doc_2,doc_2,doc_2,doc_2,doc_2,doc_2,doc_2,doc_2,doc_2,doc_2,doc_2,doc_2,doc_2,doc_2,doc_2,doc_2,doc_2,doc_3,doc_3,doc_3,doc_3,doc_3,doc_3,doc_3,doc_3,doc_3,doc_3,doc_3,doc_3,doc_3,doc_3,doc_3,doc_3,doc_3,doc_3,doc_3,doc_3,doc_3,doc_3,doc_3,doc_3,doc_3,doc_3,doc_3,doc_3,doc_3,doc_3,doc_3,doc_3,doc_3,doc_3,doc_3,doc_3,doc_3,doc_3,doc_3,doc_3,doc_3,doc_3,doc_3,doc_3,doc_3,doc_3,doc_3,doc_3,doc_3,doc_3,doc_3,doc_3,doc_3,doc_3,doc_3,doc_3,doc_3,doc_3,doc_3,doc_3,doc_3,doc_3,doc_3,doc_3",119
suite,"doc_2,doc_2,doc_2,doc_2,doc_2,doc_2,doc_2,doc_2,doc_2,doc_2,doc_2,doc_2,doc_2,doc_2,doc_2,doc_2,doc_2,doc_2,doc_2,doc_2,doc_2,doc_2,doc_2,doc_2,doc_2,doc_2,doc_2,doc_2,doc_2,doc_2,doc_2,doc_2,doc_2,doc_2,doc_2,doc_2,doc_2,doc_2,doc_2,doc_2,doc_2,doc_2,doc_2,doc_2,doc_2,doc_2,doc_2,doc_2,doc_2,doc_2,doc_2,doc_2,doc_2,doc_2,doc_2,doc_2,doc_2,doc_2,doc_2,doc_2,doc_2,doc_2,doc_2,doc_2,doc_2,doc_2,doc_2,doc_2,doc_2,doc_2,doc_2,doc_2,doc_2,doc_2,doc_2,doc_2,doc_2,doc_2,doc_2,doc_2,doc_2,doc_2,doc_2,doc_2,doc_2,doc_2,doc_2,doc_2,doc_2,doc_2,doc_2,doc_2,doc_2,doc_2,doc_2,doc_2,doc_2,doc_2,doc_2,doc_2,doc_2,doc_2,doc_2,doc_2,doc_2,doc_2,doc_3,doc_3,doc_3,doc_3,doc_3,doc_3,doc_3,doc_3,doc_3,doc_3,doc_3,doc_1",118
n,"doc_2,doc_2,doc_2,doc_2,doc_2,doc_2,doc_2,doc_2,doc_2,doc_2,doc_2,doc_2,doc_2,doc_2,doc_2,doc_2,doc_2,doc_2,doc_2,doc_2,doc_2,doc_2,doc_2,doc_2,doc_2,doc_2,doc_2,doc_2,doc_2,doc_2,doc_2,doc_2,doc_2,doc_2,doc_2,doc_2,doc_2,doc_2,doc_2,doc_2,doc_2,doc_2,doc_2,doc_2,doc_2,doc_2,doc_2,doc_2,doc_2,doc_2,doc_2,doc_2,doc_2,doc_2,doc_2,doc_2,doc_2,doc_2,doc_2,doc_2,doc_2,doc_3,doc_3,doc_3,doc_3,doc_3,doc_3,doc_3,doc_3,doc_3,doc_3,doc_3,doc_3,doc_3,doc_3,doc_3,doc_3,doc_3,doc_3,doc_3,doc_3,doc_3,doc_3,doc_3,doc_3,doc_3,doc_3,doc_3,doc_3,doc_3,doc_3,doc_3,doc_3,doc_3,doc_3,doc_3,doc_3,doc_3,doc_3,doc_3,doc_3,doc_3,doc_3,doc_3,doc_3,doc_3,doc_3,doc_3,doc_3,doc_3,doc_3,doc_3,doc_3,doc_3,doc_3,doc_3,doc_3",117
temps,"doc_1,doc_2,doc_2,doc_2,doc_2,doc_2,doc_2,doc_2,doc_2,doc_2,doc_2,doc_2,doc_2,doc_2,doc_2,doc_3,doc_3,doc_3,doc_3,doc_3,doc_3,doc_3,doc_3,doc_3,doc_3,doc_3,doc_3,doc_3,doc_3,doc_3,doc_3,doc_3,doc_3,doc_3,doc_3,doc_3,doc_3,doc_3,doc_3,doc_3,doc_3,doc_3,doc_3,doc_3,doc_3,doc_3,doc_3,doc_3,doc_3,doc_3,doc_3,doc_3,doc_3,doc_3,doc_3,doc_3,doc_3,doc_3,doc_3,doc_3,doc_3,doc_3,doc_3,doc_3,doc_3,doc_3,doc_3,doc_3,doc_3,doc_3,doc_3,doc_3,doc_3,doc_3,doc_3,doc_3,doc_3,doc_3,doc_3,doc_3,doc_3,doc_3,doc_3,doc_3,doc_3,doc_3,doc_3,doc_3,doc_3,doc_3,doc_3,doc_3,doc_3,doc_3,doc_3,doc_3,doc_3,doc_3,doc_3,doc_3,doc_3,doc_3,doc_3,doc_3,doc_3,doc_3,doc_3,doc_3,doc_3,doc_3,doc_3,doc_3,doc_3,doc_3,doc_3,doc_3,doc_3",117
vos,"doc_2,doc_2,doc_2,doc_2,doc_2,doc_2,doc_2,doc_2,doc_2,doc_2,doc_2,doc_2,doc_2,doc_2,doc_2,doc_2,doc_2,doc_2,doc_2,doc_2,doc_2,doc_2,doc_2,doc_2,doc_2,doc_2,doc_2,doc_2,doc_2,doc_2,doc_2,doc_2,doc_2,doc_2,doc_2,doc_2,doc_2,doc_2,doc_2,doc_2,doc_2,doc_2,doc_2,doc_2,doc_2,doc_2,doc_2,doc_2,doc_2,doc_2,doc_2,doc_2,doc_2,doc_2,doc_2,doc_2,doc_2,doc_2,doc_2,doc_2,doc_2,doc_2,doc_2,doc_2,doc_2,doc_2,doc_2,doc_2,doc_2,doc_2,doc_2,doc_2,doc_2,doc_2,doc_2,doc_2,doc_2,doc_2,doc_2,doc_2,doc_2,doc_2,doc_2,doc_2,doc_2,doc_2,doc_2,doc_2,doc_2,doc_2,doc_2,doc_2,doc_2,doc_2,doc_2,doc_2,doc_2,doc_2,doc_2,doc_2,doc_2,doc_2,doc_2,doc_2,doc_2,doc_2,doc_2,doc_2,doc_2,doc_2,doc_2,doc_2,doc_2,doc_3,doc_3,doc_3,doc_1",117
autres,"doc_2,doc_2,doc_2,doc_2,doc_2,doc_2,doc_2,doc_2,doc_2,doc_2,doc_2,doc_2,doc_2,doc_2,doc_2,doc_2,doc_2,doc_2,doc_2,doc_2,doc_2,doc_2,doc_2,doc_2,doc_2,doc_2,doc_2,doc_2,doc_2,doc_2,doc_2,doc_2,doc_2,doc_2,doc_2,doc_2,doc_2,doc_2,doc_2,doc_2,doc_2,doc_2,doc_2,doc_2,doc_2,doc_2,doc_2,doc_2,doc_2,doc_2,doc_2,doc_2,doc_2,doc_2,doc_2,doc_2,doc_2,doc_2,doc_2,doc_2,doc_2,doc_2,doc_2,doc_2,doc_2,doc_2,doc_2,doc_2,doc_2,doc_2,doc_2,doc_2,doc_2,doc_2,doc_2,doc_2,doc_2,doc_2,doc_2,doc_2,doc_2,doc_2,doc_2,doc_3,doc_3,doc_3,doc_3,doc_3,doc_3,doc_3,doc_3,doc_3,doc_3,doc_3,doc_3,doc_3,doc_3,doc_3,doc_3,doc_3,doc_3,doc_3,doc_3,doc_3,doc_3,doc_3,doc_3,doc_3,doc_3,doc_3,doc_3,doc_3,doc_3,doc_3,doc_3,doc_3",116
peut,"doc_1,doc_2,doc_2,doc_2,doc_2,doc_2,doc_2,doc_2,doc_2,doc_2,doc_2,doc_2,doc_2,doc_2,doc_2,doc_2,doc_2,doc_2,doc_2,doc_2,doc_2,doc_2,doc_2,doc_2,doc_2,doc_2,doc_2,doc_2,doc_2,doc_2,doc_2,doc_2,doc_2,doc_2,doc_2,doc_2,doc_2,doc_2,doc_2,doc_2,doc_2,doc_3,doc_3,doc_3,doc_3,doc_3,doc_3,doc_3,doc_3,doc_3,doc_3,doc_3,doc_3,doc_3,doc_3,doc_3,doc_3,doc_3,doc_3,doc_3,doc_3,doc_3,doc_3,doc_3,doc_3,doc_3,doc_3,doc_3,doc_3,doc_3,doc_3,doc_3,doc_3,doc_3,doc_3,doc_3,doc_3,doc_3,doc_3,doc_3,doc_3,doc_3,doc_3,doc_3,doc_3,doc_3,doc_3,doc_3,doc_3,doc_3,doc_3,doc_3,doc_3,doc_3,doc_3,doc_3,doc_3,doc_3,doc_3,doc_3,doc_3,doc_3,doc_3,doc_3,doc_3,doc_3,doc_3,doc_3,doc_3,doc_3,doc_3,doc_3,doc_3,doc_3,doc_3",115
ont,"doc_1,doc_1,doc_2,doc_2,doc_2,doc_2,doc_2,doc_2,doc_2,doc_2,doc_2,doc_2,doc_2,doc_2,doc_2,doc_2,doc_2,doc_2,doc_2,doc_2,doc_2,doc_2,doc_2,doc_2,doc_2,doc_2,doc_2,doc_2,doc_2,doc_2,doc_2,doc_2,doc_2,doc_2,doc_2,doc_2,doc_2,doc_2,doc_2,doc_2,doc_2,doc_2,doc_2,doc_2,doc_2,doc_2,doc_2,doc_2,doc_2,doc_2,doc_2,doc_2,doc_2,doc_2,doc_2,doc_2,doc_2,doc_2,doc_2,doc_2,doc_2,doc_2,doc_2,doc_2,doc_2,doc_2,doc_2,doc_2,doc_2,doc_2,doc_2,doc_2,doc_2,doc_2,doc_2,doc_2,doc_2,doc_2,doc_2,doc_2,doc_2,doc_2,doc_2,doc_2,doc_2,doc_3,doc_3,doc_3,doc_3,doc_3,doc_3,doc_3,doc_3,doc_3,doc_3,doc_3,doc_3,doc_3,doc_3,doc_3,doc_3,doc_3,doc_3,doc_3,doc_3,doc_3,doc_3,doc_3,doc_3,doc_3,doc_3",111
éveloppement,"doc_1,doc_2,doc_2,doc_2,doc_2,doc_2,doc_2,doc_2,doc_2,doc_2,doc_2,doc_2,doc_2,doc_2,doc_2,doc_2,doc_2,doc_2,doc_2,doc_2,doc_2,doc_2,doc_2,doc_2,doc_2,doc_2,doc_2,doc_2,doc_2,doc_2,doc_2,doc_2,doc_2,doc_2,doc_2,doc_2,doc_2,doc_2,doc_2,doc_2,doc_2,doc_2,doc_2,doc_2,doc_2,doc_2,doc_2,doc_2,doc_2,doc_2,doc_2,doc_2,doc_2,doc_2,doc_2,doc_2,doc_2,doc_2,doc_2,doc_2,doc_2,doc_2,doc_2,doc_2,doc_2,doc_2,doc_2,doc_2,doc_2,doc_2,doc_2,doc_2,doc_2,doc_2,doc_2,doc_2,doc_2,doc_2,doc_2,doc_2,doc_2,doc_2,doc_2,doc_2,doc_2,doc_2,doc_2,doc_2,doc_2,doc_2,doc_2,doc_2,doc_2,doc_2,doc_2,doc_2,doc_2,doc_2,doc_2,doc_2,doc_2,doc_2,doc_2,doc_2,doc_3,doc_3,doc_3,doc_3",108
claireuses,"doc_2,doc_2,doc_2,doc_2,doc_2,doc_2,doc_2,doc_2,doc_2,doc_2,doc_2,doc_2,doc_2,doc_2,doc_2,doc_2,doc_2,doc_2,doc_2,doc_2,doc_2,doc_2,doc_2,doc_2,doc_2,doc_2,doc_2,doc_2,doc_2,doc_2,doc_2,doc_2,doc_2,doc_2,doc_2,doc_2,doc_2,doc_2,doc_2,doc_2,doc_2,doc_2,doc_2,doc_2,doc_2,doc_2,doc_2,doc_2,doc_2,doc_2,doc_2,doc_2,doc_2,doc_2,doc_2,doc_2,doc_2,doc_2,doc_2,doc_2,doc_2,doc_2,doc_2,doc_2,doc_2,doc_2,doc_2,doc_2,doc_2,doc_2,doc_2,doc_2,doc_2,doc_2,doc_2,doc_2,doc_2,doc_2,doc_2,doc_2,doc_2,doc_2,doc_2,doc_2,doc_2,doc_2,doc_2,doc_2,doc_2,doc_2,doc_2,doc_2,doc_2,doc_2,doc_2,doc_2,doc_2,doc_2,doc_2,doc_2,doc_2,doc_2",102
eadership,"doc_2,doc_2,doc_2,doc_2,doc_2,doc_2,doc_2,doc_2,doc_2,doc_2,doc_2,doc_2,doc_2,doc_2,doc_2,doc_2,doc_2,doc_2,doc_2,doc_2,doc_2,doc_2,doc_2,doc_2,doc_2,doc_2,doc_2,doc_2,doc_2,doc_2,doc_2,doc_2,doc_2,doc_2,doc_2,doc_2,doc_2,doc_2,doc_2,doc_2,doc_2,doc_2,doc_2,doc_2,doc_2,doc_2,doc_2,doc_2,doc_2,doc_2,doc_2,doc_2,doc_2,doc_2,doc_2,doc_2,doc_2,doc_2,doc_2,doc_2,doc_2,doc_2,doc_2,doc_2,doc_2,doc_2,doc_2,doc_2,doc_2,doc_2,doc_2,doc_2,doc_2,doc_2,doc_2,doc_2,doc_2,doc_2,doc_2,doc_2,doc_2,doc_2,doc_2,doc_2,doc_2,doc_2,doc_2,doc_2,doc_2,doc_2,doc_2,doc_2,doc_2,doc_2,doc_2,doc_2,doc_2,doc_2,doc_2,doc_2,doc_2,doc_2",102
uides,"doc_2,doc_2,doc_2,doc_2,doc_2,doc_2,doc_2,doc_2,doc_2,doc_2,doc_2,doc_2,doc_2,doc_2,doc_2,doc_2,doc_2,doc_2,doc_2,doc_2,doc_2,doc_2,doc_2,doc_2,doc_2,doc_2,doc_2,doc_2,doc_2,doc_2,doc_2,doc_2,doc_2,doc_2,doc_2,doc_2,doc_2,doc_2,doc_2,doc_2,doc_2,doc_2,doc_2,doc_2,doc_2,doc_2,doc_2,doc_2,doc_2,doc_2,doc_2,doc_2,doc_2,doc_2,doc_2,doc_2,doc_2,doc_2,doc_2,doc_2,doc_2,doc_2,doc_2,doc_2,doc_2,doc_2,doc_2,doc_2,doc_2,doc_2,doc_2,doc_2,doc_2,doc_2,doc_2,doc_2,doc_2,doc_2,doc_2,doc_2,doc_2,doc_2,doc_2,doc_2,doc_2,doc_2,doc_2,doc_2,doc_2,doc_2,doc_2,doc_2,doc_2,doc_2,doc_2,doc_2,doc_2,doc_2,doc_2,doc_2,doc_2,doc_2",102
mission,"doc_2,doc_2,doc_2,doc_2,doc_2,doc_3,doc_3,doc_3,doc_3,doc_3,doc_3,doc_3,doc_3,doc_3,doc_3,doc_3,doc_3,doc_3,doc_3,doc_3,doc_3,doc_3,doc_3,doc_3,doc_3,doc_3,doc_3,doc_3,doc_3,doc_3,doc_3,doc_3,doc_3,doc_3,doc_3,doc_3,doc_3,doc_3,doc_3,doc_3,doc_3,doc_3,doc_3,doc_3,doc_3,doc_3,doc_3,doc_3,doc_3,doc_3,doc_3,doc_3,doc_3,doc_3,doc_3,doc_3,doc_3,doc_3,doc_3,doc_3,doc_3,doc_3,doc_3,doc_3,doc_3,doc_3,doc_3,doc_3,doc_3,doc_3,doc_3,doc_3,doc_3,doc_3,doc_3,doc_3,doc_3,doc_3,doc_3,doc_3,doc_3,doc_3,doc_3,doc_3,doc_3,doc_3,doc_3,doc_3,doc_3,doc_3,doc_3,doc_3,doc_3,doc_3,doc_3,doc_3,doc_3,doc_3,doc_3,doc_3,doc_3",101
mondiale,"doc_1,doc_2,doc_2,doc_2,doc_2,doc_2,doc_2,doc_2,doc_2,doc_2,doc_2,doc_2,doc_2,doc_2,doc_2,doc_2,doc_2,doc_2,doc_2,doc_2,doc_2,doc_2,doc_2,doc_2,doc_2,doc_2,doc_2,doc_2,doc_2,doc_2,doc_2,doc_2,doc_2,doc_2,doc_2,doc_2,doc_2,doc_2,doc_2,doc_2,doc_2,doc_2,doc_2,doc_2,doc_2,doc_2,doc_2,doc_2,doc_2,doc_2,doc_2,doc_2,doc_2,doc_2,doc_2,doc_2,doc_2,doc_2,doc_2,doc_2,doc_2,doc_2,doc_2,doc_2,doc_2,doc_2,doc_2,doc_2,doc_2,doc_2,doc_2,doc_2,doc_2,doc_2,doc_2,doc_2,doc_2,doc_2,doc_2,doc_2,doc_2,doc_2,doc_2,doc_2,doc_2,doc_2,doc_2,doc_2,doc_2,doc_2,doc_2,doc_2,doc_2,doc_2,doc_2,doc_2,doc_2,doc_2,doc_2,doc_2,doc_2",101
ocumentation,"doc_2,doc_2,doc_2,doc_2,doc_2,doc_2,doc_2,doc_2,doc_2,doc_2,doc_2,doc_2,doc_2,doc_2,doc_2,doc_2,doc_2,doc_2,doc_2,doc_2,doc_2,doc_2,doc_2,doc_2,doc_2,doc_2,doc_2,doc_2,doc_2,doc_2,doc_2,doc_2,doc_2,doc_2,doc_2,doc_2,doc_2,doc_2,doc_2,doc_2,doc_2,doc_2,doc_2,doc_2,doc_2,doc_2,doc_2,doc_2,doc_2,doc_2,doc_2,doc_2,doc_2,doc_2,doc_2,doc_2,doc_2,doc_2,doc_2,doc_2,doc_2,doc_2,doc_2,doc_2,doc_2,doc_2,doc_2,doc_2,doc_2,doc_2,doc_2,doc_2,doc_2,doc_2,doc_2,doc_2,doc_2,doc_2,doc_2,doc_2,doc_2,doc_2,doc_2,doc_2,doc_2,doc_2,doc_2,doc_2,doc_2,doc_2,doc_2,doc_2,doc_2,doc_2,doc_2,doc_2,doc_2,doc_2,doc_2,doc_2",100
aux,"doc_2,doc_2,doc_2,doc_2,doc_2,doc_2,doc_2,doc_2,doc_2,doc_2,doc_2,doc_2,doc_2,doc_2,doc_2,doc_2,doc_2,doc_2,doc_2,doc_2,doc_2,doc_2,doc_2,doc_2,doc_2,doc_2,doc_2,doc_2,doc_2,doc_2,doc_2,doc_2,doc_2,doc_2,doc_2,doc_2,doc_2,doc_2,doc_2,doc_2,doc_2,doc_2,doc_2,doc_2,doc_2,doc_2,doc_2,doc_2,doc_2,doc_2,doc_2,doc_2,doc_2,doc_2,doc_2,doc_2,doc_2,doc_2,doc_2,doc_2,doc_2,doc_2,doc_2,doc_2,doc_2,doc_2,doc_2,doc_2,doc_2,doc_2,doc_2,doc_2,doc_2,doc_2,doc_2,doc_3,doc_3,doc_3,doc_3,doc_3,doc_3,doc_3,doc_3,doc_3,doc_3,doc_3,doc_3,doc_3,doc_3,doc_3,doc_3,doc_3,doc_3,doc_3,doc_3,doc_3,doc_3,doc_3,doc_1",99
ssociation,"doc_2,doc_2,doc_2,doc_2,doc_2,doc_2,doc_2,doc_2,doc_2,doc_2,doc_2,doc_2,doc_2,doc_2,doc_2,doc_2,doc_2,doc_2,doc_2,doc_2,doc_2,doc_2,doc_2,doc_2,doc_2,doc_2,doc_2,doc_2,doc_2,doc_2,doc_2,doc_2,doc_2,doc_2,doc_2,doc_2,doc_2,doc_2,doc_2,doc_2,doc_2,doc_2,doc_2,doc_2,doc_2,doc_2,doc_2,doc_2,doc_2,doc_2,doc_2,doc_2,doc_2,doc_2,doc_2,doc_2,doc_2,doc_2,doc_2,doc_2,doc_2,doc_2,doc_2,doc_2,doc_2,doc_2,doc_2,doc_2,doc_2,doc_2,doc_2,doc_2,doc_2,doc_2,doc_2,doc_2,doc_2,doc_2,doc_2,doc_2,doc_2,doc_2,doc_2,doc_2,doc_2,doc_2,doc_2,doc_2,doc_2,doc_2,doc_2,doc_2,doc_2,doc_2,doc_2,doc_2,doc_2,doc_2,doc_2",99
2,"doc_1,doc_1,doc_1,doc_1,doc_1,doc_2,doc_2,doc_2,doc_2,doc_2,doc_2,doc_2,doc_2,doc_2,doc_2,doc_2,doc_2,doc_2,doc_2,doc_2,doc_2,doc_2,doc_2,doc_2,doc_2,doc_2,doc_2,doc_2,doc_2,doc_2,doc_2,doc_2,doc_2,doc_2,doc_2,doc_2,doc_2,doc_2,doc_2,doc_2,doc_2,doc_2,doc_2,doc_2,doc_2,doc_2,doc_2,doc_2,doc_2,doc_2,doc_2,doc_2,doc_2,doc_2,doc_2,doc_2,doc_2,doc_2,doc_2,doc_2,doc_2,doc_2,doc_2,doc_2,doc_2,doc_2,doc_2,doc_2,doc_2,doc_2,doc_2,doc_3,doc_3,doc_3,doc_3,doc_3,doc_3,doc_3,doc_3,doc_3,doc_3,doc_3,doc_3,doc_3,doc_3,doc_3,doc_3,doc_3,doc_3,doc_3,doc_3,doc_3,doc_3,doc_3,doc_3,doc_3",96
livre,"doc_2,doc_2,doc_3,doc_3,doc_3,doc_3,doc_3,doc_3,doc_3,doc_3,doc_3,doc_3,doc_3,doc_3,doc_3,doc_3,doc_3,doc_3,doc_3,doc_3,doc_3,doc_3,doc_3,doc_3,doc_3,doc_3,doc_3,doc_3,doc_3,doc_3,doc_3,doc_3,doc_3,doc_3,doc_3,doc_3,doc_3,doc_3,doc_3,doc_3,doc_3,doc_3,doc_3,doc_3,doc_3,doc_3,doc_3,doc_3,doc_3,doc_3,doc_3,doc_3,doc_3,doc_3,doc_3,doc_3,doc_3,doc_3,doc_3,doc_3,doc_3,doc_3,doc_3,doc_3,doc_3,doc_3,doc_3,doc_3,doc_3,doc_3,doc_3,doc_3,doc_3,doc_3,doc_3,doc_3,doc_3,doc_3,doc_1,doc_1,doc_1,doc_1,doc_1,doc_1,doc_1,doc_1,doc_1,doc_1,doc_1",89
activités,"doc_2,doc_2,doc_2,doc_2,doc_2,doc_2,doc_2,doc_2,doc_2,doc_2,doc_2,doc_3,doc_3,doc_3,doc_3,doc_3,doc_3,doc_3,doc_3,doc_3,doc_3,doc_3,doc_3,doc_3,doc_3,doc_3,doc_3,doc_3,doc_3,doc_3,doc_3,doc_3,doc_3,doc_3,doc_3,doc_3,doc_3,doc_3,doc_3,doc_3,doc_3,doc_3,doc_3,doc_3,doc_3,doc_3,doc_3,doc_3,doc_3,doc_3,doc_3,doc_3,doc_3,doc_3,doc_3,doc_3,doc_3,doc_3,doc_3,doc_3,doc_3,doc_3,doc_3,doc_3,doc_3,doc_3,doc_3,doc_3,doc_3,doc_3,doc_3,doc_3,doc_3,doc_3,doc_3,doc_3,doc_3,doc_3,doc_3,doc_3,doc_3,doc_3,doc_3,doc_3,doc_3,doc_3,doc_3",87
ans,"doc_1,doc_2,doc_2,doc_2,doc_2,doc_2,doc_2,doc_2,doc_2,doc_2,doc_2,doc_2,doc_2,doc_2,doc_2,doc_2,doc_2,doc_2,doc_2,doc_2,doc_2,doc_2,doc_2,doc_2,doc_2,doc_2,doc_2,doc_2,doc_2,doc_2,doc_2,doc_2,doc_2,doc_2,doc_2,doc_2,doc_2,doc_2,doc_2,doc_2,doc_2,doc_2,doc_2,doc_2,doc_2,doc_2,doc_2,doc_2,doc_2,doc_2,doc_2,doc_2,doc_2,doc_2,doc_2,doc_2,doc_2,doc_2,doc_3,doc_3,doc_3,doc_3,doc_3,doc_3,doc_3,doc_3,doc_3,doc_3,doc_3,doc_3,doc_3,doc_3,doc_3,doc_3,doc_3,doc_3,doc_3,doc_3,doc_3,doc_3,doc_3,doc_3,doc_3,doc_3,doc_3,doc_3",86
chaque,"doc_2,doc_2,doc_2,doc_2,doc_2,doc_2,doc_2,doc_2,doc_2,doc_2,doc_2,doc_2,doc_2,doc_2,doc_2,doc_2,doc_2,doc_2,doc_2,doc_2,doc_2,doc_2,doc_2,doc_2,doc_2,doc_2,doc_2,doc_2,doc_2,doc_2,doc_3,doc_3,doc_3,doc_3,doc_3,doc_3,doc_3,doc_3,doc_3,doc_3,doc_3,doc_3,doc_3,doc_3,doc_3,doc_3,doc_3,doc_3,doc_3,doc_3,doc_3,doc_3,doc_3,doc_3,doc_3,doc_3,doc_3,doc_3,doc_3,doc_3,doc_3,doc_3,doc_3,doc_3,doc_3,doc_3,doc_3,doc_3,doc_3,doc_3,doc_3,doc_3,doc_3,doc_3,doc_3,doc_3,doc_3,doc_3,doc_3,doc_3,doc_3,doc_3,doc_3,doc_3,doc_3,doc_1",86
cest,"doc_1,doc_1,doc_1,doc_1,doc_2,doc_2,doc_2,doc_2,doc_2,doc_2,doc_2,doc_2,doc_2,doc_2,doc_2,doc_2,doc_2,doc_2,doc_2,doc_2,doc_2,doc_2,doc_2,doc_2,doc_2,doc_3,doc_3,doc_3,doc_3,doc_3,doc_3,doc_3,doc_3,doc_3,doc_3,doc_3,doc_3,doc_3,doc_3,doc_3,doc_3,doc_3,doc_3,doc_3,doc_3,doc_3,doc_3,doc_3,doc_3,doc_3,doc_3,doc_3,doc_3,doc_3,doc_3,doc_3,doc_3,doc_3,doc_3,doc_3,doc_3,doc_3,doc_3,doc_3,doc_3,doc_3,doc_3,doc_3,doc_3,doc_3,doc_3,doc_3,doc_3,doc_3,doc_3,doc_3,doc_3,doc_3,doc_3,doc_3,doc_3,doc_3,doc_3,doc_3",84
peux,"doc_1,doc_2,doc_2,doc_2,doc_2,doc_2,doc_2,doc_2,doc_2,doc_2,doc_2,doc_2,doc_2,doc_2,doc_2,doc_2,doc_2,doc_2,doc_2,doc_2,doc_2,doc_3,doc_3,doc_3,doc_3,doc_3,doc_3,doc_3,doc_3,doc_3,doc_3,doc_3,doc_3,doc_3,doc_3,doc_3,doc_3,doc_3,doc_3,doc_3,doc_3,doc_3,doc_3,doc_3,doc_3,doc_3,doc_3,doc_3,doc_3,doc_3,doc_3,doc_3,doc_3,doc_3,doc_3,doc_3,doc_3,doc_3,doc_3,doc_3,doc_3,doc_3,doc_3,doc_3,doc_3,doc_3,doc_3,doc_3,doc_3,doc_3,doc_3,doc_3,doc_3,doc_3,doc_3,doc_3,doc_3,doc_3,doc_3,doc_3,doc_3,doc_3,doc_3,doc_3",84
3,"doc_2,doc_2,doc_2,doc_2,doc_2,doc_2,doc_2,doc_2,doc_2,doc_2,doc_2,doc_2,doc_2,doc_2,doc_2,doc_2,doc_2,doc_2,doc_2,doc_2,doc_2,doc_2,doc_2,doc_2,doc_2,doc_2,doc_2,doc_2,doc_2,doc_2,doc_2,doc_2,doc_2,doc_2,doc_2,doc_2,doc_2,doc_2,doc_2,doc_2,doc_2,doc_2,doc_2,doc_2,doc_2,doc_2,doc_2,doc_2,doc_2,doc_2,doc_2,doc_2,doc_2,doc_2,doc_2,doc_2,doc_2,doc_3,doc_3,doc_3,doc_3,doc_3,doc_3,doc_3,doc_3,doc_3,doc_3,doc_3,doc_3,doc_3,doc_3,doc_3,doc_3,doc_3,doc_3,doc_3,doc_3,doc_3,doc_1,doc_1,doc_1,doc_1,doc_1",83
i,"doc_1,doc_1,doc_2,doc_2,doc_2,doc_2,doc_2,doc_2,doc_2,doc_2,doc_2,doc_2,doc_2,doc_2,doc_2,doc_2,doc_2,doc_2,doc_2,doc_2,doc_2,doc_2,doc_2,doc_2,doc_2,doc_2,doc_2,doc_3,doc_3,doc_3,doc_3,doc_3,doc_3,doc_3,doc_3,doc_3,doc_3,doc_3,doc_3,doc_3,doc_3,doc_3,doc_3,doc_3,doc_3,doc_3,doc_3,doc_3,doc_3,doc_3,doc_3,doc_3,doc_3,doc_3,doc_3,doc_3,doc_3,doc_3,doc_3,doc_3,doc_3,doc_3,doc_3,doc_3,doc_3,doc_3,doc_3,doc_3,doc_3,doc_3,doc_3,doc_3,doc_3,doc_3,doc_3,doc_3,doc_3,doc_3,doc_3,doc_3,doc_3,doc_3,doc_3",83
personne,"doc_1,doc_2,doc_2,doc_2,doc_2,doc_2,doc_2,doc_2,doc_2,doc_2,doc_2,doc_2,doc_2,doc_2,doc_2,doc_2,doc_2,doc_2,doc_2,doc_2,doc_2,doc_2,doc_2,doc_2,doc_2,doc_2,doc_2,doc_2,doc_2,doc_2,doc_2,doc_2,doc_2,doc_2,doc_2,doc_2,doc_2,doc_2,doc_2,doc_2,doc_2,doc_2,doc_2,doc_2,doc_2,doc_2,doc_2,doc_2,doc_2,doc_2,doc_2,doc_3,doc_3,doc_3,doc_3,doc_3,doc_3,doc_3,doc_3,doc_3,doc_3,doc_3,doc_3,doc_3,doc_3,doc_3,doc_3,doc_3,doc_3,doc_3,doc_3,doc_3,doc_3,doc_3,doc_3,doc_3,doc_3,doc_3,doc_3,doc_3,doc_3,doc_3",82
aussi,"doc_1,doc_1,doc_2,doc_2,doc_2,doc_2,doc_2,doc_2,doc_2,doc_2,doc_2,doc_2,doc_2,doc_2,doc_2,doc_2,doc_2,doc_2,doc_2,doc_2,doc_2,doc_2,doc_3,doc_3,doc_3,doc_3,doc_3,doc_3,doc_3,doc_3,doc_3,doc_3,doc_3,doc_3,doc_3,doc_3,doc_3,doc_3,doc_3,doc_3,doc_3,doc_3,doc_3,doc_3,doc_3,doc_3,doc_3,doc_3,doc_3,doc_3,doc_3,doc_3,doc_3,doc_3,doc_3,doc_3,doc_3,doc_3,doc_3,doc_3,doc_3,doc_3,doc_3,doc_3,doc_3,doc_3,doc_3,doc_3,doc_3,doc_3,doc_3,doc_3,doc_3,doc_3,doc_3,doc_3,doc_3",77
leurs,"doc_1,doc_1,doc_1,doc_2,doc_2,doc_2,doc_2,doc_2,doc_2,doc_2,doc_2,doc_2,doc_2,doc_2,doc_2,doc_2,doc_2,doc_2,doc_2,doc_2,doc_2,doc_2,doc_2,doc_2,doc_2,doc_2,doc_2,doc_2,doc_2,doc_2,doc_2,doc_2,doc_2,doc_2,doc_2,doc_2,doc_2,doc_2,doc_2,doc_2,doc_2,doc_2,doc_2,doc_2,doc_2,doc_2,doc_2,doc_2,doc_2,doc_2,doc_2,doc_2,doc_2,doc_2,doc_2,doc_2,doc_2,doc_2,doc_2,doc_2,doc_2,doc_2,doc_2,doc_2,doc_2,doc_3,doc_3,doc_3,doc_3,doc_3,doc_3,doc_3,doc_3,doc_3,doc_3,doc_3,doc_3",77
u,"doc_2,doc_2,doc_2,doc_2,doc_2,doc_2,doc_2,doc_2,doc_2,doc_2,doc_2,doc_3,doc_3,doc_3,doc_3,doc_3,doc_3,doc_3,doc_3,doc_3,doc_3,doc_3,doc_3,doc_3,doc_3,doc_3,doc_3,doc_3,doc_3,doc_3,doc_3,doc_3,doc_3,doc_3,doc_3,doc_3,doc_3,doc_3,doc_3,doc_3,doc_3,doc_3,doc_3,doc_3,doc_3,doc_3,doc_3,doc_3,doc_3,doc_3,doc_3,doc_3,doc_3,doc_3,doc_3,doc_3,doc_3,doc_3,doc_3,doc_3,doc_3,doc_3,doc_3,doc_3,doc_3,doc_3,doc_3,doc_3,doc_3,doc_3,doc_3,doc_3,doc_3,doc_3,doc_3,doc_3,doc_3",77
fait,"doc_1,doc_1,doc_1,doc_2,doc_2,doc_2,doc_2,doc_2,doc_2,doc_2,doc_2,doc_2,doc_2,doc_2,doc_2,doc_2,doc_2,doc_2,doc_2,doc_2,doc_2,doc_2,doc_2,doc_2,doc_2,doc_2,doc_3,doc_3,doc_3,doc_3,doc_3,doc_3,doc_3,doc_3,doc_3,doc_3,doc_3,doc_3,doc_3,doc_3,doc_3,doc_3,doc_3,doc_3,doc_3,doc_3,doc_3,doc_3,doc_3,doc_3,doc_3,doc_3,doc_3,doc_3,doc_3,doc_3,doc_3,doc_3,doc_3,doc_3,doc_3,doc_3,doc_3,doc_3,doc_3,doc_3,doc_3,doc_3,doc_3,doc_3,doc_3,doc_3,doc_3,doc_3,doc_3,doc_3",76
quil,"doc_1,doc_2,doc_2,doc_2,doc_2,doc_2,doc_2,doc_2,doc_2,doc_2,doc_2,doc_2,doc_2,doc_2,doc_2,doc_2,doc_2,doc_2,doc_2,doc_2,doc_2,doc_2,doc_2,doc_2,doc_2,doc_2,doc_2,doc_2,doc_2,doc_2,doc_3,doc_3,doc_3,doc_3,doc_3,doc_3,doc_3,doc_3,doc_3,doc_3,doc_3,doc_3,doc_3,doc_3,doc_3,doc_3,doc_3,doc_3,doc_3,doc_3,doc_3,doc_3,doc_3,doc_3,doc_3,doc_3,doc_3,doc_3,doc_3,doc_3,doc_3,doc_3,doc_3,doc_3,doc_3,doc_3,doc_3,doc_3,doc_3,doc_3,doc_3,doc_3,doc_3,doc_3",74
dautres,"doc_1,doc_1,doc_1,doc_1,doc_2,doc_2,doc_2,doc_2,doc_2,doc_2,doc_2,doc_2,doc_2,doc_2,doc_2,doc_2,doc_2,doc_2,doc_2,doc_2,doc_2,doc_2,doc_2,doc_2,doc_2,doc_2,doc_2,doc_2,doc_2,doc_2,doc_2,doc_2,doc_2,doc_2,doc_2,doc_2,doc_3,doc_3,doc_3,doc_3,doc_3,doc_3,doc_3,doc_3,doc_3,doc_3,doc_3,doc_3,doc_3,doc_3,doc_3,doc_3,doc_3,doc_3,doc_3,doc_3,doc_3,doc_3,doc_3,doc_3,doc_3,doc_3,doc_3,doc_3,doc_3,doc_3,doc_3,doc_3,doc_3,doc_3",70
développement,"doc_1,doc_1,doc_2,doc_2,doc_2,doc_2,doc_2,doc_2,doc_2,doc_2,doc_2,doc_2,doc_2,doc_2,doc_2,doc_2,doc_2,doc_2,doc_2,doc_2,doc_2,doc_2,doc_2,doc_2,doc_2,doc_2,doc_2,doc_2,doc_2,doc_2,doc_3,doc_3,doc_3,doc_3,doc_3,doc_3,doc_3,doc_3,doc_3,doc_3,doc_3,doc_3,doc_3,doc_3,doc_3,doc_3,doc_3,doc_3,doc_3,doc_3,doc_3,doc_3,doc_3,doc_3,doc_3,doc_3,doc_3,doc_3,doc_3,doc_3,doc_3,doc_3,doc_3,doc_3,doc_3,doc_3,doc_3,doc_3",68
y,"doc_1,doc_1,doc_1,doc_2,doc_2,doc_2,doc_2,doc_2,doc_2,doc_2,doc_2,doc_2,doc_2,doc_2,doc_2,doc_2,doc_2,doc_2,doc_2,doc_2,doc_2,doc_2,doc_2,doc_2,doc_2,doc_2,doc_2,doc_2,doc_3,doc_3,doc_3,doc_3,doc_3,doc_3,doc_3,doc_3,doc_3,doc_3,doc_3,doc_3,doc_3,doc_3,doc_3,doc_3,doc_3,doc_3,doc_3,doc_3,doc_3,doc_3,doc_3,doc_3,doc_3,doc_3,doc_3,doc_3,doc_3,doc_3,doc_3,doc_3,doc_3,doc_3,doc_3,doc_3,doc_3,doc_3,doc_3,doc_3",68
jai,"doc_1,doc_1,doc_2,doc_2,doc_2,doc_2,doc_2,doc_2,doc_2,doc_2,doc_2,doc_2,doc_2,doc_2,doc_2,doc_3,doc_3,doc_3,doc_3,doc_3,doc_3,doc_3,doc_3,doc_3,doc_3,doc_3,doc_3,doc_3,doc_3,doc_3,doc_3,doc_3,doc_3,doc_3,doc_3,doc_3,doc_3,doc_3,doc_3,doc_3,doc_3,doc_3,doc_3,doc_3,doc_3,doc_3,doc_3,doc_3,doc_3,doc_3,doc_3,doc_3,doc_3,doc_3,doc_3,doc_3,doc_3,doc_3,doc_3,doc_3,doc_3,doc_3,doc_3,doc_3,doc_3,doc_3,doc_3",67
jour,"doc_2,doc_2,doc_2,doc_2,doc_3,doc_3,doc_3,doc_3,doc_3,doc_3,doc_3,doc_3,doc_3,doc_3,doc_3,doc_3,doc_3,doc_3,doc_3,doc_3,doc_3,doc_3,doc_3,doc_3,doc_3,doc_3,doc_3,doc_3,doc_3,doc_3,doc_3,doc_3,doc_3,doc_3,doc_3,doc_3,doc_3,doc_3,doc_3,doc_3,doc_3,doc_3,doc_3,doc_3,doc_3,doc_3,doc_3,doc_3,doc_3,doc_3,doc_3,doc_3,doc_3,doc_3,doc_3,doc_3,doc_3,doc_3,doc_3,doc_3,doc_3,doc_3,doc_3,doc_3,doc_3,doc_1",66
personnes,"doc_1,doc_1,doc_1,doc_1,doc_1,doc_1,doc_1,doc_2,doc_2,doc_2,doc_2,doc_2,doc_2,doc_2,doc_2,doc_2,doc_2,doc_2,doc_2,doc_2,doc_2,doc_2,doc_2,doc_2,doc_2,doc_2,doc_2,doc_2,doc_2,doc_2,doc_2,doc_2,doc_2,doc_2,doc_2,doc_2,doc_2,doc_3,doc_3,doc_3,doc_3,doc_3,doc_3,doc_3,doc_3,doc_3,doc_3,doc_3,doc_3,doc_3,doc_3,doc_3,doc_3,doc_3,doc_3,doc_3,doc_3,doc_3,doc_3,doc_3,doc_3,doc_3,doc_3,doc_3,doc_3,doc_3",66
avez,"doc_1,doc_2,doc_2,doc_2,doc_2,doc_2,doc_2,doc_2,doc_2,doc_2,doc_2,doc_2,doc_2,doc_2,doc_2,doc_2,doc_2,doc_2,doc_2,doc_2,doc_2,doc_2,doc_2,doc_2,doc_2,doc_2,doc_2,doc_2,doc_2,doc_2,doc_2,doc_2,doc_2,doc_2,doc_2,doc_2,doc_2,doc_2,doc_2,doc_2,doc_2,doc_2,doc_2,doc_2,doc_2,doc_2,doc_2,doc_2,doc_2,doc_2,doc_2,doc_2,doc_2,doc_2,doc_2,doc_2,doc_2,doc_2,doc_2,doc_2,doc_2,doc_2,doc_3",63
sens,"doc_2,doc_2,doc_2,doc_2,doc_2,doc_2,doc_2,doc_2,doc_2,doc_2,doc_2,doc_2,doc_2,doc_2,doc_2,doc_2,doc_2,doc_2,doc_2,doc_2,doc_3,doc_3,doc_3,doc_3,doc_3,doc_3,doc_3,doc_3,doc_3,doc_3,doc_3,doc_3,doc_3,doc_3,doc_3,doc_3,doc_3,doc_3,doc_3,doc_3,doc_3,doc_3,doc_3,doc_3,doc_3,doc_3,doc_3,doc_3,doc_3,doc_3,doc_3,doc_3,doc_3,doc_3,doc_3,doc_3,doc_3,doc_3,doc_3,doc_3,doc_3,doc_3,doc_3",63
cela,"doc_2,doc_2,doc_2,doc_2,doc_2,doc_2,doc_2,doc_2,doc_2,doc_2,doc_2,doc_2,doc_2,doc_2,doc_2,doc_2,doc_2,doc_2,doc_2,doc_2,doc_2,doc_2,doc_2,doc_2,doc_2,doc_2,doc_2,doc_3,doc_3,doc_3,doc_3,doc_3,doc_3,doc_3,doc_3,doc_3,doc_3,doc_3,doc_3,doc_3,doc_3,doc_3,doc_3,doc_3,doc_3,doc_3,doc_3,doc_3,doc_3,doc_3,doc_3,doc_3,doc_3,doc_3,doc_3,doc_3,doc_3,doc_3,doc_3,doc_3,doc_3,doc_3",62
tous,"doc_1,doc_1,doc_2,doc_2,doc_2,doc_2,doc_2,doc_2,doc_2,doc_2,doc_2,doc_2,doc_2,doc_2,doc_2,doc_2,doc_2,doc_2,doc_2,doc_2,doc_2,doc_2,doc_2,doc_3,doc_3,doc_3,doc_3,doc_3,doc_3,doc_3,doc_3,doc_3,doc_3,doc_3,doc_3,doc_3,doc_3,doc_3,doc_3,doc_3,doc_3,doc_3,doc_3,doc_3,doc_3,doc_3,doc_3,doc_3,doc_3,doc_3,doc_3,doc_3,doc_3,doc_3,doc_3,doc_3,doc_3,doc_3,doc_3,doc_3,doc_3",61
but,"doc_1,doc_1,doc_2,doc_2,doc_2,doc_2,doc_2,doc_2,doc_2,doc_2,doc_2,doc_2,doc_2,doc_2,doc_2,doc_2,doc_2,doc_2,doc_2,doc_2,doc_2,doc_2,doc_2,doc_2,doc_2,doc_2,doc_2,doc_2,doc_2,doc_2,doc_2,doc_2,doc_2,doc_2,doc_2,doc_2,doc_2,doc_2,doc_2,doc_2,doc_2,doc_2,doc_2,doc_2,doc_2,doc_2,doc_2,doc_2,doc_2,doc_2,doc_3,doc_3,doc_3,doc_3,doc_3,doc_3,doc_3,doc_3,doc_3",59
dune,"doc_2,doc_2,doc_2,doc_2,doc_2,doc_2,doc_2,doc_2,doc_2,doc_2,doc_2,doc_2,doc_2,doc_2,doc_2,doc_2,doc_2,doc_2,doc_2,doc_2,doc_2,doc_2,doc_2,doc_2,doc_2,doc_2,doc_2,doc_2,doc_2,doc_2,doc_2,doc_2,doc_2,doc_2,doc_2,doc_3,doc_3,doc_3,doc_3,doc_3,doc_3,doc_3,doc_3,doc_3,doc_3,doc_3,doc_3,doc_3,doc_3,doc_3,doc_3,doc_3,doc_3,doc_3,doc_3,doc_3,doc_1,doc_1,doc_1",59
dun,"doc_1,doc_1,doc_1,doc_1,doc_1,doc_1,doc_1,doc_1,doc_2,doc_2,doc_2,doc_2,doc_2,doc_2,doc_2,doc_2,doc_2,doc_2,doc_2,doc_2,doc_2,doc_2,doc_2,doc_2,doc_2,doc_2,doc_2,doc_2,doc_2,doc_2,doc_2,doc_2,doc_2,doc_3,doc_3,doc_3,doc_3,doc_3,doc_3,doc_3,doc_3,doc_3,doc_3,doc_3,doc_3,doc_3,doc_3,doc_3,doc_3,doc_3,doc_3,doc_3,doc_3,doc_3,doc_3,doc_3,doc_3,doc_3",58
5,"doc_2,doc_2,doc_2,doc_2,doc_2,doc_2,doc_2,doc_2,doc_2,doc_2,doc_2,doc_2,doc_2,doc_2,doc_2,doc_2,doc_2,doc_2,doc_2,doc_2,doc_2,doc_2,doc_2,doc_2,doc_2,doc_2,doc_2,doc_2,doc_2,doc_2,doc_2,doc_2,doc_2,doc_2,doc_2,doc_2,doc_2,doc_2,doc_2,doc_2,doc_2,doc_2,doc_2,doc_2,doc_2,doc_2,doc_2,doc_3,doc_3,doc_3,doc_3,doc_3,doc_3,doc_3,doc_3,doc_1,doc_1",57
travail,"doc_1,doc_2,doc_2,doc_2,doc_2,doc_2,doc_2,doc_2,doc_2,doc_2,doc_2,doc_2,doc_2,doc_2,doc_2,doc_2,doc_2,doc_2,doc_2,doc_2,doc_2,doc_2,doc_2,doc_2,doc_2,doc_2,doc_2,doc_2,doc_2,doc_2,doc_2,doc_2,doc_3,doc_3,doc_3,doc_3,doc_3,doc_3,doc_3,doc_3,doc_3,doc_3,doc_3,doc_3,doc_3,doc_3,doc_3,doc_3,doc_3,doc_3,doc_3,doc_3,doc_3,doc_3,doc_3,doc_3,doc_3",57
objectifs,"doc_2,doc_2,doc_2,doc_2,doc_2,doc_2,doc_2,doc_2,doc_2,doc_2,doc_2,doc_2,doc_2,doc_2,doc_2,doc_2,doc_2,doc_2,doc_2,doc_2,doc_2,doc_2,doc_2,doc_2,doc_2,doc_2,doc_2,doc_2,doc_2,doc_2,doc_2,doc_2,doc_2,doc_2,doc_2,doc_2,doc_2,doc_2,doc_2,doc_2,doc_2,doc_2,doc_2,doc_2,doc_2,doc_2,doc_2,doc_3,doc_3,doc_3,doc_3,doc_3,doc_3,doc_3,doc_3",55
ous,"doc_2,doc_2,doc_2,doc_2,doc_2,doc_2,doc_2,doc_2,doc_2,doc_2,doc_2,doc_2,doc_2,doc_2,doc_2,doc_2,doc_2,doc_2,doc_2,doc_2,doc_2,doc_2,doc_2,doc_2,doc_2,doc_2,doc_2,doc_2,doc_2,doc_2,doc_2,doc_2,doc_2,doc_2,doc_2,doc_2,doc_2,doc_2,doc_2,doc_2,doc_3,doc_3,doc_3,doc_3,doc_3,doc_3,doc_3,doc_3,doc_3,doc_3,doc_3,doc_3,doc_3,doc_3,doc_3",55
toutes,"doc_1,doc_2,doc_2,doc_2,doc_2,doc_2,doc_2,doc_2,doc_2,doc_2,doc_2,doc_2,doc_2,doc_2,doc_2,doc_2,doc_2,doc_3,doc_3,doc_3,doc_3,doc_3,doc_3,doc_3,doc_3,doc_3,doc_3,doc_3,doc_3,doc_3,doc_3,doc_3,doc_3,doc_3,doc_3,doc_3,doc_3,doc_3,doc_3,doc_3,doc_3,doc_3,doc_3,doc_3,doc_3,doc_3,doc_3,doc_3,doc_3,doc_3,doc_3,doc_3,doc_3,doc_3,doc_3",55
suis,"doc_1,doc_2,doc_2,doc_2,doc_2,doc_2,doc_2,doc_2,doc_2,doc_2,doc_2,doc_2,doc_2,doc_2,doc_2,doc_2,doc_2,doc_2,doc_2,doc_2,doc_2,doc_2,doc_2,doc_3,doc_3,doc_3,doc_3,doc_3,doc_3,doc_3,doc_3,doc_3,doc_3,doc_3,doc_3,doc_3,doc_3,doc_3,doc_3,doc_3,doc_3,doc_3,doc_3,doc_3,doc_3,doc_3,doc_3,doc_3,doc_3,doc_3,doc_3,doc_3,doc_3,doc_3",54
prendre,"doc_1,doc_1,doc_2,doc_2,doc_2,doc_2,doc_2,doc_2,doc_2,doc_2,doc_2,doc_2,doc_2,doc_2,doc_2,doc_2,doc_3,doc_3,doc_3,doc_3,doc_3,doc_3,doc_3,doc_3,doc_3,doc_3,doc_3,doc_3,doc_3,doc_3,doc_3,doc_3,doc_3,doc_3,doc_3,doc_3,doc_3,doc_3,doc_3,doc_3,doc_3,doc_3,doc_3,doc_3,doc_3,doc_3,doc_3,doc_3,doc_3,doc_3,doc_3,doc_3,doc_3",53
été,"doc_1,doc_1,doc_1,doc_1,doc_2,doc_2,doc_2,doc_2,doc_2,doc_2,doc_2,doc_2,doc_2,doc_2,doc_2,doc_2,doc_2,doc_2,doc_2,doc_2,doc_2,doc_2,doc_2,doc_2,doc_2,doc_2,doc_2,doc_2,doc_2,doc_2,doc_2,doc_2,doc_3,doc_3,doc_3,doc_3,doc_3,doc_3,doc_3,doc_3,doc_3,doc_3,doc_3,doc_3,doc_3,doc_3,doc_3,doc_3,doc_3,doc_3,doc_3,doc_3,doc_3",53
4,"doc_1,doc_1,doc_2,doc_2,doc_2,doc_2,doc_2,doc_2,doc_2,doc_2,doc_2,doc_2,doc_2,doc_2,doc_2,doc_2,doc_2,doc_2,doc_2,doc_2,doc_2,doc_2,doc_2,doc_2,doc_2,doc_2,doc_2,doc_2,doc_2,doc_2,doc_2,doc_2,doc_2,doc_2,doc_2,doc_2,doc_2,doc_2,doc_2,doc_2,doc_2,doc_2,doc_2,doc_2,doc_3,doc_3,doc_3,doc_3,doc_3,doc_3,doc_3,doc_3",52
comportement,"doc_1,doc_1,doc_2,doc_2,doc_2,doc_2,doc_2,doc_2,doc_2,doc_2,doc_2,doc_2,doc_2,doc_2,doc_2,doc_2,doc_2,doc_2,doc_2,doc_2,doc_2,doc_2,doc_2,doc_2,doc_2,doc_2,doc_2,doc_2,doc_2,doc_2,doc_2,doc_2,doc_2,doc_2,doc_2,doc_2,doc_2,doc_2,doc_2,doc_2,doc_2,doc_2,doc_2,doc_2,doc_2,doc_2,doc_2,doc_2,doc_2,doc_2,doc_2,doc_2",52
propre,"doc_2,doc_2,doc_2,doc_2,doc_2,doc_2,doc_2,doc_2,doc_2,doc_2,doc_2,doc_2,doc_2,doc_2,doc_2,doc_2,doc_2,doc_2,doc_2,doc_2,doc_2,doc_2,doc_2,doc_2,doc_3,doc_3,doc_3,doc_3,doc_3,doc_3,doc_3,doc_3,doc_3,doc_3,doc_3,doc_3,doc_3,doc_3,doc_3,doc_3,doc_3,doc_3,doc_3,doc_3,doc_3,doc_3,doc_3,doc_3,doc_3,doc_3,doc_3",51
tant,"doc_2,doc_2,doc_2,doc_2,doc_2,doc_2,doc_2,doc_2,doc_2,doc_2,doc_2,doc_2,doc_2,doc_2,doc_2,doc_2,doc_2,doc_2,doc_2,doc_2,doc_2,doc_2,doc_2,doc_2,doc_2,doc_2,doc_2,doc_2,doc_2,doc_2,doc_3,doc_3,doc_3,doc_3,doc_3,doc_3,doc_3,doc_3,doc_3,doc_3,doc_3,doc_3,doc_3,doc_3,doc_3,doc_3,doc_3,doc_3,doc_3,doc_3,doc_1",51
alors,"doc_1,doc_1,doc_2,doc_2,doc_2,doc_2,doc_2,doc_2,doc_2,doc_2,doc_2,doc_2,doc_2,doc_2,doc_2,doc_2,doc_2,doc_2,doc_3,doc_3,doc_3,doc_3,doc_3,doc_3,doc_3,doc_3,doc_3,doc_3,doc_3,doc_3,doc_3,doc_3,doc_3,doc_3,doc_3,doc_3,doc_3,doc_3,doc_3,doc_3,doc_3,doc_3,doc_3,doc_3,doc_3,doc_3,doc_3,doc_3,doc_3,doc_3",50
individus,"doc_2,doc_2,doc_2,doc_2,doc_2,doc_2,doc_2,doc_2,doc_2,doc_2,doc_2,doc_2,doc_2,doc_2,doc_2,doc_2,doc_2,doc_2,doc_2,doc_2,doc_2,doc_2,doc_2,doc_2,doc_2,doc_2,doc_2,doc_2,doc_2,doc_2,doc_2,doc_2,doc_2,doc_2,doc_2,doc_2,doc_2,doc_2,doc_2,doc_2,doc_2,doc_2,doc_2,doc_2,doc_2,doc_2,doc_2,doc_2,doc_2,doc_1",50
nos,"doc_2,doc_2,doc_2,doc_2,doc_2,doc_2,doc_2,doc_2,doc_2,doc_2,doc_2,doc_2,doc_2,doc_2,doc_2,doc_2,doc_2,doc_2,doc_2,doc_2,doc_2,doc_2,doc_2,doc_2,doc_2,doc_2,doc_2,doc_2,doc_2,doc_2,doc_2,doc_2,doc_2,doc_2,doc_2,doc_3,doc_3,doc_3,doc_3,doc_3,doc_3,doc_3,doc_3,doc_3,doc_3,doc_3,doc_3,doc_3,doc_3,doc_1",50
xercice,"doc_2,doc_2,doc_2,doc_2,doc_2,doc_2,doc_2,doc_2,doc_2,doc_2,doc_2,doc_2,doc_2,doc_2,doc_2,doc_2,doc_2,doc_2,doc_2,doc_2,doc_2,doc_2,doc_2,doc_2,doc_2,doc_2,doc_2,doc_2,doc_2,doc_2,doc_2,doc_2,doc_2,doc_2,doc_2,doc_2,doc_2,doc_2,doc_2,doc_2,doc_2,doc_2,doc_2,doc_2,doc_2,doc_2,doc_2,doc_2,doc_2",49
besoins,"doc_2,doc_2,doc_2,doc_2,doc_2,doc_2,doc_2,doc_2,doc_2,doc_2,doc_2,doc_2,doc_2,doc_2,doc_2,doc_2,doc_2,doc_2,doc_2,doc_2,doc_2,doc_2,doc_2,doc_2,doc_2,doc_2,doc_2,doc_2,doc_2,doc_2,doc_2,doc_2,doc_2,doc_2,doc_2,doc_2,doc_2,doc_2,doc_2,doc_2,doc_2,doc_2,doc_2,doc_2,doc_2,doc_2,doc_3,doc_3",48
our,"doc_2,doc_2,doc_2,doc_2,doc_2,doc_2,doc_2,doc_2,doc_2,doc_2,doc_2,doc_2,doc_2,doc_2,doc_2,doc_2,doc_2,doc_2,doc_2,doc_2,doc_2,doc_2,doc_3,doc_3,doc_3,doc_3,doc_3,doc_3,doc_3,doc_3,doc_3,doc_3,doc_3,doc_3,doc_3,doc_3,doc_3,doc_3,doc_3,doc_3,doc_3,doc_3,doc_3,doc_3,doc_3,doc_3,doc_3,doc_3",48
questions,"doc_1,doc_2,doc_2,doc_2,doc_2,doc_2,doc_2,doc_2,doc_2,doc_2,doc_2,doc_2,doc_2,doc_2,doc_2,doc_2,doc_2,doc_2,doc_2,doc_2,doc_2,doc_3,doc_3,doc_3,doc_3,doc_3,doc_3,doc_3,doc_3,doc_3,doc_3,doc_3,doc_3,doc_3,doc_3,doc_3,doc_3,doc_3,doc_3,doc_3,doc_3,doc_3,doc_3,doc_3,doc_3,doc_3,doc_3,doc_3",48
ai,"doc_1,doc_2,doc_2,doc_2,doc_2,doc_2,doc_2,doc_2,doc_2,doc_2,doc_2,doc_2,doc_2,doc_2,doc_2,doc_2,doc_2,doc_2,doc_2,doc_2,doc_2,doc_2,doc_2,doc_2,doc_2,doc_3,doc_3,doc_3,doc_3,doc_3,doc_3,doc_3,doc_3,doc_3,doc_3,doc_3,doc_3,doc_3,doc_3,doc_3,doc_3,doc_3,doc_3,doc_3,doc_3,doc_3,doc_3",47
place,"doc_2,doc_2,doc_2,doc_2,doc_2,doc_3,doc_3,doc_3,doc_3,doc_3,doc_3,doc_3,doc_3,doc_3,doc_3,doc_3,doc_3,doc_3,doc_3,doc_3,doc_3,doc_3,doc_3,doc_3,doc_3,doc_3,doc_3,doc_3,doc_3,doc_3,doc_3,doc_3,doc_3,doc_3,doc_3,doc_3,doc_3,doc_3,doc_3,doc_3,doc_3,doc_3,doc_3,doc_3,doc_3,doc_3,doc_3",47
groupe,"doc_2,doc_2,doc_2,doc_2,doc_2,doc_2,doc_2,doc_2,doc_2,doc_2,doc_2,doc_2,doc_2,doc_2,doc_2,doc_2,doc_2,doc_2,doc_2,doc_2,doc_2,doc_2,doc_2,doc_2,doc_2,doc_2,doc_2,doc_2,doc_2,doc_2,doc_2,doc_2,doc_2,doc_2,doc_2,doc_2,doc_2,doc_2,doc_2,doc_2,doc_2,doc_2,doc_2,doc_2,doc_2,doc_2",46
monde,"doc_1,doc_1,doc_2,doc_2,doc_2,doc_2,doc_2,doc_2,doc_2,doc_2,doc_2,doc_2,doc_2,doc_2,doc_2,doc_2,doc_2,doc_2,doc_2,doc_2,doc_2,doc_3,doc_3,doc_3,doc_3,doc_3,doc_3,doc_3,doc_3,doc_3,doc_3,doc_3,doc_3,doc_3,doc_3,doc_3,doc_3,doc_3,doc_3,doc_3,doc_3,doc_3,doc_3,doc_3,doc_3,doc_3",46
compétences,"doc_2,doc_2,doc_2,doc_2,doc_2,doc_2,doc_2,doc_2,doc_2,doc_2,doc_2,doc_2,doc_2,doc_2,doc_2,doc_2,doc_2,doc_2,doc_2,doc_2,doc_2,doc_2,doc_2,doc_2,doc_2,doc_2,doc_2,doc_2,doc_2,doc_2,doc_2,doc_2,doc_2,doc_2,doc_2,doc_2,doc_2,doc_2,doc_2,doc_2,doc_2,doc_2,doc_3,doc_3",44
exercice,"doc_2,doc_2,doc_2,doc_2,doc_2,doc_2,doc_2,doc_2,doc_2,doc_2,doc_2,doc_2,doc_2,doc_2,doc_2,doc_2,doc_2,doc_2,doc_2,doc_2,doc_2,doc_2,doc_2,doc_2,doc_2,doc_2,doc_2,doc_2,doc_2,doc_2,doc_2,doc_2,doc_2,doc_2,doc_2,doc_2,doc_2,doc_3,doc_3,doc_3,doc_3,doc_3,doc_3,doc_3",44
as,"doc_2,doc_3,doc_3,doc_3,doc_3,doc_3,doc_3,doc_3,doc_3,doc_3,doc_3,doc_3,doc_3,doc_3,doc_3,doc_3,doc_3,doc_3,doc_3,doc_3,doc_3,doc_3,doc_3,doc_3,doc_3,doc_3,doc_3,doc_3,doc_3,doc_3,doc_3,doc_3,doc_3,doc_3,doc_3,doc_3,doc_3,doc_3,doc_3,doc_3,doc_3,doc_3,doc_3",43
chose,"doc_1,doc_1,doc_2,doc_2,doc_2,doc_2,doc_2,doc_2,doc_2,doc_2,doc_2,doc_2,doc_2,doc_2,doc_2,doc_2,doc_2,doc_2,doc_2,doc_2,doc_3,doc_3,doc_3,doc_3,doc_3,doc_3,doc_3,doc_3,doc_3,doc_3,doc_3,doc_3,doc_3,doc_3,doc_3,doc_3,doc_3,doc_3,doc_3,doc_3,doc_3,doc_3,doc_3",43
6,"doc_1,doc_1,doc_2,doc_2,doc_2,doc_2,doc_2,doc_2,doc_2,doc_2,doc_2,doc_2,doc_2,doc_2,doc_2,doc_2,doc_2,doc_2,doc_2,doc_2,doc_2,doc_2,doc_2,doc_2,doc_2,doc_2,doc_2,doc_2,doc_2,doc_2,doc_2,doc_2,doc_2,doc_3,doc_3,doc_3,doc_3,doc_3,doc_3,doc_3,doc_3,doc_3",42
7,"doc_2,doc_2,doc_2,doc_2,doc_2,doc_2,doc_2,doc_2,doc_2,doc_2,doc_2,doc_2,doc_2,doc_2,doc_2,doc_2,doc_2,doc_2,doc_2,doc_2,doc_2,doc_2,doc_2,doc_2,doc_2,doc_2,doc_2,doc_2,doc_3,doc_3,doc_3,doc_1,doc_1,doc_1,doc_1,doc_1,doc_1,doc_1,doc_1,doc_1,doc_1,doc_1",42
encore,"doc_2,doc_2,doc_2,doc_2,doc_2,doc_3,doc_3,doc_3,doc_3,doc_3,doc_3,doc_3,doc_3,doc_3,doc_3,doc_3,doc_3,doc_3,doc_3,doc_3,doc_3,doc_3,doc_3,doc_3,doc_3,doc_3,doc_3,doc_3,doc_3,doc_3,doc_3,doc_3,doc_3,doc_3,doc_3,doc_3,doc_3,doc_3,doc_3,doc_3,doc_3,doc_3",42
façon,"doc_2,doc_2,doc_2,doc_2,doc_2,doc_2,doc_2,doc_2,doc_2,doc_2,doc_2,doc_2,doc_2,doc_2,doc_2,doc_2,doc_2,doc_2,doc_2,doc_2,doc_3,doc_3,doc_3,doc_3,doc_3,doc_3,doc_3,doc_3,doc_3,doc_3,doc_3,doc_3,doc_3,doc_3,doc_3,doc_3,doc_3,doc_3,doc_3,doc_3,doc_3,doc_3",42
besoin,"doc_2,doc_2,doc_2,doc_2,doc_2,doc_2,doc_2,doc_2,doc_2,doc_2,doc_2,doc_2,doc_2,doc_2,doc_2,doc_2,doc_2,doc_2,doc_2,doc_2,doc_2,doc_2,doc_2,doc_2,doc_2,doc_2,doc_2,doc_2,doc_2,doc_2,doc_2,doc_2,doc_3,doc_3,doc_3,doc_3,doc_3,doc_3,doc_3,doc_3,doc_3",41
ourquoi,"doc_1,doc_2,doc_2,doc_2,doc_2,doc_2,doc_2,doc_2,doc_2,doc_2,doc_3,doc_3,doc_3,doc_3,doc_3,doc_3,doc_3,doc_3,doc_3,doc_3,doc_3,doc_3,doc_3,doc_3,doc_3,doc_3,doc_3,doc_3,doc_3,doc_3,doc_3,doc_3,doc_3,doc_3,doc_3,doc_3,doc_3,doc_3,doc_3,doc_3,doc_3",41
nest,"doc_2,doc_2,doc_2,doc_2,doc_2,doc_2,doc_2,doc_2,doc_3,doc_3,doc_3,doc_3,doc_3,doc_3,doc_3,doc_3,doc_3,doc_3,doc_3,doc_3,doc_3,doc_3,doc_3,doc_3,doc_3,doc_3,doc_3,doc_3,doc_3,doc_3,doc_3,doc_3,doc_3,doc_3,doc_3,doc_3,doc_3,doc_3,doc_3,doc_1",40
omment,"doc_1,doc_2,doc_2,doc_2,doc_2,doc_2,doc_2,doc_2,doc_2,doc_2,doc_2,doc_2,doc_2,doc_2,doc_2,doc_2,doc_2,doc_2,doc_2,doc_2,doc_2,doc_2,doc_2,doc_2,doc_2,doc_2,doc_2,doc_2,doc_2,doc_2,doc_2,doc_3,doc_3,doc_3,doc_3,doc_3,doc_3,doc_3,doc_3,doc_3",40
jamais,"doc_2,doc_2,doc_2,doc_2,doc_2,doc_2,doc_2,doc_2,doc_3,doc_3,doc_3,doc_3,doc_3,doc_3,doc_3,doc_3,doc_3,doc_3,doc_3,doc_3,doc_3,doc_3,doc_3,doc_3,doc_3,doc_3,doc_3,doc_3,doc_3,doc_3,doc_3,doc_3,doc_3,doc_3,doc_3,doc_3,doc_3,doc_3,doc_1",39
buts,"doc_2,doc_2,doc_2,doc_2,doc_2,doc_2,doc_2,doc_2,doc_2,doc_2,doc_2,doc_2,doc_2,doc_2,doc_2,doc_2,doc_2,doc_2,doc_2,doc_2,doc_2,doc_2,doc_2,doc_2,doc_2,doc_2,doc_2,doc_2,doc_2,doc_2,doc_2,doc_2,doc_2,doc_2,doc_2,doc_2,doc_2,doc_2",38
compétence,"doc_2,doc_2,doc_2,doc_2,doc_2,doc_2,doc_2,doc_2,doc_2,doc_2,doc_2,doc_2,doc_2,doc_2,doc_2,doc_2,doc_2,doc_2,doc_2,doc_2,doc_2,doc_2,doc_2,doc_2,doc_2,doc_2,doc_2,doc_2,doc_2,doc_2,doc_2,doc_2,doc_2,doc_2,doc_2,doc_2,doc_2,doc_3",38
niveau,"doc_2,doc_2,doc_2,doc_2,doc_2,doc_2,doc_2,doc_2,doc_2,doc_2,doc_2,doc_2,doc_2,doc_2,doc_2,doc_2,doc_2,doc_2,doc_2,doc_2,doc_2,doc_2,doc_2,doc_2,doc_2,doc_2,doc_2,doc_3,doc_3,doc_3,doc_3,doc_3,doc_3,doc_3,doc_3,doc_3,doc_3,doc_3",38
propres,"doc_2,doc_2,doc_2,doc_2,doc_2,doc_2,doc_2,doc_2,doc_2,doc_2,doc_2,doc_2,doc_2,doc_2,doc_2,doc_2,doc_2,doc_2,doc_2,doc_2,doc_2,doc_2,doc_2,doc_2,doc_2,doc_2,doc_2,doc_3,doc_3,doc_3,doc_3,doc_3,doc_3,doc_3,doc_3,doc_3,doc_3,doc_3",38
conscience,"doc_2,doc_2,doc_2,doc_2,doc_2,doc_2,doc_2,doc_2,doc_2,doc_2,doc_2,doc_2,doc_2,doc_2,doc_2,doc_2,doc_2,doc_2,doc_2,doc_2,doc_2,doc_2,doc_2,doc_2,doc_2,doc_2,doc_3,doc_3,doc_3,doc_3,doc_3,doc_3,doc_3,doc_3,doc_3,doc_3,doc_3",37
deux,"doc_2,doc_2,doc_2,doc_2,doc_2,doc_2,doc_2,doc_2,doc_2,doc_2,doc_2,doc_2,doc_2,doc_2,doc_2,doc_2,doc_2,doc_2,doc_2,doc_2,doc_2,doc_3,doc_3,doc_3,doc_3,doc_3,doc_3,doc_3,doc_3,doc_3,doc_3,doc_3,doc_3,doc_3,doc_1,doc_1,doc_1",37
envie,"doc_3,doc_3,doc_3,doc_3,doc_3,doc_3,doc_3,doc_3,doc_3,doc_3,doc_3,doc_3,doc_3,doc_3,doc_3,doc_3,doc_3,doc_3,doc_3,doc_3,doc_3,doc_3,doc_3,doc_3,doc_3,doc_3,doc_3,doc_3,doc_3,doc_3,doc_3,doc_3,doc_3,doc_3,doc_3,doc_3,doc_3",37
peuvent,"doc_2,doc_2,doc_2,doc_2,doc_2,doc_2,doc_2,doc_2,doc_2,doc_2,doc_2,doc_2,doc_2,doc_2,doc_2,doc_2,doc_2,doc_2,doc_2,doc_3,doc_3,doc_3,doc_3,doc_3,doc_3,doc_3,doc_3,doc_3,doc_3,doc_3,doc_3,doc_3,doc_3,doc_3,doc_3,doc_3,doc_1",37
quelques,"doc_1,doc_2,doc_2,doc_2,doc_2,doc_2,doc_2,doc_2,doc_2,doc_2,doc_2,doc_2,doc_2,doc_2,doc_3,doc_3,doc_3,doc_3,doc_3,doc_3,doc_3,doc_3,doc_3,doc_3,doc_3,doc_3,doc_3,doc_3,doc_3,doc_3,doc_3,doc_3,doc_3,doc_3,doc_3,doc_3,doc_3",37
va,"doc_2,doc_2,doc_2,doc_2,doc_2,doc_2,doc_2,doc_3,doc_3,doc_3,doc_3,doc_3,doc_3,doc_3,doc_3,doc_3,doc_3,doc_3,doc_3,doc_3,doc_3,doc_3,doc_3,doc_3,doc_3,doc_3,doc_3,doc_3,doc_3,doc_3,doc_3,doc_3,doc_3,doc_3,doc_3,doc_3,doc_3",37
écrire,"doc_1,doc_2,doc_3,doc_3,doc_3,doc_3,doc_3,doc_3,doc_3,doc_3,doc_3,doc_3,doc_3,doc_3,doc_3,doc_3,doc_3,doc_3,doc_3,doc_3,doc_3,doc_3,doc_3,doc_3,doc_3,doc_3,doc_3,doc_3,doc_3,doc_3,doc_3,doc_3,doc_3,doc_3,doc_3,doc_3,doc_3",37
développer,"doc_1,doc_2,doc_2,doc_2,doc_2,doc_2,doc_2,doc_2,doc_2,doc_2,doc_2,doc_2,doc_2,doc_2,doc_2,doc_2,doc_2,doc_2,doc_2,doc_2,doc_2,doc_2,doc_2,doc_2,doc_2,doc_2,doc_2,doc_2,doc_3,doc_3,doc_3,doc_3,doc_3,doc_3,doc_3,doc_3",36
mettre,"doc_2,doc_2,doc_2,doc_2,doc_2,doc_2,doc_2,doc_2,doc_2,doc_2,doc_3,doc_3,doc_3,doc_3,doc_3,doc_3,doc_3,doc_3,doc_3,doc_3,doc_3,doc_3,doc_3,doc_3,doc_3,doc_3,doc_3,doc_3,doc_3,doc_3,doc_3,doc_3,doc_3,doc_3,doc_3,doc_3",36
potentiel,"doc_2,doc_2,doc_2,doc_2,doc_2,doc_2,doc_2,doc_2,doc_2,doc_2,doc_2,doc_2,doc_2,doc_2,doc_2,doc_2,doc_2,doc_2,doc_2,doc_2,doc_2,doc_2,doc_2,doc_2,doc_2,doc_2,doc_2,doc_2,doc_2,doc_2,doc_2,doc_2,doc_2,doc_3,doc_3,doc_3",36
réaliser,"doc_2,doc_2,doc_2,doc_2,doc_2,doc_2,doc_2,doc_2,doc_2,doc_2,doc_2,doc_2,doc_2,doc_2,doc_2,doc_2,doc_2,doc_2,doc_2,doc_2,doc_2,doc_2,doc_2,doc_2,doc_3,doc_3,doc_3,doc_3,doc_3,doc_3,doc_3,doc_3,doc_3,doc_3,doc_3,doc_3",36
choses,"doc_1,doc_1,doc_2,doc_2,doc_2,doc_2,doc_2,doc_2,doc_2,doc_2,doc_2,doc_2,doc_2,doc_2,doc_2,doc_2,doc_2,doc_2,doc_3,doc_3,doc_3,doc_3,doc_3,doc_3,doc_3,doc_3,doc_3,doc_3,doc_3,doc_3,doc_3,doc_3,doc_3,doc_3",34
hautes,"doc_3,doc_3,doc_3,doc_3,doc_3,doc_3,doc_3,doc_3,doc_3,doc_3,doc_3,doc_3,doc_3,doc_3,doc_3,doc_3,doc_3,doc_3,doc_3,doc_3,doc_3,doc_3,doc_3,doc_3,doc_3,doc_3,doc_3,doc_3,doc_3,doc_3,doc_3,doc_3,doc_3,doc_3",34
là,"doc_2,doc_2,doc_2,doc_2,doc_3,doc_3,doc_3,doc_3,doc_3,doc_3,doc_3,doc_3,doc_3,doc_3,doc_3,doc_3,doc_3,doc_3,doc_3,doc_3,doc_3,doc_3,doc_3,doc_3,doc_3,doc_3,doc_3,doc_3,doc_3,doc_3,doc_3,doc_3,doc_3,doc_3",34
valeur,"doc_2,doc_2,doc_2,doc_2,doc_2,doc_2,doc_2,doc_2,doc_2,doc_2,doc_2,doc_2,doc_2,doc_2,doc_2,doc_2,doc_2,doc_2,doc_2,doc_3,doc_3,doc_3,doc_3,doc_3,doc_3,doc_3,doc_3,doc_3,doc_3,doc_3,doc_3,doc_3,doc_3,doc_3",34
cadre,"doc_2,doc_2,doc_2,doc_2,doc_2,doc_2,doc_2,doc_2,doc_2,doc_2,doc_2,doc_2,doc_2,doc_2,doc_2,doc_2,doc_2,doc_2,doc_2,doc_2,doc_2,doc_2,doc_2,doc_2,doc_2,doc_2,doc_3,doc_3,doc_3,doc_3,doc_3,doc_3,doc_3",33
lors,"doc_2,doc_2,doc_2,doc_2,doc_2,doc_2,doc_2,doc_2,doc_3,doc_3,doc_3,doc_3,doc_3,doc_3,doc_3,doc_3,doc_3,doc_3,doc_3,doc_3,doc_3,doc_3,doc_3,doc_3,doc_3,doc_3,doc_3,doc_3,doc_3,doc_3,doc_3,doc_3,doc_3",33
ny,"doc_2,doc_2,doc_2,doc_2,doc_2,doc_2,doc_2,doc_2,doc_3,doc_3,doc_3,doc_3,doc_3,doc_3,doc_3,doc_3,doc_3,doc_3,doc_3,doc_3,doc_3,doc_3,doc_3,doc_3,doc_3,doc_3,doc_3,doc_3,doc_3,doc_3,doc_3,doc_3,doc_3",33
objectif,"doc_2,doc_2,doc_2,doc_2,doc_2,doc_2,doc_2,doc_2,doc_2,doc_2,doc_2,doc_2,doc_2,doc_2,doc_2,doc_2,doc_2,doc_2,doc_2,doc_2,doc_2,doc_2,doc_3,doc_3,doc_3,doc_3,doc_3,doc_3,doc_3,doc_3,doc_3,doc_3,doc_3",33
quils,"doc_1,doc_1,doc_1,doc_2,doc_2,doc_2,doc_2,doc_2,doc_2,doc_2,doc_2,doc_2,doc_2,doc_2,doc_2,doc_2,doc_2,doc_2,doc_2,doc_2,doc_2,doc_2,doc_2,doc_2,doc_2,doc_3,doc_3,doc_3,doc_3,doc_3,doc_3,doc_3,doc_3",33
résultats,"doc_2,doc_2,doc_2,doc_2,doc_2,doc_2,doc_2,doc_2,doc_2,doc_2,doc_2,doc_2,doc_3,doc_3,doc_3,doc_3,doc_3,doc_3,doc_3,doc_3,doc_3,doc_3,doc_3,doc_3,doc_3,doc_3,doc_3,doc_3,doc_3,doc_3,doc_3,doc_3,doc_3",33
vivre,"doc_2,doc_2,doc_2,doc_2,doc_2,doc_2,doc_2,doc_2,doc_2,doc_3,doc_3,doc_3,doc_3,doc_3,doc_3,doc_3,doc_3,doc_3,doc_3,doc_3,doc_3,doc_3,doc_3,doc_3,doc_3,doc_3,doc_3,doc_3,doc_3,doc_3,doc_3,doc_3,doc_3",33
10,"doc_1,doc_2,doc_2,doc_2,doc_2,doc_2,doc_2,doc_2,doc_2,doc_2,doc_2,doc_2,doc_2,doc_2,doc_2,doc_2,doc_2,doc_2,doc_2,doc_2,doc_2,doc_2,doc_2,doc_2,doc_2,doc_2,doc_3,doc_3,doc_3,doc_3,doc_3,doc_3",32
donner,"doc_2,doc_2,doc_2,doc_2,doc_2,doc_2,doc_2,doc_2,doc_2,doc_2,doc_3,doc_3,doc_3,doc_3,doc_3,doc_3,doc_3,doc_3,doc_3,doc_3,doc_3,doc_3,doc_3,doc_3,doc_3,doc_3,doc_3,doc_3,doc_3,doc_3,doc_3,doc_3",32
dêtre,"doc_2,doc_2,doc_2,doc_2,doc_2,doc_2,doc_2,doc_2,doc_2,doc_2,doc_2,doc_2,doc_2,doc_2,doc_2,doc_2,doc_2,doc_2,doc_2,doc_2,doc_3,doc_3,doc_3,doc_3,doc_3,doc_3,doc_3,doc_3,doc_3,doc_3,doc_3,doc_3",32
livres,"doc_1,doc_1,doc_1,doc_1,doc_1,doc_1,doc_1,doc_1,doc_3,doc_3,doc_3,doc_3,doc_3,doc_3,doc_3,doc_3,doc_3,doc_3,doc_3,doc_3,doc_3,doc_3,doc_3,doc_3,doc_3,doc_3,doc_3,doc_3,doc_3,doc_3,doc_3,doc_3",32
lorsque,"doc_1,doc_2,doc_2,doc_2,doc_3,doc_3,doc_3,doc_3,doc_3,doc_3,doc_3,doc_3,doc_3,doc_3,doc_3,doc_3,doc_3,doc_3,doc_3,doc_3,doc_3,doc_3,doc_3,doc_3,doc_3,doc_3,doc_3,doc_3,doc_3,doc_3,doc_3,doc_3",32
mesure,"doc_2,doc_2,doc_2,doc_2,doc_2,doc_2,doc_2,doc_2,doc_2,doc_2,doc_2,doc_2,doc_2,doc_2,doc_2,doc_2,doc_2,doc_2,doc_2,doc_2,doc_2,doc_3,doc_3,doc_3,doc_3,doc_3,doc_3,doc_3,doc_3,doc_3,doc_3,doc_3",32
avant,"doc_2,doc_2,doc_2,doc_2,doc_3,doc_3,doc_3,doc_3,doc_3,doc_3,doc_3,doc_3,doc_3,doc_3,doc_3,doc_3,doc_3,doc_3,doc_3,doc_3,doc_3,doc_3,doc_3,doc_3,doc_3,doc_3,doc_3,doc_3,doc_3,doc_3,doc_3",31
choix,"doc_2,doc_2,doc_2,doc_2,doc_2,doc_2,doc_3,doc_3,doc_3,doc_3,doc_3,doc_3,doc_3,doc_3,doc_3,doc_3,doc_3,doc_3,doc_3,doc_3,doc_3,doc_3,doc_3,doc_3,doc_3,doc_3,doc_3,doc_3,doc_3,doc_3,doc_3",31
cibles,"doc_2,doc_2,doc_2,doc_2,doc_2,doc_2,doc_2,doc_2,doc_2,doc_2,doc_2,doc_2,doc_2,doc_2,doc_2,doc_2,doc_2,doc_2,doc_2,doc_2,doc_2,doc_2,doc_2,doc_2,doc_2,doc_2,doc_2,doc_2,doc_2,doc_2,doc_2",31
décrire,"doc_2,doc_2,doc_2,doc_2,doc_2,doc_2,doc_2,doc_2,doc_2,doc_2,doc_3,doc_3,doc_3,doc_3,doc_3,doc_3,doc_3,doc_3,doc_3,doc_3,doc_3,doc_3,doc_3,doc_3,doc_3,doc_3,doc_3,doc_3,doc_3,doc_3,doc_3",31
fais,"doc_2,doc_2,doc_2,doc_2,doc_2,doc_3,doc_3,doc_3,doc_3,doc_3,doc_3,doc_3,doc_3,doc_3,doc_3,doc_3,doc_3,doc_3,doc_3,doc_3,doc_3,doc_3,doc_3,doc_3,doc_3,doc_3,doc_3,doc_3,doc_3,doc_3,doc_3",31
leadership,"doc_2,doc_2,doc_2,doc_2,doc_2,doc_2,doc_2,doc_2,doc_2,doc_2,doc_2,doc_2,doc_2,doc_2,doc_2,doc_2,doc_2,doc_2,doc_2,doc_2,doc_2,doc_2,doc_2,doc_2,doc_2,doc_2,doc_2,doc_2,doc_2,doc_2,doc_1",31
point,"doc_2,doc_2,doc_2,doc_2,doc_2,doc_2,doc_2,doc_2,doc_2,doc_2,doc_2,doc_2,doc_2,doc_2,doc_2,doc_3,doc_3,doc_3,doc_3,doc_3,doc_3,doc_3,doc_3,doc_3,doc_3,doc_3,doc_3,doc_3,doc_3,doc_3,doc_3",31
uand,"doc_2,doc_2,doc_2,doc_2,doc_2,doc_2,doc_2,doc_2,doc_2,doc_2,doc_2,doc_2,doc_2,doc_2,doc_2,doc_2,doc_2,doc_2,doc_2,doc_3,doc_3,doc_3,doc_3,doc_3,doc_3,doc_3,doc_3,doc_3,doc_3,doc_3,doc_3",31
vont,"doc_1,doc_2,doc_2,doc_2,doc_2,doc_2,doc_2,doc_2,doc_2,doc_2,doc_2,doc_3,doc_3,doc_3,doc_3,doc_3,doc_3,doc_3,doc_3,doc_3,doc_3,doc_3,doc_3,doc_3,doc_3,doc_3,doc_3,doc_3,doc_3,doc_3,doc_3",31
déjà,"doc_2,doc_2,doc_2,doc_2,doc_2,doc_2,doc_2,doc_2,doc_2,doc_2,doc_2,doc_2,doc_2,doc_3,doc_3,doc_3,doc_3,doc_3,doc_3,doc_3,doc_3,doc_3,doc_3,doc_3,doc_3,doc_3,doc_3,doc_3,doc_3,doc_3",30
lon,"doc_1,doc_2,doc_2,doc_2,doc_2,doc_3,doc_3,doc_3,doc_3,doc_3,doc_3,doc_3,doc_3,doc_3,doc_3,doc_3,doc_3,doc_3,doc_3,doc_3,doc_3,doc_3,doc_3,doc_3,doc_3,doc_3,doc_3,doc_3,doc_3,doc_3",30
manière,"doc_1,doc_1,doc_1,doc_1,doc_1,doc_1,doc_1,doc_2,doc_2,doc_2,doc_2,doc_2,doc_2,doc_2,doc_2,doc_2,doc_2,doc_2,doc_2,doc_2,doc_2,doc_2,doc_3,doc_3,doc_3,doc_3,doc_3,doc_3,doc_3,doc_3",30
quelque,"doc_1,doc_2,doc_2,doc_2,doc_2,doc_2,doc_2,doc_2,doc_2,doc_2,doc_2,doc_2,doc_2,doc_2,doc_3,doc_3,doc_3,doc_3,doc_3,doc_3,doc_3,doc_3,doc_3,doc_3,doc_3,doc_3,doc_3,doc_3,doc_3,doc_3",30
quon,"doc_2,doc_2,doc_2,doc_3,doc_3,doc_3,doc_3,doc_3,doc_3,doc_3,doc_3,doc_3,doc_3,doc_3,doc_3,doc_3,doc_3,doc_3,doc_3,doc_3,doc_3,doc_3,doc_3,doc_3,doc_3,doc_1,doc_1,doc_1,doc_1,doc_1",30
selon,"doc_2,doc_2,doc_2,doc_2,doc_2,doc_2,doc_2,doc_2,doc_2,doc_2,doc_2,doc_2,doc_2,doc_2,doc_2,doc_2,doc_2,doc_2,doc_2,doc_3,doc_3,doc_3,doc_3,doc_3,doc_3,doc_3,doc_3,doc_3,doc_3,doc_3",30
sentiments,"doc_2,doc_2,doc_2,doc_2,doc_2,doc_2,doc_2,doc_2,doc_2,doc_2,doc_2,doc_2,doc_2,doc_2,doc_2,doc_2,doc_2,doc_2,doc_2,doc_2,doc_2,doc_2,doc_2,doc_2,doc_2,doc_2,doc_2,doc_2,doc_2,doc_2",30
soit,"doc_2,doc_2,doc_2,doc_2,doc_2,doc_2,doc_2,doc_2,doc_2,doc_2,doc_2,doc_2,doc_2,doc_3,doc_3,doc_3,doc_3,doc_3,doc_3,doc_3,doc_3,doc_3,doc_3,doc_3,doc_3,doc_3,doc_3,doc_3,doc_3,doc_3",30
vas,"doc_3,doc_3,doc_3,doc_3,doc_3,doc_3,doc_3,doc_3,doc_3,doc_3,doc_3,doc_3,doc_3,doc_3,doc_3,doc_3,doc_3,doc_3,doc_3,doc_3,doc_3,doc_3,doc_3,doc_3,doc_3,doc_3,doc_3,doc_3,doc_3,doc_3",30
actions,"doc_2,doc_2,doc_2,doc_2,doc_2,doc_2,doc_2,doc_2,doc_2,doc_2,doc_2,doc_2,doc_2,doc_2,doc_2,doc_2,doc_2,doc_2,doc_2,doc_2,doc_2,doc_2,doc_3,doc_3,doc_3,doc_3,doc_3,doc_3,doc_3",29
chapitres,"doc_2,doc_3,doc_3,doc_3,doc_3,doc_3,doc_3,doc_3,doc_3,doc_3,doc_3,doc_3,doc_3,doc_3,doc_3,doc_3,doc_3,doc_3,doc_3,doc_3,doc_3,doc_3,doc_3,doc_3,doc_3,doc_3,doc_3,doc_3,doc_3",29
dire,"doc_2,doc_2,doc_2,doc_2,doc_2,doc_2,doc_2,doc_2,doc_2,doc_2,doc_2,doc_2,doc_2,doc_3,doc_3,doc_3,doc_3,doc_3,doc_3,doc_3,doc_3,doc_3,doc_3,doc_3,doc_3,doc_3,doc_3,doc_3,doc_1",29
donc,"doc_2,doc_2,doc_2,doc_2,doc_2,doc_2,doc_2,doc_2,doc_3,doc_3,doc_3,doc_3,doc_3,doc_3,doc_3,doc_3,doc_3,doc_3,doc_3,doc_3,doc_3,doc_3,doc_3,doc_3,doc_3,doc_3,doc_3,doc_3,doc_3",29
face,"doc_2,doc_2,doc_2,doc_2,doc_2,doc_2,doc_2,doc_2,doc_2,doc_2,doc_2,doc_2,doc_2,doc_2,doc_3,doc_3,doc_3,doc_3,doc_3,doc_3,doc_3,doc_3,doc_3,doc_3,doc_3,doc_3,doc_3,doc_3,doc_3",29
sentiment,"doc_2,doc_2,doc_2,doc_2,doc_2,doc_2,doc_2,doc_2,doc_2,doc_2,doc_2,doc_2,doc_2,doc_2,doc_2,doc_2,doc_2,doc_2,doc_2,doc_2,doc_2,doc_2,doc_2,doc_2,doc_3,doc_3,doc_3,doc_3,doc_3",29
t,"doc_2,doc_2,doc_2,doc_2,doc_2,doc_2,doc_3,doc_3,doc_3,doc_3,doc_3,doc_3,doc_3,doc_3,doc_3,doc_3,doc_3,doc_3,doc_3,doc_3,doc_3,doc_3,doc_3,doc_3,doc_3,doc_3,doc_3,doc_3,doc_3",29
trouver,"doc_2,doc_2,doc_2,doc_2,doc_2,doc_2,doc_3,doc_3,doc_3,doc_3,doc_3,doc_3,doc_3,doc_3,doc_3,doc_3,doc_3,doc_3,doc_3,doc_3,doc_3,doc_3,doc_3,doc_3,doc_3,doc_3,doc_3,doc_3,doc_3",29
cours,"doc_2,doc_2,doc_2,doc_2,doc_2,doc_2,doc_2,doc_2,doc_2,doc_2,doc_2,doc_2,doc_2,doc_2,doc_3,doc_3,doc_3,doc_3,doc_3,doc_3,doc_3,doc_3,doc_3,doc_3,doc_3,doc_3,doc_3,doc_3",28
pendant,"doc_2,doc_2,doc_2,doc_2,doc_2,doc_2,doc_2,doc_2,doc_3,doc_3,doc_3,doc_3,doc_3,doc_3,doc_3,doc_3,doc_3,doc_3,doc_3,doc_3,doc_3,doc_3,doc_3,doc_3,doc_3,doc_3,doc_3,doc_3",28
sera,"doc_2,doc_2,doc_2,doc_2,doc_2,doc_2,doc_2,doc_2,doc_2,doc_2,doc_2,doc_3,doc_3,doc_3,doc_3,doc_3,doc_3,doc_3,doc_3,doc_3,doc_3,doc_3,doc_3,doc_3,doc_3,doc_3,doc_3,doc_3",28
terme,"doc_2,doc_2,doc_2,doc_2,doc_2,doc_2,doc_2,doc_2,doc_2,doc_2,doc_3,doc_3,doc_3,doc_3,doc_3,doc_3,doc_3,doc_3,doc_3,doc_3,doc_3,doc_3,doc_3,doc_3,doc_3,doc_3,doc_3,doc_3",28
atteindre,"doc_2,doc_2,doc_2,doc_2,doc_2,doc_2,doc_2,doc_2,doc_2,doc_2,doc_2,doc_2,doc_2,doc_2,doc_2,doc_2,doc_2,doc_3,doc_3,doc_3,doc_3,doc_3,doc_3,doc_3,doc_3,doc_3,doc_3",27
confiance,"doc_2,doc_2,doc_2,doc_2,doc_2,doc_2,doc_2,doc_2,doc_2,doc_2,doc_2,doc_2,doc_2,doc_2,doc_2,doc_2,doc_2,doc_2,doc_2,doc_2,doc_2,doc_2,doc_2,doc_2,doc_2,doc_2,doc_2",27
doit,"doc_2,doc_2,doc_2,doc_2,doc_2,doc_2,doc_2,doc_2,doc_2,doc_2,doc_2,doc_2,doc_2,doc_3,doc_3,doc_3,doc_3,doc_3,doc_3,doc_3,doc_3,doc_3,doc_3,doc_3,doc_3,doc_3,doc_3",27
exemple,"doc_1,doc_2,doc_2,doc_2,doc_2,doc_2,doc_2,doc_2,doc_2,doc_2,doc_2,doc_2,doc_2,doc_2,doc_2,doc_2,doc_2,doc_3,doc_3,doc_3,doc_3,doc_3,doc_3,doc_3,doc_3,doc_3,doc_3",27
réponses,"doc_1,doc_2,doc_2,doc_2,doc_2,doc_2,doc_2,doc_2,doc_2,doc_2,doc_2,doc_3,doc_3,doc_3,doc_3,doc_3,doc_3,doc_3,doc_3,doc_3,doc_3,doc_3,doc_3,doc_3,doc_3,doc_3,doc_3",27
8,"doc_2,doc_2,doc_2,doc_2,doc_2,doc_2,doc_2,doc_2,doc_2,doc_2,doc_2,doc_2,doc_2,doc_2,doc_2,doc_2,doc_2,doc_2,doc_2,doc_2,doc_2,doc_2,doc_3,doc_3,doc_3,doc_1",26
certaines,"doc_1,doc_1,doc_1,doc_2,doc_2,doc_2,doc_2,doc_2,doc_2,doc_2,doc_2,doc_2,doc_2,doc_3,doc_3,doc_3,doc_3,doc_3,doc_3,doc_3,doc_3,doc_3,doc_3,doc_3,doc_3,doc_3",26
cible,"doc_2,doc_2,doc_2,doc_2,doc_2,doc_2,doc_2,doc_2,doc_2,doc_2,doc_2,doc_2,doc_2,doc_2,doc_2,doc_2,doc_2,doc_2,doc_2,doc_3,doc_3,doc_3,doc_3,doc_3,doc_3,doc_3",26
cidessous,"doc_2,doc_2,doc_2,doc_2,doc_2,doc_2,doc_2,doc_2,doc_2,doc_2,doc_2,doc_2,doc_2,doc_2,doc_2,doc_2,doc_2,doc_2,doc_2,doc_2,doc_2,doc_2,doc_2,doc_2,doc_2,doc_1",26
font,"doc_2,doc_2,doc_2,doc_2,doc_2,doc_2,doc_2,doc_2,doc_2,doc_2,doc_2,doc_3,doc_3,doc_3,doc_3,doc_3,doc_3,doc_3,doc_3,doc_3,doc_3,doc_3,doc_3,doc_1,doc_1,doc_1",26
habitudes,"doc_3,doc_3,doc_3,doc_3,doc_3,doc_3,doc_3,doc_3,doc_3,doc_3,doc_3,doc_3,doc_3,doc_3,doc_3,doc_3,doc_3,doc_3,doc_3,doc_3,doc_3,doc_3,doc_1,doc_1,doc_1,doc_1",26
idées,"doc_2,doc_2,doc_2,doc_2,doc_2,doc_2,doc_2,doc_2,doc_2,doc_2,doc_2,doc_2,doc_2,doc_2,doc_2,doc_2,doc_2,doc_3,doc_3,doc_3,doc_3,doc_3,doc_3,doc_3,doc_3,doc_3",26
personnelles,"doc_2,doc_2,doc_2,doc_2,doc_2,doc_2,doc_2,doc_2,doc_2,doc_2,doc_2,doc_2,doc_2,doc_2,doc_2,doc_2,doc_2,doc_2,doc_2,doc_2,doc_2,doc_2,doc_2,doc_3,doc_3,doc_3",26
voir,"doc_1,doc_2,doc_2,doc_2,doc_2,doc_2,doc_2,doc_3,doc_3,doc_3,doc_3,doc_3,doc_3,doc_3,doc_3,doc_3,doc_3,doc_3,doc_3,doc_3,doc_3,doc_3,doc_3,doc_3,doc_3,doc_3",26
9,"doc_1,doc_2,doc_2,doc_2,doc_2,doc_2,doc_2,doc_2,doc_2,doc_2,doc_2,doc_2,doc_2,doc_2,doc_2,doc_2,doc_2,doc_2,doc_2,doc_2,doc_2,doc_2,doc_3,doc_3,doc_3",25
activité,"doc_2,doc_2,doc_2,doc_2,doc_3,doc_3,doc_3,doc_3,doc_3,doc_3,doc_3,doc_3,doc_3,doc_3,doc_3,doc_3,doc_3,doc_3,doc_3,doc_3,doc_3,doc_3,doc_3,doc_3,doc_3",25
cet,"doc_2,doc_2,doc_2,doc_2,doc_2,doc_2,doc_2,doc_2,doc_2,doc_2,doc_2,doc_3,doc_3,doc_3,doc_3,doc_3,doc_3,doc_3,doc_3,doc_3,doc_3,doc_3,doc_3,doc_3,doc_3",25
faut,"doc_2,doc_2,doc_2,doc_2,doc_2,doc_2,doc_2,doc_3,doc_3,doc_3,doc_3,doc_3,doc_3,doc_3,doc_3,doc_3,doc_3,doc_3,doc_3,doc_3,doc_3,doc_3,doc_1,doc_1,doc_1",25
moment,"doc_2,doc_2,doc_2,doc_2,doc_2,doc_3,doc_3,doc_3,doc_3,doc_3,doc_3,doc_3,doc_3,doc_3,doc_3,doc_3,doc_3,doc_3,doc_3,doc_3,doc_3,doc_3,doc_3,doc_3,doc_3",25
points,"doc_1,doc_2,doc_2,doc_2,doc_2,doc_2,doc_2,doc_2,doc_2,doc_2,doc_2,doc_2,doc_2,doc_2,doc_2,doc_2,doc_2,doc_2,doc_2,doc_2,doc_2,doc_2,doc_3,doc_3,doc_3",25
possible,"doc_2,doc_2,doc_2,doc_2,doc_2,doc_2,doc_2,doc_2,doc_3,doc_3,doc_3,doc_3,doc_3,doc_3,doc_3,doc_3,doc_3,doc_3,doc_3,doc_3,doc_3,doc_3,doc_3,doc_3,doc_3",25
rien,"doc_3,doc_3,doc_3,doc_3,doc_3,doc_3,doc_3,doc_3,doc_3,doc_3,doc_3,doc_3,doc_3,doc_3,doc_3,doc_3,doc_3,doc_3,doc_3,doc_3,doc_3,doc_3,doc_3,doc_1,doc_1",25
ais,"doc_2,doc_2,doc_2,doc_2,doc_2,doc_2,doc_3,doc_3,doc_3,doc_3,doc_3,doc_3,doc_3,doc_3,doc_3,doc_3,doc_3,doc_3,doc_3,doc_3,doc_3,doc_3,doc_3,doc_3",24
créativité,"doc_2,doc_2,doc_2,doc_2,doc_2,doc_2,doc_3,doc_3,doc_3,doc_3,doc_3,doc_3,doc_3,doc_3,doc_3,doc_3,doc_3,doc_3,doc_3,doc_3,doc_3,doc_3,doc_3,doc_3",24
féminin,"doc_2,doc_2,doc_2,doc_2,doc_2,doc_2,doc_2,doc_2,doc_2,doc_2,doc_2,doc_2,doc_2,doc_2,doc_2,doc_2,doc_2,doc_2,doc_2,doc_2,doc_2,doc_2,doc_2,doc_2",24
idée,"doc_1,doc_2,doc_2,doc_2,doc_2,doc_2,doc_2,doc_2,doc_2,doc_2,doc_2,doc_2,doc_2,doc_2,doc_2,doc_2,doc_2,doc_3,doc_3,doc_3,doc_3,doc_3,doc_3,doc_3",24
pouvoir,"doc_1,doc_1,doc_1,doc_1,doc_2,doc_2,doc_2,doc_2,doc_2,doc_3,doc_3,doc_3,doc_3,doc_3,doc_3,doc_3,doc_3,doc_3,doc_3,doc_3,doc_3,doc_3,doc_3,doc_3",24
uestce,"doc_2,doc_2,doc_2,doc_2,doc_2,doc_2,doc_2,doc_2,doc_2,doc_2,doc_2,doc_2,doc_3,doc_3,doc_3,doc_3,doc_3,doc_3,doc_3,doc_3,doc_3,doc_3,doc_3,doc_3",24
après,"doc_2,doc_2,doc_2,doc_2,doc_2,doc_2,doc_2,doc_2,doc_3,doc_3,doc_3,doc_3,doc_3,doc_3,doc_3,doc_3,doc_3,doc_3,doc_3,doc_3,doc_3,doc_3,doc_3",23
bon,"doc_2,doc_2,doc_2,doc_2,doc_2,doc_2,doc_2,doc_2,doc_2,doc_2,doc_3,doc_3,doc_3,doc_3,doc_3,doc_3,doc_3,doc_3,doc_3,doc_3,doc_3,doc_3,doc_3",23
bonne,"doc_2,doc_2,doc_2,doc_2,doc_2,doc_2,doc_3,doc_3,doc_3,doc_3,doc_3,doc_3,doc_3,doc_3,doc_3,doc_3,doc_3,doc_3,doc_3,doc_3,doc_3,doc_3,doc_3",23
car,"doc_2,doc_2,doc_2,doc_2,doc_2,doc_2,doc_2,doc_2,doc_2,doc_2,doc_2,doc_3,doc_3,doc_3,doc_3,doc_3,doc_3,doc_3,doc_3,doc_3,doc_3,doc_3,doc_3",23
dautrui,"doc_2,doc_2,doc_2,doc_2,doc_2,doc_2,doc_2,doc_2,doc_2,doc_2,doc_2,doc_2,doc_2,doc_2,doc_2,doc_2,doc_2,doc_2,doc_2,doc_2,doc_2,doc_2,doc_3",23
fois,"doc_2,doc_2,doc_2,doc_2,doc_2,doc_2,doc_2,doc_3,doc_3,doc_3,doc_3,doc_3,doc_3,doc_3,doc_3,doc_3,doc_3,doc_3,doc_3,doc_3,doc_3,doc_3,doc_3",23
journée,"doc_2,doc_2,doc_2,doc_3,doc_3,doc_3,doc_3,doc_3,doc_3,doc_3,doc_3,doc_3,doc_3,doc_3,doc_3,doc_3,doc_3,doc_3,doc_3,doc_3,doc_3,doc_3,doc_3",23
jusquà,"doc_2,doc_2,doc_2,doc_2,doc_2,doc_2,doc_2,doc_2,doc_3,doc_3,doc_3,doc_3,doc_3,doc_3,doc_3,doc_3,doc_3,doc_3,doc_3,doc_3,doc_3,doc_3,doc_3",23
long,"doc_2,doc_2,doc_2,doc_2,doc_2,doc_2,doc_2,doc_3,doc_3,doc_3,doc_3,doc_3,doc_3,doc_3,doc_3,doc_3,doc_3,doc_3,doc_3,doc_3,doc_3,doc_3,doc_3",23
nouvelles,"doc_2,doc_2,doc_2,doc_2,doc_2,doc_2,doc_2,doc_2,doc_2,doc_2,doc_2,doc_3,doc_3,doc_3,doc_3,doc_3,doc_3,doc_3,doc_3,doc_3,doc_3,doc_3,doc_3",23
passer,"doc_2,doc_2,doc_2,doc_2,doc_3,doc_3,doc_3,doc_3,doc_3,doc_3,doc_3,doc_3,doc_3,doc_3,doc_3,doc_3,doc_3,doc_3,doc_3,doc_3,doc_3,doc_3,doc_3",23
relations,"doc_1,doc_1,doc_2,doc_2,doc_2,doc_2,doc_2,doc_2,doc_2,doc_2,doc_2,doc_2,doc_2,doc_2,doc_2,doc_2,doc_2,doc_3,doc_3,doc_3,doc_3,doc_3,doc_3",23
responsable,"doc_2,doc_2,doc_2,doc_2,doc_2,doc_2,doc_2,doc_2,doc_2,doc_2,doc_2,doc_2,doc_2,doc_2,doc_2,doc_2,doc_2,doc_2,doc_2,doc_2,doc_2,doc_2,doc_2",23
sais,"doc_2,doc_2,doc_2,doc_2,doc_2,doc_3,doc_3,doc_3,doc_3,doc_3,doc_3,doc_3,doc_3,doc_3,doc_3,doc_3,doc_3,doc_3,doc_3,doc_3,doc_3,doc_3,doc_3",23
trois,"doc_2,doc_2,doc_2,doc_2,doc_2,doc_2,doc_2,doc_2,doc_2,doc_2,doc_2,doc_2,doc_2,doc_2,doc_3,doc_3,doc_3,doc_3,doc_3,doc_3,doc_3,doc_3,doc_3",23
veux,"doc_2,doc_2,doc_2,doc_2,doc_2,doc_2,doc_3,doc_3,doc_3,doc_3,doc_3,doc_3,doc_3,doc_3,doc_3,doc_3,doc_3,doc_3,doc_3,doc_3,doc_3,doc_3,doc_3",23
ainsi,"doc_2,doc_2,doc_2,doc_2,doc_2,doc_2,doc_2,doc_2,doc_2,doc_2,doc_2,doc_2,doc_3,doc_3,doc_3,doc_3,doc_3,doc_3,doc_3,doc_3,doc_3,doc_1",22
cas,"doc_2,doc_2,doc_2,doc_2,doc_2,doc_2,doc_3,doc_3,doc_3,doc_3,doc_3,doc_3,doc_3,doc_3,doc_3,doc_3,doc_3,doc_3,doc_3,doc_3,doc_3,doc_3",22
ette,"doc_1,doc_2,doc_2,doc_2,doc_2,doc_3,doc_3,doc_3,doc_3,doc_3,doc_3,doc_3,doc_3,doc_3,doc_3,doc_3,doc_3,doc_3,doc_3,doc_3,doc_3,doc_3",22
journées,"doc_3,doc_3,doc_3,doc_3,doc_3,doc_3,doc_3,doc_3,doc_3,doc_3,doc_3,doc_3,doc_3,doc_3,doc_3,doc_3,doc_3,doc_3,doc_3,doc_3,doc_3,doc_3",22
laisser,"doc_2,doc_2,doc_2,doc_2,doc_2,doc_3,doc_3,doc_3,doc_3,doc_3,doc_3,doc_3,doc_3,doc_3,doc_3,doc_3,doc_3,doc_3,doc_3,doc_3,doc_3,doc_3",22
nouveau,"doc_2,doc_2,doc_2,doc_2,doc_3,doc_3,doc_3,doc_3,doc_3,doc_3,doc_3,doc_3,doc_3,doc_3,doc_3,doc_3,doc_3,doc_3,doc_3,doc_3,doc_3,doc_3",22
personnelle,"doc_2,doc_2,doc_2,doc_2,doc_2,doc_2,doc_2,doc_2,doc_2,doc_2,doc_2,doc_2,doc_2,doc_2,doc_2,doc_2,doc_3,doc_3,doc_3,doc_3,doc_3,doc_3",22
peutêtre,"doc_2,doc_2,doc_2,doc_2,doc_2,doc_2,doc_3,doc_3,doc_3,doc_3,doc_3,doc_3,doc_3,doc_3,doc_3,doc_3,doc_3,doc_3,doc_3,doc_3,doc_3,doc_3",22
règle,"doc_3,doc_3,doc_3,doc_3,doc_3,doc_3,doc_3,doc_3,doc_3,doc_3,doc_3,doc_3,doc_3,doc_3,doc_3,doc_3,doc_3,doc_3,doc_3,doc_3,doc_3,doc_3",22
rêves,"doc_2,doc_2,doc_3,doc_3,doc_3,doc_3,doc_3,doc_3,doc_3,doc_3,doc_3,doc_3,doc_3,doc_3,doc_3,doc_3,doc_3,doc_3,doc_3,doc_3,doc_3,doc_3",22
sport,"doc_3,doc_3,doc_3,doc_3,doc_3,doc_3,doc_3,doc_3,doc_3,doc_3,doc_3,doc_3,doc_3,doc_3,doc_3,doc_3,doc_3,doc_3,doc_3,doc_3,doc_3,doc_3",22
talents,"doc_2,doc_2,doc_2,doc_2,doc_2,doc_2,doc_2,doc_2,doc_2,doc_2,doc_2,doc_2,doc_2,doc_2,doc_2,doc_2,doc_2,doc_2,doc_2,doc_2,doc_2,doc_3",22
type,"doc_2,doc_2,doc_2,doc_2,doc_2,doc_2,doc_2,doc_2,doc_2,doc_2,doc_2,doc_2,doc_2,doc_3,doc_3,doc_3,doc_3,doc_3,doc_3,doc_3,doc_3,doc_3",22
davantage,"doc_2,doc_2,doc_2,doc_2,doc_2,doc_2,doc_2,doc_2,doc_3,doc_3,doc_3,doc_3,doc_3,doc_3,doc_3,doc_3,doc_3,doc_3,doc_3,doc_3,doc_3",21
estime,"doc_2,doc_2,doc_2,doc_2,doc_2,doc_2,doc_2,doc_2,doc_2,doc_2,doc_2,doc_2,doc_2,doc_2,doc_2,doc_2,doc_2,doc_2,doc_2,doc_2,doc_3",21
expériences,"doc_2,doc_2,doc_2,doc_2,doc_2,doc_2,doc_2,doc_2,doc_2,doc_2,doc_3,doc_3,doc_3,doc_3,doc_3,doc_3,doc_3,doc_3,doc_3,doc_3,doc_3",21
force,"doc_2,doc_2,doc_2,doc_2,doc_3,doc_3,doc_3,doc_3,doc_3,doc_3,doc_3,doc_3,doc_3,doc_3,doc_3,doc_3,doc_3,doc_3,doc_3,doc_3,doc_3",21
permettre,"doc_2,doc_2,doc_2,doc_2,doc_2,doc_2,doc_2,doc_2,doc_2,doc_3,doc_3,doc_3,doc_3,doc_3,doc_3,doc_3,doc_3,doc_3,doc_3,doc_3,doc_3",21
progresser,"doc_2,doc_2,doc_2,doc_3,doc_3,doc_3,doc_3,doc_3,doc_3,doc_3,doc_3,doc_3,doc_3,doc_3,doc_3,doc_3,doc_3,doc_3,doc_3,doc_3,doc_3",21
savoir,"doc_2,doc_2,doc_2,doc_2,doc_2,doc_2,doc_2,doc_2,doc_2,doc_2,doc_3,doc_3,doc_3,doc_3,doc_3,doc_3,doc_3,doc_3,doc_3,doc_3,doc_3",21
toujours,"doc_1,doc_1,doc_2,doc_2,doc_2,doc_2,doc_2,doc_2,doc_2,doc_2,doc_3,doc_3,doc_3,doc_3,doc_3,doc_3,doc_3,doc_3,doc_3,doc_3,doc_3",21
vais,"doc_2,doc_2,doc_2,doc_2,doc_2,doc_2,doc_3,doc_3,doc_3,doc_3,doc_3,doc_3,doc_3,doc_3,doc_3,doc_3,doc_3,doc_3,doc_3,doc_3,doc_3",21
émotions,"doc_1,doc_2,doc_2,doc_2,doc_2,doc_2,doc_2,doc_2,doc_2,doc_2,doc_2,doc_2,doc_2,doc_2,doc_2,doc_2,doc_2,doc_2,doc_3,doc_3,doc_3",21
ar,"doc_1,doc_2,doc_2,doc_2,doc_2,doc_2,doc_2,doc_2,doc_2,doc_3,doc_3,doc_3,doc_3,doc_3,doc_3,doc_3,doc_3,doc_3,doc_3,doc_3",20
certains,"doc_2,doc_2,doc_2,doc_2,doc_2,doc_2,doc_2,doc_2,doc_2,doc_2,doc_2,doc_3,doc_3,doc_3,doc_3,doc_3,doc_3,doc_3,doc_3,doc_3",20
dapprentissage,"doc_2,doc_2,doc_2,doc_2,doc_2,doc_2,doc_2,doc_2,doc_2,doc_2,doc_2,doc_2,doc_2,doc_2,doc_2,doc_2,doc_2,doc_2,doc_2,doc_2",20
hapitre,"doc_3,doc_3,doc_3,doc_3,doc_3,doc_3,doc_3,doc_3,doc_3,doc_3,doc_3,doc_3,doc_3,doc_3,doc_3,doc_3,doc_3,doc_3,doc_3,doc_3",20
histoire,"doc_2,doc_2,doc_3,doc_3,doc_3,doc_3,doc_3,doc_3,doc_3,doc_3,doc_3,doc_3,doc_3,doc_3,doc_3,doc_3,doc_3,doc_3,doc_3,doc_3",20
lien,"doc_3,doc_3,doc_3,doc_3,doc_3,doc_3,doc_3,doc_3,doc_3,doc_3,doc_3,doc_3,doc_3,doc_3,doc_3,doc_3,doc_3,doc_3,doc_3,doc_3",20
mieux,"doc_2,doc_2,doc_2,doc_2,doc_2,doc_2,doc_2,doc_2,doc_2,doc_2,doc_2,doc_3,doc_3,doc_3,doc_3,doc_3,doc_3,doc_3,doc_3,doc_3",20
moments,"doc_2,doc_2,doc_2,doc_2,doc_3,doc_3,doc_3,doc_3,doc_3,doc_3,doc_3,doc_3,doc_3,doc_3,doc_3,doc_3,doc_3,doc_3,doc_3,doc_3",20
partie,"doc_1,doc_2,doc_2,doc_2,doc_2,doc_2,doc_2,doc_2,doc_2,doc_2,doc_2,doc_3,doc_3,doc_3,doc_3,doc_3,doc_3,doc_3,doc_3,doc_3",20
question,"doc_2,doc_2,doc_2,doc_2,doc_2,doc_2,doc_3,doc_3,doc_3,doc_3,doc_3,doc_3,doc_3,doc_3,doc_3,doc_3,doc_3,doc_3,doc_3,doc_3",20
quotidien,"doc_2,doc_3,doc_3,doc_3,doc_3,doc_3,doc_3,doc_3,doc_3,doc_3,doc_3,doc_3,doc_3,doc_3,doc_3,doc_3,doc_3,doc_3,doc_3,doc_3",20
situations,"doc_2,doc_2,doc_2,doc_2,doc_2,doc_2,doc_2,doc_2,doc_2,doc_2,doc_2,doc_2,doc_2,doc_2,doc_2,doc_2,doc_3,doc_3,doc_3,doc_3",20
tâches,"doc_2,doc_2,doc_2,doc_2,doc_2,doc_2,doc_2,doc_2,doc_2,doc_2,doc_2,doc_2,doc_3,doc_3,doc_3,doc_3,doc_3,doc_3,doc_3,doc_3",20
uidismecoutisme,"doc_2,doc_2,doc_2,doc_2,doc_2,doc_2,doc_2,doc_2,doc_2,doc_2,doc_2,doc_2,doc_2,doc_2,doc_2,doc_2,doc_2,doc_2,doc_2,doc_2",20
celles,"doc_1,doc_2,doc_2,doc_2,doc_2,doc_2,doc_2,doc_2,doc_2,doc_2,doc_2,doc_3,doc_3,doc_3,doc_3,doc_3,doc_3,doc_3,doc_3",19
choisir,"doc_2,doc_3,doc_3,doc_3,doc_3,doc_3,doc_3,doc_3,doc_3,doc_3,doc_3,doc_3,doc_3,doc_3,doc_3,doc_3,doc_3,doc_3,doc_3",19
facteurs,"doc_2,doc_2,doc_2,doc_2,doc_2,doc_2,doc_2,doc_2,doc_2,doc_2,doc_2,doc_2,doc_2,doc_2,doc_2,doc_2,doc_2,doc_2,doc_3",19
gens,"doc_2,doc_2,doc_2,doc_2,doc_2,doc_2,doc_2,doc_2,doc_2,doc_2,doc_2,doc_2,doc_2,doc_3,doc_3,doc_3,doc_3,doc_1,doc_1",19
important,"doc_2,doc_2,doc_2,doc_2,doc_2,doc_2,doc_2,doc_2,doc_2,doc_2,doc_2,doc_2,doc_2,doc_2,doc_2,doc_2,doc_3,doc_3,doc_3",19
jours,"doc_2,doc_2,doc_3,doc_3,doc_3,doc_3,doc_3,doc_3,doc_3,doc_3,doc_3,doc_3,doc_3,doc_3,doc_3,doc_3,doc_3,doc_3,doc_3",19
lestime,"doc_2,doc_2,doc_2,doc_2,doc_2,doc_2,doc_2,doc_2,doc_2,doc_2,doc_2,doc_2,doc_2,doc_2,doc_2,doc_2,doc_2,doc_2,doc_2",19
ndividuel,"doc_2,doc_2,doc_2,doc_2,doc_2,doc_2,doc_2,doc_2,doc_2,doc_2,doc_2,doc_2,doc_2,doc_2,doc_2,doc_2,doc_2,doc_2,doc_2",19
oi,"doc_1,doc_2,doc_2,doc_2,doc_2,doc_2,doc_2,doc_2,doc_2,doc_2,doc_2,doc_2,doc_3,doc_3,doc_3,doc_3,doc_3,doc_3,doc_3",19
plusieurs,"doc_2,doc_2,doc_2,doc_2,doc_2,doc_3,doc_3,doc_3,doc_3,doc_3,doc_3,doc_3,doc_3,doc_3,doc_3,doc_3,doc_3,doc_3,doc_3",19
poser,"doc_2,doc_2,doc_2,doc_2,doc_2,doc_3,doc_3,doc_3,doc_3,doc_3,doc_3,doc_3,doc_3,doc_3,doc_3,doc_3,doc_3,doc_3,doc_3",19
pouvez,"doc_2,doc_2,doc_2,doc_2,doc_2,doc_2,doc_2,doc_2,doc_2,doc_2,doc_2,doc_2,doc_2,doc_2,doc_2,doc_2,doc_2,doc_2,doc_3",19
projet,"doc_2,doc_2,doc_3,doc_3,doc_3,doc_3,doc_3,doc_3,doc_3,doc_3,doc_3,doc_3,doc_3,doc_3,doc_3,doc_3,doc_3,doc_3,doc_3",19
respect,"doc_2,doc_2,doc_2,doc_2,doc_2,doc_2,doc_2,doc_2,doc_2,doc_2,doc_2,doc_2,doc_2,doc_2,doc_2,doc_2,doc_3,doc_3,doc_3",19
reste,"doc_2,doc_2,doc_2,doc_2,doc_2,doc_2,doc_2,doc_3,doc_3,doc_3,doc_3,doc_3,doc_3,doc_3,doc_3,doc_3,doc_3,doc_3,doc_3",19
situation,"doc_2,doc_2,doc_2,doc_2,doc_2,doc_2,doc_2,doc_2,doc_2,doc_2,doc_2,doc_2,doc_2,doc_2,doc_3,doc_3,doc_3,doc_3,doc_3",19
sorte,"doc_2,doc_2,doc_3,doc_3,doc_3,doc_3,doc_3,doc_3,doc_3,doc_3,doc_3,doc_3,doc_3,doc_3,doc_3,doc_3,doc_3,doc_3,doc_3",19
souvent,"doc_1,doc_2,doc_2,doc_2,doc_2,doc_2,doc_2,doc_2,doc_2,doc_2,doc_2,doc_3,doc_3,doc_3,doc_3,doc_3,doc_3,doc_3,doc_3",19
suivantes,"doc_2,doc_2,doc_2,doc_2,doc_2,doc_2,doc_2,doc_2,doc_2,doc_2,doc_2,doc_2,doc_3,doc_3,doc_3,doc_3,doc_3,doc_3,doc_3",19
termes,"doc_2,doc_2,doc_2,doc_2,doc_2,doc_2,doc_2,doc_2,doc_2,doc_2,doc_2,doc_2,doc_2,doc_2,doc_2,doc_2,doc_2,doc_2,doc_3",19
toute,"doc_1,doc_1,doc_2,doc_2,doc_2,doc_3,doc_3,doc_3,doc_3,doc_3,doc_3,doc_3,doc_3,doc_3,doc_3,doc_3,doc_3,doc_3,doc_3",19
vers,"doc_2,doc_2,doc_2,doc_2,doc_2,doc_2,doc_3,doc_3,doc_3,doc_3,doc_3,doc_3,doc_3,doc_3,doc_3,doc_3,doc_3,doc_3,doc_3",19
était,"doc_2,doc_2,doc_2,doc_2,doc_2,doc_2,doc_2,doc_2,doc_2,doc_3,doc_3,doc_3,doc_3,doc_3,doc_3,doc_3,doc_3,doc_3,doc_3",19
aller,"doc_2,doc_2,doc_2,doc_2,doc_3,doc_3,doc_3,doc_3,doc_3,doc_3,doc_3,doc_3,doc_3,doc_3,doc_3,doc_3,doc_3,doc_3",18
chez,"doc_2,doc_2,doc_2,doc_2,doc_2,doc_2,doc_2,doc_2,doc_2,doc_2,doc_3,doc_3,doc_3,doc_3,doc_3,doc_3,doc_3,doc_3",18
dons,"doc_2,doc_2,doc_2,doc_2,doc_2,doc_2,doc_2,doc_2,doc_2,doc_2,doc_2,doc_2,doc_2,doc_2,doc_2,doc_2,doc_2,doc_2",18
ensuite,"doc_2,doc_2,doc_2,doc_2,doc_2,doc_2,doc_2,doc_2,doc_2,doc_2,doc_2,doc_2,doc_2,doc_2,doc_3,doc_3,doc_3,doc_3",18
environnement,"doc_2,doc_2,doc_3,doc_3,doc_3,doc_3,doc_3,doc_3,doc_3,doc_3,doc_3,doc_3,doc_3,doc_3,doc_3,doc_3,doc_3,doc_3",18
informations,"doc_2,doc_2,doc_2,doc_2,doc_2,doc_2,doc_2,doc_2,doc_2,doc_2,doc_2,doc_2,doc_2,doc_2,doc_2,doc_2,doc_3,doc_3",18
mois,"doc_2,doc_2,doc_3,doc_3,doc_3,doc_3,doc_3,doc_3,doc_3,doc_3,doc_3,doc_3,doc_3,doc_3,doc_3,doc_3,doc_3,doc_3",18
part,"doc_1,doc_1,doc_2,doc_2,doc_2,doc_2,doc_2,doc_2,doc_3,doc_3,doc_3,doc_3,doc_3,doc_3,doc_3,doc_3,doc_3,doc_3",18
pensées,"doc_1,doc_1,doc_2,doc_2,doc_2,doc_2,doc_2,doc_2,doc_2,doc_2,doc_2,doc_3,doc_3,doc_3,doc_3,doc_3,doc_3,doc_3",18
performance,"doc_2,doc_2,doc_2,doc_2,doc_2,doc_2,doc_2,doc_2,doc_2,doc_2,doc_2,doc_2,doc_2,doc_2,doc_2,doc_2,doc_2,doc_2",18
quelquun,"doc_2,doc_2,doc_2,doc_2,doc_3,doc_3,doc_3,doc_3,doc_3,doc_3,doc_3,doc_3,doc_3,doc_3,doc_3,doc_3,doc_3,doc_3",18
sil,"doc_2,doc_2,doc_2,doc_2,doc_2,doc_2,doc_2,doc_3,doc_3,doc_3,doc_3,doc_3,doc_3,doc_3,doc_3,doc_3,doc_3,doc_3",18
taider,"doc_3,doc_3,doc_3,doc_3,doc_3,doc_3,doc_3,doc_3,doc_3,doc_3,doc_3,doc_3,doc_3,doc_3,doc_3,doc_3,doc_3,doc_3",18
tard,"doc_2,doc_2,doc_2,doc_2,doc_2,doc_2,doc_2,doc_3,doc_3,doc_3,doc_3,doc_3,doc_3,doc_3,doc_3,doc_3,doc_3,doc_3",18
ui,"doc_2,doc_2,doc_2,doc_2,doc_2,doc_2,doc_2,doc_2,doc_2,doc_2,doc_2,doc_2,doc_2,doc_3,doc_3,doc_3,doc_3,doc_3",18
vue,"doc_2,doc_2,doc_2,doc_2,doc_2,doc_2,doc_2,doc_2,doc_2,doc_2,doc_2,doc_2,doc_2,doc_2,doc_3,doc_3,doc_3,doc_3",18
ça,"doc_1,doc_1,doc_2,doc_3,doc_3,doc_3,doc_3,doc_3,doc_3,doc_3,doc_3,doc_3,doc_3,doc_3,doc_3,doc_3,doc_3,doc_3",18
êtes,"doc_1,doc_2,doc_2,doc_2,doc_2,doc_2,doc_2,doc_2,doc_2,doc_2,doc_2,doc_2,doc_2,doc_2,doc_2,doc_2,doc_2,doc_3",18
ù,"doc_2,doc_2,doc_2,doc_2,doc_2,doc_2,doc_2,doc_2,doc_2,doc_2,doc_2,doc_2,doc_2,doc_2,doc_3,doc_3,doc_3,doc_3",18
15,"doc_2,doc_2,doc_2,doc_2,doc_2,doc_2,doc_2,doc_2,doc_2,doc_2,doc_2,doc_3,doc_3,doc_3,doc_3,doc_3,doc_3",17
accomplir,"doc_2,doc_2,doc_2,doc_2,doc_2,doc_2,doc_3,doc_3,doc_3,doc_3,doc_3,doc_3,doc_3,doc_3,doc_3,doc_3,doc_3",17
avons,"doc_2,doc_2,doc_2,doc_2,doc_2,doc_2,doc_2,doc_2,doc_2,doc_2,doc_2,doc_3,doc_3,doc_3,doc_3,doc_3,doc_3",17
connaître,"doc_2,doc_2,doc_2,doc_2,doc_2,doc_3,doc_3,doc_3,doc_3,doc_3,doc_3,doc_3,doc_3,doc_3,doc_3,doc_3,doc_3",17
côté,"doc_2,doc_2,doc_2,doc_2,doc_2,doc_2,doc_3,doc_3,doc_3,doc_3,doc_3,doc_3,doc_3,doc_3,doc_3,doc_3,doc_3",17
datteindre,"doc_2,doc_2,doc_2,doc_2,doc_2,doc_2,doc_2,doc_2,doc_2,doc_3,doc_3,doc_3,doc_3,doc_3,doc_3,doc_3,doc_3",17
devenir,"doc_2,doc_2,doc_2,doc_2,doc_3,doc_3,doc_3,doc_3,doc_3,doc_3,doc_3,doc_3,doc_3,doc_3,doc_3,doc_3,doc_1",17
domaines,"doc_1,doc_2,doc_2,doc_2,doc_2,doc_2,doc_2,doc_3,doc_3,doc_3,doc_3,doc_3,doc_3,doc_3,doc_3,doc_3,doc_3",17
déterminer,"doc_2,doc_2,doc_2,doc_2,doc_2,doc_2,doc_2,doc_2,doc_3,doc_3,doc_3,doc_3,doc_3,doc_3,doc_3,doc_3,doc_3",17
javais,"doc_2,doc_3,doc_3,doc_3,doc_3,doc_3,doc_3,doc_3,doc_3,doc_3,doc_3,doc_3,doc_3,doc_3,doc_3,doc_3,doc_3",17
orsque,"doc_2,doc_2,doc_2,doc_2,doc_3,doc_3,doc_3,doc_3,doc_3,doc_3,doc_3,doc_3,doc_3,doc_3,doc_3,doc_3,doc_3",17
parfois,"doc_2,doc_2,doc_2,doc_2,doc_2,doc_2,doc_3,doc_3,doc_3,doc_3,doc_3,doc_3,doc_3,doc_3,doc_3,doc_3,doc_3",17
partir,"doc_2,doc_2,doc_2,doc_2,doc_3,doc_3,doc_3,doc_3,doc_3,doc_3,doc_3,doc_3,doc_3,doc_3,doc_3,doc_3,doc_3",17
réalisation,"doc_2,doc_2,doc_2,doc_2,doc_2,doc_2,doc_2,doc_2,doc_2,doc_2,doc_2,doc_2,doc_2,doc_2,doc_2,doc_2,doc_3",17
rôle,"doc_2,doc_2,doc_2,doc_2,doc_2,doc_2,doc_2,doc_2,doc_2,doc_2,doc_2,doc_2,doc_2,doc_2,doc_2,doc_2,doc_3",17
uelles,"doc_1,doc_2,doc_2,doc_2,doc_2,doc_2,doc_2,doc_2,doc_2,doc_3,doc_3,doc_3,doc_3,doc_3,doc_3,doc_3,doc_3",17
yeux,"doc_2,doc_2,doc_2,doc_2,doc_2,doc_2,doc_2,doc_3,doc_3,doc_3,doc_3,doc_3,doc_3,doc_3,doc_3,doc_3,doc_3",17
années,"doc_2,doc_2,doc_3,doc_3,doc_3,doc_3,doc_3,doc_3,doc_3,doc_3,doc_3,doc_3,doc_3,doc_3,doc_3,doc_3",16
aujourdhui,"doc_2,doc_2,doc_2,doc_2,doc_2,doc_2,doc_3,doc_3,doc_3,doc_3,doc_3,doc_3,doc_3,doc_3,doc_3,doc_1",16
chacun,"doc_2,doc_2,doc_2,doc_2,doc_2,doc_2,doc_2,doc_2,doc_2,doc_2,doc_2,doc_2,doc_3,doc_3,doc_3,doc_3",16
comportements,"doc_2,doc_2,doc_2,doc_2,doc_2,doc_2,doc_2,doc_2,doc_2,doc_2,doc_2,doc_2,doc_2,doc_2,doc_2,doc_3",16
coup,"doc_2,doc_3,doc_3,doc_3,doc_3,doc_3,doc_3,doc_3,doc_3,doc_3,doc_3,doc_3,doc_3,doc_3,doc_3,doc_3",16
dintelligence,"doc_2,doc_2,doc_2,doc_2,doc_2,doc_2,doc_2,doc_2,doc_2,doc_2,doc_2,doc_2,doc_2,doc_2,doc_2,doc_3",16
définir,"doc_2,doc_2,doc_2,doc_2,doc_2,doc_2,doc_2,doc_2,doc_2,doc_2,doc_2,doc_2,doc_2,doc_2,doc_2,doc_2",16
facile,"doc_2,doc_2,doc_2,doc_3,doc_3,doc_3,doc_3,doc_3,doc_3,doc_3,doc_3,doc_3,doc_3,doc_3,doc_3,doc_3",16
forces,"doc_2,doc_2,doc_2,doc_2,doc_2,doc_2,doc_2,doc_2,doc_2,doc_2,doc_2,doc_2,doc_2,doc_2,doc_3,doc_3",16
forme,"doc_2,doc_2,doc_2,doc_2,doc_2,doc_2,doc_2,doc_3,doc_3,doc_3,doc_3,doc_3,doc_3,doc_3,doc_3,doc_3",16
individuel,"doc_2,doc_2,doc_2,doc_2,doc_2,doc_2,doc_2,doc_2,doc_2,doc_2,doc_2,doc_2,doc_2,doc_2,doc_2,doc_2",16
iscussion,"doc_2,doc_2,doc_2,doc_2,doc_2,doc_2,doc_2,doc_2,doc_2,doc_2,doc_2,doc_2,doc_2,doc_2,doc_2,doc_2",16
limportance,"doc_2,doc_2,doc_2,doc_2,doc_2,doc_2,doc_3,doc_3,doc_3,doc_3,doc_3,doc_3,doc_3,doc_3,doc_3,doc_3",16
lintelligence,"doc_2,doc_2,doc_2,doc_2,doc_2,doc_2,doc_2,doc_2,doc_2,doc_2,doc_2,doc_2,doc_2,doc_2,doc_2,doc_2",16
liées,"doc_2,doc_2,doc_2,doc_2,doc_2,doc_2,doc_2,doc_2,doc_2,doc_2,doc_2,doc_2,doc_2,doc_2,doc_2,doc_3",16
maintenant,"doc_2,doc_2,doc_2,doc_2,doc_2,doc_2,doc_2,doc_2,doc_2,doc_2,doc_2,doc_2,doc_2,doc_2,doc_2,doc_3",16
maintenir,"doc_2,doc_2,doc_2,doc_2,doc_2,doc_2,doc_3,doc_3,doc_3,doc_3,doc_3,doc_3,doc_3,doc_3,doc_3,doc_3",16
ment,"doc_3,doc_3,doc_3,doc_3,doc_3,doc_3,doc_3,doc_3,doc_3,doc_3,doc_3,doc_3,doc_3,doc_3,doc_3,doc_3",16
minutes,"doc_2,doc_2,doc_2,doc_2,doc_2,doc_3,doc_3,doc_3,doc_3,doc_3,doc_3,doc_3,doc_3,doc_3,doc_3,doc_3",16
nouvelle,"doc_2,doc_2,doc_2,doc_2,doc_2,doc_2,doc_3,doc_3,doc_3,doc_3,doc_3,doc_3,doc_3,doc_3,doc_3,doc_3",16
otre,"doc_2,doc_2,doc_2,doc_2,doc_2,doc_2,doc_2,doc_2,doc_2,doc_2,doc_2,doc_3,doc_3,doc_3,doc_3,doc_3",16
pratique,"doc_2,doc_2,doc_2,doc_2,doc_2,doc_2,doc_2,doc_3,doc_3,doc_3,doc_3,doc_3,doc_3,doc_3,doc_3,doc_3",16
processus,"doc_1,doc_2,doc_2,doc_2,doc_2,doc_2,doc_2,doc_2,doc_2,doc_2,doc_2,doc_2,doc_2,doc_3,doc_3,doc_3",16
précis,"doc_2,doc_2,doc_3,doc_3,doc_3,doc_3,doc_3,doc_3,doc_3,doc_3,doc_3,doc_3,doc_3,doc_3,doc_1,doc_1",16
quun,"doc_2,doc_2,doc_2,doc_2,doc_2,doc_2,doc_2,doc_2,doc_3,doc_3,doc_3,doc_3,doc_3,doc_3,doc_3,doc_3",16
uelle,"doc_1,doc_2,doc_2,doc_2,doc_2,doc_2,doc_2,doc_2,doc_2,doc_2,doc_2,doc_2,doc_2,doc_3,doc_3,doc_3",16
13,"doc_2,doc_2,doc_2,doc_2,doc_2,doc_2,doc_2,doc_2,doc_2,doc_2,doc_2,doc_3,doc_3,doc_3,doc_3",15
actuelle,"doc_2,doc_2,doc_2,doc_3,doc_3,doc_3,doc_3,doc_3,doc_3,doc_3,doc_3,doc_3,doc_3,doc_3,doc_3",15
aime,"doc_2,doc_2,doc_2,doc_3,doc_3,doc_3,doc_3,doc_3,doc_3,doc_3,doc_3,doc_3,doc_3,doc_3,doc_3",15
avait,"doc_2,doc_2,doc_2,doc_2,doc_2,doc_2,doc_2,doc_2,doc_2,doc_2,doc_2,doc_3,doc_3,doc_3,doc_3",15
caractéristiques,"doc_2,doc_2,doc_2,doc_2,doc_2,doc_2,doc_2,doc_2,doc_2,doc_2,doc_2,doc_2,doc_2,doc_2,doc_2",15
commencer,"doc_3,doc_3,doc_3,doc_3,doc_3,doc_3,doc_3,doc_3,doc_3,doc_3,doc_3,doc_3,doc_3,doc_3,doc_3",15
comprendre,"doc_2,doc_2,doc_2,doc_2,doc_2,doc_2,doc_2,doc_2,doc_3,doc_3,doc_3,doc_3,doc_3,doc_3,doc_3",15
différentes,"doc_2,doc_2,doc_2,doc_2,doc_2,doc_2,doc_2,doc_2,doc_2,doc_2,doc_2,doc_2,doc_2,doc_2,doc_3",15
dois,"doc_2,doc_3,doc_3,doc_3,doc_3,doc_3,doc_3,doc_3,doc_3,doc_3,doc_3,doc_3,doc_3,doc_3,doc_3",15
droit,"doc_2,doc_2,doc_2,doc_2,doc_2,doc_2,doc_2,doc_2,doc_2,doc_3,doc_3,doc_3,doc_3,doc_3,doc_3",15
eu,"doc_1,doc_2,doc_2,doc_2,doc_2,doc_2,doc_2,doc_2,doc_3,doc_3,doc_3,doc_3,doc_3,doc_3,doc_3",15
lensemble,"doc_1,doc_2,doc_2,doc_2,doc_2,doc_2,doc_2,doc_2,doc_3,doc_3,doc_3,doc_3,doc_3,doc_3,doc_3",15
lire,"doc_1,doc_1,doc_1,doc_2,doc_3,doc_3,doc_3,doc_3,doc_3,doc_3,doc_3,doc_3,doc_3,doc_3,doc_3",15
omme,"doc_2,doc_2,doc_2,doc_2,doc_3,doc_3,doc_3,doc_3,doc_3,doc_3,doc_3,doc_3,doc_3,doc_3,doc_3",15
per,"doc_3,doc_3,doc_3,doc_3,doc_3,doc_3,doc_3,doc_3,doc_3,doc_3,doc_3,doc_3,doc_3,doc_3,doc_3",15
plutôt,"doc_2,doc_2,doc_2,doc_2,doc_2,doc_2,doc_2,doc_2,doc_3,doc_3,doc_3,doc_3,doc_3,doc_3,doc_3",15
positives,"doc_2,doc_2,doc_2,doc_2,doc_2,doc_2,doc_2,doc_2,doc_2,doc_2,doc_2,doc_2,doc_2,doc_2,doc_2",15
premier,"doc_2,doc_2,doc_2,doc_2,doc_2,doc_2,doc_2,doc_3,doc_3,doc_3,doc_3,doc_3,doc_3,doc_3,doc_3",15
première,"doc_1,doc_1,doc_2,doc_2,doc_2,doc_2,doc_2,doc_2,doc_3,doc_3,doc_3,doc_3,doc_3,doc_3,doc_3",15
régression,"doc_3,doc_3,doc_3,doc_3,doc_3,doc_3,doc_3,doc_3,doc_3,doc_3,doc_3,doc_3,doc_3,doc_3,doc_3",15
santé,"doc_2,doc_2,doc_2,doc_3,doc_3,doc_3,doc_3,doc_3,doc_3,doc_3,doc_3,doc_3,doc_3,doc_3,doc_3",15
sein,"doc_2,doc_2,doc_2,doc_2,doc_2,doc_2,doc_2,doc_2,doc_2,doc_2,doc_2,doc_2,doc_2,doc_2,doc_2",15
unique,"doc_2,doc_2,doc_2,doc_2,doc_2,doc_2,doc_2,doc_2,doc_2,doc_3,doc_3,doc_3,doc_3,doc_3,doc_3",15
vousmême,"doc_2,doc_2,doc_2,doc_2,doc_2,doc_2,doc_2,doc_2,doc_2,doc_2,doc_2,doc_2,doc_2,doc_2,doc_3",15
émotionnelle,"doc_2,doc_2,doc_2,doc_2,doc_2,doc_2,doc_2,doc_2,doc_2,doc_2,doc_2,doc_2,doc_2,doc_2,doc_2",15
aslow,"doc_2,doc_2,doc_2,doc_2,doc_2,doc_2,doc_2,doc_2,doc_2,doc_2,doc_2,doc_2,doc_2,doc_2",14
autrui,"doc_2,doc_2,doc_2,doc_2,doc_2,doc_2,doc_2,doc_2,doc_2,doc_2,doc_2,doc_2,doc_2,doc_3",14
catégories,"doc_2,doc_2,doc_2,doc_3,doc_3,doc_3,doc_3,doc_3,doc_3,doc_3,doc_3,doc_3,doc_3,doc_3",14
certaine,"doc_2,doc_2,doc_2,doc_2,doc_2,doc_2,doc_2,doc_2,doc_2,doc_2,doc_2,doc_2,doc_2,doc_3",14
changer,"doc_1,doc_2,doc_2,doc_2,doc_2,doc_2,doc_3,doc_3,doc_3,doc_3,doc_3,doc_3,doc_3,doc_3",14
compte,"doc_2,doc_2,doc_2,doc_2,doc_2,doc_2,doc_3,doc_3,doc_3,doc_3,doc_3,doc_3,doc_3,doc_3",14
doivent,"doc_2,doc_2,doc_2,doc_2,doc_2,doc_2,doc_2,doc_2,doc_2,doc_2,doc_2,doc_2,doc_2,doc_3",14
dénergie,"doc_2,doc_3,doc_3,doc_3,doc_3,doc_3,doc_3,doc_3,doc_3,doc_3,doc_3,doc_3,doc_3,doc_3",14
existe,"doc_2,doc_2,doc_2,doc_2,doc_2,doc_2,doc_3,doc_3,doc_3,doc_3,doc_3,doc_3,doc_3,doc_3",14
fille,"doc_2,doc_2,doc_2,doc_2,doc_2,doc_2,doc_2,doc_2,doc_2,doc_2,doc_2,doc_2,doc_2,doc_2",14
fonction,"doc_2,doc_2,doc_2,doc_2,doc_2,doc_2,doc_2,doc_2,doc_2,doc_3,doc_3,doc_3,doc_3,doc_3",14
liste,"doc_2,doc_2,doc_2,doc_2,doc_2,doc_2,doc_2,doc_2,doc_2,doc_2,doc_3,doc_3,doc_3,doc_3",14
maintien,"doc_2,doc_3,doc_3,doc_3,doc_3,doc_3,doc_3,doc_3,doc_3,doc_3,doc_3,doc_3,doc_3,doc_3",14
modèle,"doc_1,doc_1,doc_2,doc_2,doc_2,doc_2,doc_2,doc_2,doc_2,doc_2,doc_3,doc_3,doc_3,doc_3",14
moimême,"doc_2,doc_2,doc_2,doc_2,doc_2,doc_2,doc_2,doc_2,doc_3,doc_3,doc_3,doc_3,doc_3,doc_3",14
nécessaire,"doc_2,doc_2,doc_2,doc_2,doc_2,doc_2,doc_3,doc_3,doc_3,doc_3,doc_3,doc_3,doc_3,doc_3",14
out,"doc_2,doc_2,doc_2,doc_3,doc_3,doc_3,doc_3,doc_3,doc_3,doc_3,doc_3,doc_3,doc_3,doc_3",14
positive,"doc_2,doc_2,doc_2,doc_2,doc_2,doc_2,doc_2,doc_2,doc_2,doc_2,doc_2,doc_2,doc_2,doc_2",14
principe,"doc_2,doc_2,doc_2,doc_2,doc_2,doc_2,doc_2,doc_2,doc_2,doc_2,doc_2,doc_3,doc_3,doc_3",14
quune,"doc_2,doc_2,doc_2,doc_2,doc_2,doc_3,doc_3,doc_3,doc_3,doc_3,doc_3,doc_3,doc_3,doc_3",14
quà,"doc_2,doc_2,doc_2,doc_2,doc_2,doc_2,doc_2,doc_2,doc_3,doc_3,doc_3,doc_3,doc_3,doc_3",14
renforcer,"doc_2,doc_2,doc_2,doc_2,doc_2,doc_2,doc_2,doc_2,doc_2,doc_2,doc_2,doc_2,doc_3,doc_3",14
réflexion,"doc_2,doc_2,doc_2,doc_2,doc_2,doc_2,doc_2,doc_2,doc_2,doc_2,doc_2,doc_2,doc_2,doc_2",14
répondre,"doc_2,doc_2,doc_2,doc_2,doc_2,doc_2,doc_2,doc_3,doc_3,doc_3,doc_3,doc_3,doc_3,doc_3",14
seulement,"doc_2,doc_2,doc_2,doc_2,doc_2,doc_2,doc_2,doc_2,doc_3,doc_3,doc_3,doc_3,doc_3,doc_3",14
travailler,"doc_1,doc_2,doc_2,doc_2,doc_2,doc_2,doc_2,doc_2,doc_3,doc_3,doc_3,doc_3,doc_3,doc_3",14
uels,"doc_2,doc_2,doc_2,doc_2,doc_2,doc_2,doc_2,doc_2,doc_2,doc_3,doc_3,doc_3,doc_3,doc_3",14
éléments,"doc_2,doc_2,doc_2,doc_2,doc_2,doc_2,doc_2,doc_2,doc_2,doc_3,doc_3,doc_3,doc_3,doc_3",14
équipe,"doc_2,doc_2,doc_2,doc_2,doc_2,doc_2,doc_2,doc_2,doc_2,doc_2,doc_2,doc_2,doc_2,doc_2",14
ême,"doc_2,doc_3,doc_3,doc_3,doc_3,doc_3,doc_3,doc_3,doc_3,doc_3,doc_3,doc_3,doc_3,doc_3",14
104,"doc_2,doc_2,doc_2,doc_2,doc_2,doc_2,doc_2,doc_2,doc_2,doc_2,doc_2,doc_3,doc_3",13
11,"doc_2,doc_2,doc_2,doc_2,doc_2,doc_2,doc_2,doc_2,doc_2,doc_3,doc_3,doc_3,doc_1",13
12,"doc_1,doc_1,doc_2,doc_2,doc_2,doc_2,doc_2,doc_2,doc_2,doc_2,doc_2,doc_2,doc_2",13
17,"doc_2,doc_2,doc_2,doc_2,doc_2,doc_2,doc_2,doc_3,doc_3,doc_3,doc_3,doc_3,doc_3",13
agir,"doc_2,doc_2,doc_2,doc_2,doc_2,doc_2,doc_3,doc_3,doc_3,doc_3,doc_3,doc_3,doc_3",13
assertif,"doc_2,doc_2,doc_2,doc_2,doc_2,doc_2,doc_2,doc_2,doc_2,doc_2,doc_2,doc_2,doc_2",13
capable,"doc_2,doc_2,doc_2,doc_2,doc_2,doc_2,doc_3,doc_3,doc_3,doc_3,doc_3,doc_3,doc_3",13
changement,"doc_2,doc_2,doc_2,doc_2,doc_2,doc_2,doc_2,doc_2,doc_2,doc_2,doc_2,doc_2,doc_3",13
chapitre,"doc_3,doc_3,doc_3,doc_3,doc_3,doc_3,doc_3,doc_3,doc_3,doc_3,doc_3,doc_3,doc_3",13
chemin,"doc_2,doc_2,doc_2,doc_2,doc_3,doc_3,doc_3,doc_3,doc_3,doc_3,doc_3,doc_3,doc_3",13
différents,"doc_2,doc_2,doc_2,doc_2,doc_2,doc_2,doc_2,doc_2,doc_2,doc_3,doc_3,doc_3,doc_3",13
droits,"doc_2,doc_2,doc_2,doc_2,doc_2,doc_2,doc_2,doc_2,doc_2,doc_2,doc_2,doc_2,doc_3",13
esoins,"doc_2,doc_2,doc_2,doc_2,doc_2,doc_2,doc_2,doc_2,doc_2,doc_2,doc_2,doc_2,doc_2",13
existence,"doc_2,doc_3,doc_3,doc_3,doc_3,doc_3,doc_3,doc_3,doc_3,doc_3,doc_3,doc_3,doc_3",13
lexercice,"doc_2,doc_2,doc_2,doc_2,doc_2,doc_2,doc_2,doc_2,doc_3,doc_3,doc_3,doc_3,doc_3",13
lieu,"doc_2,doc_2,doc_2,doc_2,doc_2,doc_2,doc_2,doc_3,doc_3,doc_3,doc_3,doc_3,doc_3",13
lus,"doc_2,doc_2,doc_3,doc_3,doc_3,doc_3,doc_3,doc_3,doc_3,doc_3,doc_3,doc_3,doc_3",13
lécriture,"doc_3,doc_3,doc_3,doc_3,doc_3,doc_3,doc_3,doc_3,doc_3,doc_3,doc_3,doc_3,doc_3",13
membres,"doc_2,doc_2,doc_2,doc_2,doc_2,doc_2,doc_2,doc_2,doc_2,doc_2,doc_2,doc_2,doc_2",13
mode,"doc_2,doc_2,doc_2,doc_2,doc_2,doc_2,doc_2,doc_2,doc_2,doc_2,doc_2,doc_3,doc_3",13
mots,"doc_2,doc_2,doc_2,doc_2,doc_2,doc_3,doc_3,doc_3,doc_3,doc_3,doc_3,doc_3,doc_3",13
nombreuses,"doc_2,doc_2,doc_2,doc_2,doc_2,doc_2,doc_2,doc_2,doc_2,doc_2,doc_3,doc_3,doc_3",13
o,"doc_2,doc_2,doc_2,doc_2,doc_2,doc_2,doc_2,doc_3,doc_3,doc_3,doc_3,doc_3,doc_3",13
penser,"doc_1,doc_1,doc_2,doc_2,doc_2,doc_2,doc_2,doc_2,doc_2,doc_3,doc_3,doc_3,doc_3",13
perception,"doc_2,doc_2,doc_2,doc_2,doc_2,doc_2,doc_2,doc_2,doc_2,doc_2,doc_2,doc_2,doc_2",13
permet,"doc_1,doc_2,doc_2,doc_2,doc_2,doc_2,doc_2,doc_2,doc_2,doc_3,doc_3,doc_3,doc_3",13
petit,"doc_2,doc_2,doc_3,doc_3,doc_3,doc_3,doc_3,doc_3,doc_3,doc_3,doc_3,doc_3,doc_3",13
pouvons,"doc_2,doc_2,doc_2,doc_2,doc_2,doc_2,doc_2,doc_2,doc_3,doc_3,doc_3,doc_3,doc_3",13
seul,"doc_2,doc_2,doc_2,doc_2,doc_3,doc_3,doc_3,doc_3,doc_3,doc_3,doc_3,doc_3,doc_3",13
stce,"doc_2,doc_2,doc_2,doc_2,doc_2,doc_2,doc_2,doc_2,doc_2,doc_2,doc_2,doc_2,doc_3",13
suivre,"doc_2,doc_2,doc_2,doc_2,doc_3,doc_3,doc_3,doc_3,doc_3,doc_3,doc_3,doc_3,doc_3",13
aider,"doc_2,doc_2,doc_2,doc_2,doc_2,doc_2,doc_2,doc_3,doc_3,doc_3,doc_3,doc_3",12
avancer,"doc_2,doc_2,doc_2,doc_3,doc_3,doc_3,doc_3,doc_3,doc_3,doc_3,doc_3,doc_3",12
bonnes,"doc_2,doc_2,doc_2,doc_2,doc_3,doc_3,doc_3,doc_3,doc_3,doc_3,doc_1,doc_1",12
cinq,"doc_2,doc_2,doc_2,doc_2,doc_2,doc_2,doc_2,doc_2,doc_2,doc_2,doc_2,doc_3",12
clients,"doc_2,doc_2,doc_2,doc_2,doc_2,doc_2,doc_2,doc_2,doc_2,doc_2,doc_2,doc_3",12
communication,"doc_1,doc_1,doc_1,doc_1,doc_2,doc_2,doc_2,doc_2,doc_2,doc_2,doc_2,doc_2",12
connaissances,"doc_2,doc_2,doc_2,doc_2,doc_2,doc_2,doc_2,doc_2,doc_2,doc_3,doc_3,doc_3",12
conseils,"doc_2,doc_2,doc_2,doc_2,doc_2,doc_3,doc_3,doc_3,doc_3,doc_3,doc_3,doc_3",12
contraire,"doc_3,doc_3,doc_3,doc_3,doc_3,doc_3,doc_3,doc_3,doc_3,doc_3,doc_3,doc_1",12
cultures,"doc_2,doc_2,doc_2,doc_2,doc_2,doc_2,doc_2,doc_2,doc_2,doc_2,doc_2,doc_2",12
dentre,"doc_2,doc_2,doc_2,doc_2,doc_2,doc_2,doc_2,doc_2,doc_3,doc_3,doc_3,doc_3",12
début,"doc_2,doc_2,doc_2,doc_2,doc_2,doc_2,doc_3,doc_3,doc_3,doc_3,doc_3,doc_1",12
décider,"doc_2,doc_2,doc_2,doc_2,doc_2,doc_2,doc_3,doc_3,doc_3,doc_3,doc_3,doc_3",12
développé,"doc_2,doc_2,doc_2,doc_2,doc_2,doc_2,doc_2,doc_2,doc_2,doc_2,doc_2,doc_2",12
ela,"doc_2,doc_2,doc_2,doc_2,doc_2,doc_2,doc_3,doc_3,doc_3,doc_3,doc_3,doc_3",12
exemples,"doc_2,doc_2,doc_2,doc_2,doc_2,doc_2,doc_2,doc_2,doc_2,doc_2,doc_2,doc_3",12
formation,"doc_2,doc_2,doc_2,doc_2,doc_2,doc_2,doc_2,doc_3,doc_3,doc_3,doc_3,doc_3",12
formes,"doc_2,doc_2,doc_2,doc_2,doc_2,doc_2,doc_2,doc_2,doc_2,doc_2,doc_2,doc_3",12
habitude,"doc_3,doc_3,doc_3,doc_3,doc_3,doc_3,doc_3,doc_3,doc_3,doc_3,doc_3,doc_3",12
haque,"doc_1,doc_1,doc_2,doc_2,doc_2,doc_2,doc_2,doc_3,doc_3,doc_3,doc_3,doc_3",12
heures,"doc_1,doc_2,doc_3,doc_3,doc_3,doc_3,doc_3,doc_3,doc_3,doc_3,doc_3,doc_3",12
laction,"doc_2,doc_2,doc_2,doc_2,doc_2,doc_2,doc_2,doc_2,doc_3,doc_3,doc_3,doc_3",12
lautre,"doc_2,doc_2,doc_2,doc_2,doc_2,doc_2,doc_2,doc_2,doc_2,doc_3,doc_3,doc_1",12
liens,"doc_2,doc_2,doc_2,doc_2,doc_2,doc_2,doc_2,doc_2,doc_2,doc_2,doc_3,doc_3",12
ls,"doc_2,doc_2,doc_2,doc_2,doc_2,doc_2,doc_2,doc_2,doc_2,doc_2,doc_2,doc_3",12
malgré,"doc_2,doc_2,doc_2,doc_2,doc_3,doc_3,doc_3,doc_3,doc_3,doc_3,doc_3,doc_3",12
motivation,"doc_2,doc_2,doc_2,doc_2,doc_2,doc_2,doc_2,doc_2,doc_2,doc_2,doc_3,doc_3",12
méthode,"doc_1,doc_2,doc_2,doc_2,doc_2,doc_2,doc_2,doc_2,doc_2,doc_2,doc_3,doc_3",12
nombreux,"doc_1,doc_2,doc_2,doc_2,doc_2,doc_2,doc_3,doc_3,doc_3,doc_3,doc_3,doc_3",12
parler,"doc_1,doc_2,doc_3,doc_3,doc_3,doc_3,doc_3,doc_3,doc_3,doc_3,doc_3,doc_3",12
partager,"doc_2,doc_2,doc_2,doc_2,doc_2,doc_2,doc_3,doc_3,doc_3,doc_3,doc_3,doc_3",12
phase,"doc_3,doc_3,doc_3,doc_3,doc_3,doc_3,doc_3,doc_3,doc_3,doc_3,doc_3,doc_3",12
principes,"doc_2,doc_2,doc_2,doc_2,doc_2,doc_2,doc_2,doc_2,doc_2,doc_2,doc_3,doc_3",12
pris,"doc_2,doc_3,doc_3,doc_3,doc_3,doc_3,doc_3,doc_3,doc_3,doc_3,doc_3,doc_3",12
prix,"doc_2,doc_2,doc_2,doc_2,doc_2,doc_2,doc_2,doc_2,doc_2,doc_2,doc_2,doc_3",12
problèmes,"doc_2,doc_2,doc_2,doc_2,doc_2,doc_2,doc_2,doc_2,doc_2,doc_2,doc_2,doc_3",12
précise,"doc_2,doc_2,doc_2,doc_3,doc_3,doc_3,doc_3,doc_3,doc_3,doc_3,doc_3,doc_3",12
qualités,"doc_2,doc_2,doc_2,doc_2,doc_2,doc_2,doc_2,doc_2,doc_2,doc_2,doc_2,doc_2",12
semble,"doc_2,doc_2,doc_2,doc_2,doc_2,doc_2,doc_3,doc_3,doc_3,doc_3,doc_3,doc_3",12
sentir,"doc_2,doc_2,doc_2,doc_2,doc_2,doc_2,doc_2,doc_2,doc_2,doc_3,doc_3,doc_3",12
simple,"doc_1,doc_3,doc_3,doc_3,doc_3,doc_3,doc_3,doc_3,doc_3,doc_3,doc_3,doc_3",12
soient,"doc_2,doc_2,doc_2,doc_2,doc_2,doc_2,doc_2,doc_3,doc_3,doc_3,doc_3,doc_3",12
sujet,"doc_2,doc_2,doc_2,doc_3,doc_3,doc_3,doc_3,doc_3,doc_3,doc_3,doc_3,doc_3",12
ten,"doc_3,doc_3,doc_3,doc_3,doc_3,doc_3,doc_3,doc_3,doc_3,doc_3,doc_3,doc_3",12
toimême,"doc_3,doc_3,doc_3,doc_3,doc_3,doc_3,doc_3,doc_3,doc_3,doc_3,doc_3,doc_3",12
travers,"doc_2,doc_2,doc_2,doc_2,doc_2,doc_2,doc_2,doc_3,doc_3,doc_3,doc_3,doc_3",12
tôt,"doc_2,doc_3,doc_3,doc_3,doc_3,doc_3,doc_3,doc_3,doc_3,doc_3,doc_3,doc_3",12
utile,"doc_1,doc_2,doc_2,doc_2,doc_2,doc_2,doc_2,doc_2,doc_2,doc_2,doc_2,doc_3",12
vision,"doc_2,doc_2,doc_2,doc_2,doc_2,doc_2,doc_2,doc_3,doc_3,doc_3,doc_3,doc_3",12
étapes,"doc_2,doc_2,doc_2,doc_2,doc_2,doc_3,doc_3,doc_3,doc_3,doc_3,doc_3,doc_1",12
état,"doc_2,doc_2,doc_2,doc_2,doc_2,doc_3,doc_3,doc_3,doc_3,doc_3,doc_3,doc_3",12
apprendre,"doc_2,doc_2,doc_2,doc_2,doc_2,doc_3,doc_3,doc_3,doc_3,doc_3,doc_3",11
café,"doc_2,doc_2,doc_2,doc_2,doc_2,doc_2,doc_2,doc_2,doc_2,doc_2,doc_2",11
carte,"doc_2,doc_2,doc_2,doc_2,doc_2,doc_2,doc_2,doc_2,doc_2,doc_2,doc_2",11
celle,"doc_2,doc_3,doc_3,doc_3,doc_3,doc_3,doc_3,doc_3,doc_3,doc_3,doc_3",11
chacune,"doc_2,doc_2,doc_2,doc_2,doc_2,doc_2,doc_2,doc_3,doc_3,doc_3,doc_3",11
clés,"doc_2,doc_2,doc_2,doc_2,doc_2,doc_2,doc_2,doc_2,doc_2,doc_2,doc_2",11
collectif,"doc_2,doc_2,doc_2,doc_2,doc_2,doc_2,doc_2,doc_2,doc_2,doc_2,doc_3",11
compris,"doc_2,doc_2,doc_2,doc_2,doc_2,doc_3,doc_3,doc_3,doc_3,doc_3,doc_3",11
concernant,"doc_2,doc_2,doc_2,doc_2,doc_2,doc_2,doc_2,doc_2,doc_2,doc_2,doc_3",11
concerne,"doc_2,doc_2,doc_2,doc_2,doc_2,doc_2,doc_2,doc_3,doc_3,doc_3,doc_3",11
corps,"doc_2,doc_2,doc_2,doc_2,doc_3,doc_3,doc_3,doc_3,doc_3,doc_3,doc_3",11
créer,"doc_2,doc_3,doc_3,doc_3,doc_3,doc_3,doc_3,doc_3,doc_3,doc_3,doc_3",11
dautre,"doc_1,doc_2,doc_2,doc_3,doc_3,doc_3,doc_3,doc_3,doc_3,doc_3,doc_3",11
davoir,"doc_1,doc_2,doc_2,doc_2,doc_2,doc_2,doc_2,doc_2,doc_2,doc_3,doc_3",11
diversité,"doc_2,doc_2,doc_2,doc_2,doc_2,doc_2,doc_2,doc_2,doc_2,doc_2,doc_2",11
donne,"doc_2,doc_2,doc_3,doc_3,doc_3,doc_3,doc_3,doc_3,doc_3,doc_1,doc_1",11
décisions,"doc_2,doc_2,doc_2,doc_2,doc_3,doc_3,doc_3,doc_3,doc_3,doc_3,doc_3",11
expérience,"doc_1,doc_2,doc_2,doc_2,doc_2,doc_2,doc_2,doc_2,doc_3,doc_3,doc_3",11
faible,"doc_2,doc_2,doc_2,doc_2,doc_2,doc_2,doc_2,doc_2,doc_2,doc_2,doc_3",11
grâce,"doc_2,doc_2,doc_2,doc_3,doc_3,doc_3,doc_3,doc_3,doc_3,doc_3,doc_3",11
hiérarchie,"doc_2,doc_2,doc_2,doc_2,doc_2,doc_2,doc_2,doc_2,doc_2,doc_2,doc_2",11
identifier,"doc_2,doc_2,doc_2,doc_2,doc_2,doc_2,doc_2,doc_2,doc_2,doc_2,doc_2",11
importe,"doc_2,doc_2,doc_2,doc_2,doc_3,doc_3,doc_3,doc_3,doc_3,doc_3,doc_3",11
insi,"doc_1,doc_2,doc_2,doc_2,doc_2,doc_2,doc_2,doc_2,doc_3,doc_3,doc_3",11
intégrer,"doc_2,doc_3,doc_3,doc_3,doc_3,doc_3,doc_3,doc_3,doc_3,doc_3,doc_3",11
juste,"doc_2,doc_2,doc_2,doc_2,doc_2,doc_2,doc_2,doc_2,doc_3,doc_3,doc_3",11
jétais,"doc_2,doc_3,doc_3,doc_3,doc_3,doc_3,doc_3,doc_3,doc_3,doc_3,doc_3",11
leau,"doc_2,doc_2,doc_2,doc_2,doc_2,doc_2,doc_2,doc_2,doc_2,doc_2,doc_2",11
moyens,"doc_2,doc_2,doc_2,doc_2,doc_2,doc_2,doc_2,doc_3,doc_3,doc_3,doc_3",11
ni,"doc_2,doc_2,doc_3,doc_3,doc_3,doc_3,doc_3,doc_3,doc_3,doc_3,doc_3",11
nombre,"doc_2,doc_2,doc_2,doc_2,doc_2,doc_2,doc_3,doc_3,doc_3,doc_3,doc_3",11
opportunités,"doc_2,doc_2,doc_2,doc_2,doc_2,doc_2,doc_2,doc_2,doc_2,doc_2,doc_2",11
outefois,"doc_2,doc_2,doc_2,doc_2,doc_2,doc_3,doc_3,doc_3,doc_3,doc_3,doc_3",11
perdre,"doc_1,doc_2,doc_2,doc_2,doc_3,doc_3,doc_3,doc_3,doc_3,doc_3,doc_3",11
plan,"doc_1,doc_2,doc_2,doc_2,doc_2,doc_2,doc_2,doc_2,doc_2,doc_2,doc_3",11
progression,"doc_2,doc_2,doc_2,doc_3,doc_3,doc_3,doc_3,doc_3,doc_3,doc_3,doc_3",11
présent,"doc_2,doc_3,doc_3,doc_3,doc_3,doc_3,doc_3,doc_3,doc_3,doc_3,doc_3",11
réponse,"doc_2,doc_2,doc_2,doc_3,doc_3,doc_3,doc_3,doc_3,doc_3,doc_3,doc_1",11
score,"doc_2,doc_2,doc_2,doc_2,doc_2,doc_2,doc_2,doc_2,doc_2,doc_2,doc_2",11
serait,"doc_2,doc_2,doc_2,doc_2,doc_3,doc_3,doc_3,doc_3,doc_3,doc_3,doc_3",11
seront,"doc_2,doc_2,doc_2,doc_2,doc_2,doc_3,doc_3,doc_3,doc_3,doc_3,doc_3",11
spécifiques,"doc_2,doc_2,doc_2,doc_2,doc_2,doc_2,doc_2,doc_2,doc_2,doc_2,doc_2",11
suisje,"doc_2,doc_2,doc_2,doc_2,doc_2,doc_2,doc_2,doc_2,doc_2,doc_2,doc_2",11
tenir,"doc_3,doc_3,doc_3,doc_3,doc_3,doc_3,doc_3,doc_3,doc_3,doc_3,doc_3",11
vi,"doc_3,doc_3,doc_3,doc_3,doc_3,doc_3,doc_3,doc_3,doc_3,doc_3,doc_3",11
20,"doc_2,doc_2,doc_2,doc_2,doc_2,doc_3,doc_3,doc_3,doc_3,doc_3",10
30,"doc_2,doc_2,doc_2,doc_2,doc_3,doc_3,doc_3,doc_3,doc_3,doc_3",10
31,"doc_2,doc_2,doc_2,doc_2,doc_2,doc_2,doc_2,doc_2,doc_2,doc_3",10
50,"doc_2,doc_2,doc_2,doc_2,doc_2,doc_2,doc_3,doc_3,doc_3,doc_3",10
and,"doc_2,doc_2,doc_2,doc_2,doc_2,doc_2,doc_2,doc_2,doc_2,doc_2",10
auras,"doc_3,doc_3,doc_3,doc_3,doc_3,doc_3,doc_3,doc_3,doc_3,doc_3",10
autour,"doc_2,doc_2,doc_2,doc_2,doc_2,doc_2,doc_2,doc_2,doc_3,doc_3",10
avaient,"doc_1,doc_1,doc_2,doc_2,doc_2,doc_2,doc_2,doc_3,doc_3,doc_3",10
bonheur,"doc_2,doc_2,doc_2,doc_3,doc_3,doc_3,doc_3,doc_3,doc_3,doc_3",10
cohérence,"doc_2,doc_3,doc_3,doc_3,doc_3,doc_3,doc_3,doc_3,doc_3,doc_1",10
compréhension,"doc_2,doc_2,doc_2,doc_2,doc_2,doc_2,doc_2,doc_2,doc_3,doc_3",10
demande,"doc_1,doc_2,doc_2,doc_2,doc_2,doc_3,doc_3,doc_3,doc_3,doc_3",10
demander,"doc_2,doc_2,doc_2,doc_2,doc_2,doc_2,doc_3,doc_3,doc_3,doc_3",10
depuis,"doc_2,doc_3,doc_3,doc_3,doc_3,doc_3,doc_3,doc_3,doc_3,doc_3",10
destime,"doc_2,doc_2,doc_2,doc_2,doc_2,doc_2,doc_2,doc_2,doc_2,doc_2",10
devoir,"doc_2,doc_3,doc_3,doc_3,doc_3,doc_3,doc_3,doc_3,doc_3,doc_3",10
dimportance,"doc_2,doc_2,doc_2,doc_2,doc_2,doc_2,doc_2,doc_3,doc_3,doc_3",10
direction,"doc_2,doc_2,doc_2,doc_2,doc_3,doc_3,doc_3,doc_3,doc_3,doc_3",10
dès,"doc_1,doc_2,doc_2,doc_3,doc_3,doc_3,doc_3,doc_3,doc_3,doc_3",10
décidé,"doc_2,doc_3,doc_3,doc_3,doc_3,doc_3,doc_3,doc_3,doc_3,doc_3",10
enfant,"doc_2,doc_2,doc_2,doc_2,doc_2,doc_2,doc_2,doc_3,doc_3,doc_3",10
estce,"doc_2,doc_2,doc_2,doc_2,doc_2,doc_2,doc_2,doc_2,doc_2,doc_2",10
famille,"doc_2,doc_2,doc_2,doc_2,doc_2,doc_2,doc_2,doc_2,doc_2,doc_3",10
fixer,"doc_2,doc_2,doc_2,doc_2,doc_2,doc_2,doc_2,doc_2,doc_2,doc_2",10
grand,"doc_1,doc_2,doc_3,doc_3,doc_3,doc_3,doc_3,doc_3,doc_3,doc_3",10
grande,"doc_2,doc_2,doc_2,doc_2,doc_2,doc_3,doc_3,doc_3,doc_3,doc_3",10
guideéclaireuse,"doc_2,doc_2,doc_2,doc_2,doc_2,doc_2,doc_2,doc_2,doc_2,doc_2",10
haute,"doc_2,doc_2,doc_2,doc_2,doc_3,doc_3,doc_3,doc_3,doc_3,doc_3",10
he,"doc_1,doc_2,doc_2,doc_2,doc_2,doc_2,doc_2,doc_2,doc_2,doc_2",10
meilleur,"doc_1,doc_2,doc_2,doc_2,doc_2,doc_3,doc_3,doc_3,doc_3,doc_3",10
meilleure,"doc_2,doc_3,doc_3,doc_3,doc_3,doc_3,doc_3,doc_3,doc_3,doc_3",10
participantes,"doc_2,doc_2,doc_2,doc_2,doc_2,doc_2,doc_2,doc_2,doc_2,doc_2",10
plupart,"doc_2,doc_2,doc_2,doc_2,doc_2,doc_2,doc_2,doc_2,doc_3,doc_3",10
preuve,"doc_2,doc_2,doc_2,doc_2,doc_2,doc_2,doc_2,doc_2,doc_2,doc_2",10
priorités,"doc_1,doc_2,doc_2,doc_2,doc_2,doc_2,doc_2,doc_2,doc_3,doc_3",10
pu,"doc_2,doc_2,doc_3,doc_3,doc_3,doc_3,doc_3,doc_3,doc_3,doc_3",10
rendre,"doc_2,doc_2,doc_2,doc_2,doc_2,doc_3,doc_3,doc_3,doc_3,doc_3",10
réfléchir,"doc_2,doc_2,doc_2,doc_2,doc_2,doc_2,doc_2,doc_2,doc_2,doc_2",10
souhaite,"doc_2,doc_2,doc_2,doc_2,doc_2,doc_2,doc_3,doc_3,doc_3,doc_3",10
soutien,"doc_2,doc_2,doc_2,doc_2,doc_2,doc_2,doc_2,doc_2,doc_2,doc_2",10
types,"doc_1,doc_2,doc_2,doc_2,doc_2,doc_2,doc_2,doc_2,doc_2,doc_3",10
tête,"doc_2,doc_2,doc_2,doc_3,doc_3,doc_3,doc_3,doc_3,doc_3,doc_3",10
vies,"doc_2,doc_2,doc_2,doc_3,doc_3,doc_3,doc_3,doc_3,doc_3,doc_3",10
volonté,"doc_2,doc_3,doc_3,doc_3,doc_3,doc_3,doc_3,doc_3,doc_3,doc_3",10
xercic,"doc_3,doc_3,doc_3,doc_3,doc_3,doc_3,doc_3,doc_3,doc_3,doc_3",10
élevé,"doc_2,doc_2,doc_2,doc_2,doc_2,doc_2,doc_2,doc_2,doc_2,doc_2",10
101,"doc_2,doc_2,doc_2,doc_2,doc_2,doc_2,doc_2,doc_3,doc_3",9
14,"doc_2,doc_2,doc_2,doc_2,doc_2,doc_2,doc_2,doc_2,doc_3",9
16,"doc_2,doc_2,doc_2,doc_2,doc_2,doc_2,doc_2,doc_3,doc_3",9
18,"doc_2,doc_2,doc_2,doc_2,doc_2,doc_3,doc_3,doc_3,doc_3",9
41,"doc_2,doc_2,doc_2,doc_2,doc_2,doc_2,doc_2,doc_3,doc_3",9
52,"doc_2,doc_2,doc_2,doc_2,doc_2,doc_2,doc_3,doc_3,doc_3",9
81,"doc_2,doc_2,doc_2,doc_2,doc_2,doc_2,doc_2,doc_3,doc_3",9
aintenant,"doc_2,doc_2,doc_2,doc_2,doc_3,doc_3,doc_3,doc_3,doc_3",9
arrive,"doc_2,doc_2,doc_2,doc_2,doc_3,doc_3,doc_3,doc_3,doc_1",9
aspects,"doc_2,doc_2,doc_2,doc_2,doc_2,doc_2,doc_2,doc_3,doc_3",9
attitude,"doc_1,doc_2,doc_2,doc_2,doc_2,doc_2,doc_2,doc_2,doc_2",9
aura,"doc_2,doc_2,doc_3,doc_3,doc_3,doc_3,doc_3,doc_3,doc_3",9
cartes,"doc_2,doc_2,doc_2,doc_2,doc_2,doc_2,doc_2,doc_2,doc_3",9
coaching,"doc_2,doc_2,doc_3,doc_3,doc_3,doc_3,doc_3,doc_3,doc_3",9
commence,"doc_1,doc_2,doc_2,doc_2,doc_2,doc_3,doc_3,doc_3,doc_3",9
connais,"doc_2,doc_3,doc_3,doc_3,doc_3,doc_3,doc_3,doc_3,doc_3",9
coopération,"doc_2,doc_2,doc_2,doc_2,doc_2,doc_2,doc_2,doc_2,doc_2",9
dici,"doc_2,doc_2,doc_2,doc_2,doc_2,doc_2,doc_2,doc_2,doc_3",9
discipline,"doc_3,doc_3,doc_3,doc_3,doc_3,doc_3,doc_3,doc_3,doc_3",9
essentiel,"doc_2,doc_2,doc_2,doc_2,doc_2,doc_2,doc_3,doc_3,doc_3",9
forts,"doc_2,doc_2,doc_2,doc_2,doc_2,doc_2,doc_3,doc_3,doc_3",9
genre,"doc_2,doc_2,doc_2,doc_2,doc_2,doc_2,doc_3,doc_3,doc_3",9
groupes,"doc_2,doc_2,doc_2,doc_2,doc_2,doc_2,doc_2,doc_2,doc_2",9
générale,"doc_2,doc_2,doc_2,doc_2,doc_2,doc_2,doc_3,doc_3,doc_3",9
heure,"doc_1,doc_1,doc_2,doc_2,doc_3,doc_3,doc_3,doc_3,doc_3",9
individu,"doc_1,doc_2,doc_2,doc_2,doc_2,doc_2,doc_2,doc_2,doc_2",9
lecteurs,"doc_2,doc_3,doc_3,doc_3,doc_3,doc_3,doc_3,doc_3,doc_3",9
matin,"doc_1,doc_3,doc_3,doc_3,doc_3,doc_3,doc_3,doc_3,doc_3",9
mental,"doc_3,doc_3,doc_3,doc_3,doc_3,doc_3,doc_3,doc_3,doc_3",9
mis,"doc_2,doc_2,doc_3,doc_3,doc_3,doc_3,doc_3,doc_3,doc_3",9
musculation,"doc_3,doc_3,doc_3,doc_3,doc_3,doc_3,doc_3,doc_3,doc_3",9
mère,"doc_2,doc_2,doc_2,doc_2,doc_2,doc_2,doc_2,doc_2,doc_2",9
nai,"doc_2,doc_2,doc_2,doc_3,doc_3,doc_3,doc_3,doc_3,doc_3",9
nature,"doc_2,doc_2,doc_2,doc_3,doc_3,doc_3,doc_3,doc_3,doc_3",9
niveaux,"doc_2,doc_2,doc_2,doc_2,doc_2,doc_2,doc_2,doc_2,doc_3",9
nouveaux,"doc_2,doc_3,doc_3,doc_3,doc_3,doc_3,doc_3,doc_3,doc_3",9
opinions,"doc_2,doc_2,doc_2,doc_2,doc_2,doc_2,doc_2,doc_2,doc_2",9
ournal,"doc_2,doc_2,doc_2,doc_2,doc_2,doc_2,doc_2,doc_2,doc_2",9
parce,"doc_1,doc_1,doc_2,doc_2,doc_3,doc_3,doc_3,doc_3,doc_3",9
parviens,"doc_3,doc_3,doc_3,doc_3,doc_3,doc_3,doc_3,doc_3,doc_3",9
passe,"doc_3,doc_3,doc_3,doc_3,doc_3,doc_3,doc_3,doc_3,doc_3",9
passé,"doc_2,doc_2,doc_2,doc_3,doc_3,doc_3,doc_3,doc_3,doc_3",9
pleinement,"doc_2,doc_2,doc_2,doc_2,doc_2,doc_2,doc_2,doc_3,doc_3",9
pou,"doc_3,doc_3,doc_3,doc_3,doc_3,doc_3,doc_3,doc_3,doc_3",9
prends,"doc_2,doc_3,doc_3,doc_3,doc_3,doc_3,doc_3,doc_3,doc_3",9
problème,"doc_1,doc_2,doc_2,doc_3,doc_3,doc_3,doc_3,doc_3,doc_3",9
puis,"doc_2,doc_2,doc_2,doc_2,doc_2,doc_2,doc_3,doc_3,doc_3",9
puisje,"doc_2,doc_2,doc_2,doc_2,doc_2,doc_2,doc_2,doc_2,doc_2",9
qualité,"doc_2,doc_2,doc_2,doc_2,doc_2,doc_2,doc_3,doc_3,doc_3",9
raisons,"doc_2,doc_2,doc_2,doc_2,doc_2,doc_2,doc_2,doc_2,doc_3",9
rapport,"doc_2,doc_2,doc_2,doc_3,doc_3,doc_3,doc_3,doc_3,doc_3",9
respecter,"doc_2,doc_2,doc_2,doc_2,doc_3,doc_3,doc_3,doc_3,doc_3",9
responsabilité,"doc_2,doc_2,doc_2,doc_3,doc_3,doc_3,doc_3,doc_3,doc_3",9
sagit,"doc_1,doc_1,doc_1,doc_2,doc_2,doc_2,doc_2,doc_2,doc_3",9
seule,"doc_1,doc_2,doc_2,doc_2,doc_2,doc_2,doc_3,doc_3,doc_3",9
sommes,"doc_2,doc_2,doc_2,doc_3,doc_3,doc_3,doc_3,doc_3,doc_3",9
suivant,"doc_2,doc_2,doc_2,doc_2,doc_2,doc_2,doc_2,doc_3,doc_3",9
tâche,"doc_2,doc_2,doc_2,doc_2,doc_2,doc_2,doc_3,doc_3,doc_3",9
uel,"doc_1,doc_2,doc_2,doc_2,doc_2,doc_2,doc_3,doc_3,doc_3",9
uis,"doc_2,doc_2,doc_2,doc_2,doc_2,doc_2,doc_2,doc_2,doc_2",9
vraiment,"doc_1,doc_2,doc_2,doc_2,doc_2,doc_3,doc_3,doc_3,doc_3",9
également,"doc_1,doc_2,doc_2,doc_3,doc_3,doc_3,doc_3,doc_3,doc_3",9
énergie,"doc_2,doc_2,doc_3,doc_3,doc_3,doc_3,doc_3,doc_3,doc_3",9
éviter,"doc_2,doc_2,doc_2,doc_3,doc_3,doc_3,doc_3,doc_3,doc_3",9
évoluer,"doc_2,doc_3,doc_3,doc_3,doc_3,doc_3,doc_3,doc_3,doc_3",9
œuvre,"doc_2,doc_2,doc_2,doc_2,doc_2,doc_2,doc_2,doc_2,doc_2",9
000,"doc_2,doc_3,doc_3,doc_3,doc_3,doc_3,doc_3,doc_3",8
103,"doc_2,doc_2,doc_2,doc_2,doc_2,doc_2,doc_2,doc_3",8
2022,"doc_3,doc_3,doc_3,doc_3,doc_3,doc_3,doc_3,doc_3",8
42,"doc_2,doc_2,doc_2,doc_2,doc_2,doc_2,doc_2,doc_3",8
accompli,"doc_2,doc_2,doc_2,doc_2,doc_3,doc_3,doc_3,doc_3",8
age,"doc_1,doc_1,doc_1,doc_1,doc_1,doc_1,doc_1,doc_2",8
agressif,"doc_2,doc_2,doc_2,doc_2,doc_2,doc_2,doc_2,doc_2",8
aire,"doc_2,doc_2,doc_2,doc_2,doc_3,doc_3,doc_3,doc_3",8
améliorer,"doc_2,doc_2,doc_2,doc_2,doc_3,doc_3,doc_3,doc_3",8
arfois,"doc_2,doc_2,doc_3,doc_3,doc_3,doc_3,doc_3,doc_3",8
aspect,"doc_2,doc_2,doc_2,doc_2,doc_3,doc_3,doc_3,doc_3",8
autant,"doc_2,doc_2,doc_3,doc_3,doc_3,doc_3,doc_3,doc_3",8
base,"doc_2,doc_2,doc_2,doc_2,doc_3,doc_3,doc_3,doc_3",8
bout,"doc_3,doc_3,doc_3,doc_3,doc_3,doc_3,doc_3,doc_3",8
capacité,"doc_2,doc_2,doc_2,doc_2,doc_2,doc_2,doc_2,doc_3",8
capacités,"doc_2,doc_2,doc_2,doc_2,doc_2,doc_2,doc_2,doc_3",8
chercher,"doc_2,doc_3,doc_3,doc_3,doc_3,doc_3,doc_3,doc_3",8
communauté,"doc_1,doc_1,doc_2,doc_2,doc_2,doc_2,doc_2,doc_2",8
connaissance,"doc_2,doc_2,doc_2,doc_2,doc_2,doc_3,doc_3,doc_3",8
connu,"doc_2,doc_2,doc_3,doc_3,doc_3,doc_3,doc_1,doc_1",8
construire,"doc_2,doc_2,doc_3,doc_3,doc_3,doc_3,doc_3,doc_3",8
contre,"doc_2,doc_2,doc_2,doc_3,doc_3,doc_3,doc_3,doc_1",8
court,"doc_2,doc_2,doc_2,doc_2,doc_3,doc_3,doc_3,doc_3",8
devez,"doc_1,doc_2,doc_2,doc_2,doc_2,doc_2,doc_2,doc_2",8
dit,"doc_1,doc_1,doc_2,doc_2,doc_2,doc_3,doc_3,doc_3",8
dutiliser,"doc_2,doc_2,doc_2,doc_2,doc_2,doc_2,doc_2,doc_3",8
dé,"doc_3,doc_3,doc_3,doc_3,doc_3,doc_3,doc_3,doc_3",8
découvrir,"doc_2,doc_2,doc_2,doc_2,doc_2,doc_3,doc_3,doc_3",8
dénir,"doc_3,doc_3,doc_3,doc_3,doc_3,doc_3,doc_3,doc_3",8
désires,"doc_3,doc_3,doc_3,doc_3,doc_3,doc_3,doc_3,doc_3",8
efcace,"doc_3,doc_3,doc_3,doc_3,doc_3,doc_3,doc_3,doc_3",8
ettre,"doc_2,doc_2,doc_2,doc_2,doc_2,doc_2,doc_2,doc_3",8
faisons,"doc_2,doc_2,doc_2,doc_2,doc_2,doc_3,doc_3,doc_3",8
heureux,"doc_2,doc_2,doc_2,doc_2,doc_3,doc_3,doc_3,doc_3",8
histoires,"doc_2,doc_2,doc_3,doc_3,doc_3,doc_3,doc_3,doc_3",8
ible,"doc_2,doc_2,doc_2,doc_2,doc_2,doc_2,doc_2,doc_2",8
idéale,"doc_2,doc_3,doc_3,doc_3,doc_3,doc_3,doc_3,doc_3",8
ien,"doc_2,doc_2,doc_2,doc_2,doc_2,doc_2,doc_3,doc_3",8
importance,"doc_2,doc_2,doc_2,doc_2,doc_2,doc_2,doc_2,doc_3",8
jeunes,"doc_2,doc_2,doc_2,doc_2,doc_2,doc_2,doc_2,doc_2",8
lecture,"doc_2,doc_3,doc_3,doc_3,doc_3,doc_1,doc_1,doc_1",8
liés,"doc_1,doc_2,doc_2,doc_2,doc_2,doc_2,doc_2,doc_2",8
lle,"doc_2,doc_2,doc_2,doc_2,doc_2,doc_2,doc_2,doc_3",8
longtemps,"doc_2,doc_3,doc_3,doc_3,doc_3,doc_3,doc_3,doc_3",8
manque,"doc_2,doc_2,doc_3,doc_3,doc_3,doc_3,doc_3,doc_3",8
mets,"doc_2,doc_3,doc_3,doc_3,doc_3,doc_3,doc_3,doc_3",8
mêmes,"doc_2,doc_2,doc_3,doc_3,doc_3,doc_3,doc_3,doc_3",8
nont,"doc_2,doc_2,doc_2,doc_2,doc_2,doc_3,doc_3,doc_3",8
nousmêmes,"doc_2,doc_2,doc_2,doc_2,doc_2,doc_2,doc_3,doc_3",8
obstacles,"doc_2,doc_2,doc_2,doc_2,doc_2,doc_3,doc_3,doc_3",8
oici,"doc_2,doc_2,doc_2,doc_2,doc_2,doc_2,doc_3,doc_3",8
one,"doc_2,doc_2,doc_2,doc_2,doc_2,doc_2,doc_2,doc_2",8
outin,"doc_3,doc_3,doc_3,doc_3,doc_3,doc_3,doc_3,doc_3",8
parvenir,"doc_2,doc_2,doc_2,doc_2,doc_3,doc_3,doc_3,doc_3",8
pause,"doc_2,doc_3,doc_3,doc_3,doc_3,doc_3,doc_3,doc_3",8
personnalité,"doc_2,doc_2,doc_2,doc_2,doc_2,doc_2,doc_2,doc_3",8
petite,"doc_2,doc_2,doc_2,doc_2,doc_2,doc_2,doc_3,doc_3",8
peur,"doc_2,doc_2,doc_2,doc_2,doc_2,doc_2,doc_3,doc_3",8
poids,"doc_2,doc_2,doc_2,doc_2,doc_3,doc_3,doc_3,doc_3",8
positif,"doc_2,doc_2,doc_2,doc_2,doc_2,doc_2,doc_3,doc_3",8
pouvezvous,"doc_2,doc_2,doc_2,doc_2,doc_2,doc_2,doc_2,doc_2",8
premières,"doc_2,doc_2,doc_2,doc_2,doc_3,doc_3,doc_3,doc_3",8
presque,"doc_2,doc_3,doc_3,doc_3,doc_3,doc_3,doc_3,doc_3",8
projets,"doc_2,doc_2,doc_3,doc_3,doc_3,doc_3,doc_3,doc_3",8
relation,"doc_2,doc_2,doc_2,doc_2,doc_2,doc_2,doc_2,doc_3",8
revanche,"doc_3,doc_3,doc_3,doc_3,doc_3,doc_3,doc_3,doc_3",8
risques,"doc_2,doc_2,doc_2,doc_2,doc_2,doc_3,doc_3,doc_3",8
réactions,"doc_2,doc_2,doc_2,doc_2,doc_2,doc_3,doc_3,doc_3",8
réalité,"doc_3,doc_3,doc_3,doc_3,doc_3,doc_3,doc_3,doc_3",8
réellement,"doc_3,doc_3,doc_3,doc_3,doc_3,doc_3,doc_3,doc_3",8
réseaux,"doc_2,doc_2,doc_3,doc_3,doc_3,doc_3,doc_3,doc_3",8
réussite,"doc_2,doc_2,doc_2,doc_2,doc_2,doc_2,doc_3,doc_3",8
rééchir,"doc_3,doc_3,doc_3,doc_3,doc_3,doc_3,doc_3,doc_3",8
semaines,"doc_2,doc_2,doc_2,doc_3,doc_3,doc_3,doc_3,doc_3",8
sociales,"doc_1,doc_2,doc_2,doc_2,doc_2,doc_2,doc_3,doc_3",8
surtout,"doc_1,doc_3,doc_3,doc_3,doc_3,doc_3,doc_3,doc_3",8
sécurité,"doc_2,doc_2,doc_2,doc_2,doc_2,doc_2,doc_2,doc_2",8
tableau,"doc_2,doc_2,doc_2,doc_2,doc_2,doc_2,doc_3,doc_3",8
total,"doc_2,doc_2,doc_2,doc_2,doc_2,doc_2,doc_2,doc_3",8
traiter,"doc_2,doc_2,doc_2,doc_2,doc_2,doc_2,doc_2,doc_3",8
tés,"doc_3,doc_3,doc_3,doc_3,doc_3,doc_3,doc_3,doc_3",8
ue,"doc_2,doc_2,doc_2,doc_2,doc_2,doc_3,doc_3,doc_3",8
uoi,"doc_2,doc_2,doc_2,doc_2,doc_3,doc_3,doc_3,doc_3",8
venir,"doc_2,doc_3,doc_3,doc_3,doc_3,doc_3,doc_3,doc_3",8
voie,"doc_2,doc_2,doc_3,doc_3,doc_3,doc_3,doc_3,doc_3",8
voulez,"doc_1,doc_2,doc_2,doc_2,doc_2,doc_2,doc_2,doc_2",8
vrai,"doc_3,doc_3,doc_3,doc_3,doc_3,doc_3,doc_3,doc_3",8
étant,"doc_2,doc_2,doc_3,doc_3,doc_3,doc_3,doc_3,doc_3",8
25,"doc_2,doc_2,doc_2,doc_2,doc_2,doc_3,doc_3",7
96,"doc_2,doc_3,doc_3,doc_3,doc_3,doc_3,doc_3",7
accord,"doc_3,doc_3,doc_3,doc_3,doc_3,doc_3,doc_3",7
appris,"doc_2,doc_2,doc_2,doc_3,doc_3,doc_3,doc_3",7
approche,"doc_2,doc_2,doc_2,doc_2,doc_2,doc_3,doc_3",7
ardner,"doc_2,doc_2,doc_2,doc_2,doc_2,doc_2,doc_2",7
attitudes,"doc_1,doc_2,doc_2,doc_2,doc_2,doc_2,doc_2",7
avantages,"doc_2,doc_2,doc_2,doc_2,doc_3,doc_3,doc_3",7
biais,"doc_2,doc_2,doc_2,doc_3,doc_3,doc_3,doc_3",7
connaît,"doc_3,doc_3,doc_3,doc_3,doc_3,doc_3,doc_3",7
considère,"doc_2,doc_2,doc_2,doc_2,doc_3,doc_3,doc_3",7
contexte,"doc_2,doc_2,doc_2,doc_2,doc_2,doc_2,doc_2",7
correspond,"doc_2,doc_2,doc_2,doc_2,doc_3,doc_3,doc_3",7
croissance,"doc_2,doc_2,doc_2,doc_2,doc_2,doc_3,doc_3",7
croyances,"doc_2,doc_2,doc_2,doc_2,doc_2,doc_2,doc_2",7
daccepter,"doc_2,doc_2,doc_2,doc_2,doc_2,doc_2,doc_2",7
dapprendre,"doc_2,doc_2,doc_2,doc_2,doc_2,doc_2,doc_3",7
developpementpersonnel,"doc_1,doc_1,doc_1,doc_1,doc_1,doc_1,doc_1",7
didentifier,"doc_2,doc_2,doc_2,doc_2,doc_2,doc_2,doc_2",7
difcultés,"doc_3,doc_3,doc_3,doc_3,doc_3,doc_3,doc_3",7
dintégrer,"doc_3,doc_3,doc_3,doc_3,doc_3,doc_3,doc_3",7
dobjectifs,"doc_2,doc_2,doc_2,doc_2,doc_3,doc_3,doc_3",7
donné,"doc_2,doc_2,doc_2,doc_2,doc_3,doc_3,doc_3",7
durée,"doc_2,doc_3,doc_3,doc_3,doc_3,doc_3,doc_3",7
décide,"doc_2,doc_3,doc_3,doc_3,doc_3,doc_3,doc_3",7
décides,"doc_3,doc_3,doc_3,doc_3,doc_3,doc_3,doc_3",7
découverte,"doc_2,doc_2,doc_2,doc_2,doc_2,doc_3,doc_3",7
décriture,"doc_3,doc_3,doc_3,doc_3,doc_3,doc_3,doc_3",7
efforts,"doc_2,doc_2,doc_3,doc_3,doc_3,doc_3,doc_3",7
entreprendre,"doc_2,doc_2,doc_2,doc_2,doc_2,doc_2,doc_2",7
epuis,"doc_3,doc_3,doc_3,doc_3,doc_3,doc_3,doc_3",7
erreurs,"doc_2,doc_2,doc_2,doc_2,doc_2,doc_2,doc_2",7
esprit,"doc_2,doc_2,doc_2,doc_2,doc_2,doc_3,doc_3",7
essentiels,"doc_2,doc_2,doc_2,doc_2,doc_2,doc_2,doc_3",7
faiblesses,"doc_2,doc_2,doc_2,doc_2,doc_2,doc_3,doc_3",7
feedback,"doc_2,doc_2,doc_2,doc_2,doc_2,doc_2,doc_2",7
femmes,"doc_1,doc_2,doc_2,doc_2,doc_2,doc_2,doc_2",7
forte,"doc_2,doc_2,doc_2,doc_2,doc_2,doc_3,doc_3",7
fut,"doc_2,doc_2,doc_2,doc_2,doc_2,doc_2,doc_2",7
futur,"doc_2,doc_2,doc_3,doc_3,doc_3,doc_3,doc_3",7
garder,"doc_2,doc_2,doc_2,doc_2,doc_2,doc_2,doc_3",7
httpwwwsnipegroundcomblogdeveloppementpersonnel12livrespourchangerdevielesmeilleurslivresde,"doc_1,doc_1,doc_1,doc_1,doc_1,doc_1,doc_1",7
héros,"doc_2,doc_3,doc_3,doc_3,doc_3,doc_3,doc_3",7
identité,"doc_2,doc_3,doc_3,doc_3,doc_3,doc_3,doc_3",7
idéal,"doc_2,doc_3,doc_3,doc_3,doc_3,doc_3,doc_3",7
importantes,"doc_2,doc_2,doc_2,doc_2,doc_3,doc_3,doc_1",7
impossible,"doc_2,doc_3,doc_3,doc_3,doc_3,doc_3,doc_3",7
jaurais,"doc_3,doc_3,doc_3,doc_3,doc_3,doc_3,doc_3",7
joie,"doc_2,doc_3,doc_3,doc_3,doc_3,doc_3,doc_3",7
laccomplissement,"doc_2,doc_2,doc_2,doc_2,doc_3,doc_3,doc_3",7
lancer,"doc_3,doc_3,doc_3,doc_3,doc_3,doc_3,doc_3",7
laquelle,"doc_2,doc_2,doc_2,doc_3,doc_3,doc_3,doc_1",7
lavenir,"doc_2,doc_2,doc_3,doc_3,doc_3,doc_3,doc_3",7
lettre,"doc_1,doc_1,doc_2,doc_3,doc_3,doc_3,doc_3",7
liberté,"doc_2,doc_2,doc_2,doc_2,doc_2,doc_3,doc_3",7
lidée,"doc_2,doc_2,doc_2,doc_3,doc_3,doc_3,doc_3",7
lindividu,"doc_2,doc_2,doc_2,doc_2,doc_2,doc_2,doc_2",7
lobjectif,"doc_2,doc_2,doc_2,doc_3,doc_3,doc_3,doc_3",7
lunivers,"doc_2,doc_2,doc_3,doc_3,doc_3,doc_1,doc_1",7
mauvaise,"doc_1,doc_2,doc_3,doc_3,doc_3,doc_3,doc_3",7
minimum,"doc_2,doc_3,doc_3,doc_3,doc_3,doc_3,doc_3",7
mot,"doc_2,doc_2,doc_2,doc_2,doc_3,doc_3,doc_3",7
moyen,"doc_2,doc_2,doc_2,doc_3,doc_3,doc_3,doc_3",7
méthodes,"doc_2,doc_2,doc_2,doc_2,doc_2,doc_2,doc_3",7
na,"doc_2,doc_2,doc_3,doc_3,doc_3,doc_3,doc_3",7
navez,"doc_2,doc_2,doc_2,doc_2,doc_2,doc_2,doc_2",7
nen,"doc_1,doc_2,doc_2,doc_2,doc_3,doc_3,doc_3",7
nom,"doc_2,doc_2,doc_2,doc_3,doc_3,doc_3,doc_3",7
of,"doc_2,doc_2,doc_2,doc_2,doc_2,doc_2,doc_2",7
otez,"doc_2,doc_2,doc_2,doc_2,doc_2,doc_2,doc_2",7
ouverte,"doc_2,doc_2,doc_2,doc_2,doc_2,doc_2,doc_2",7
parmi,"doc_2,doc_2,doc_2,doc_2,doc_2,doc_3,doc_3",7
parties,"doc_1,doc_2,doc_2,doc_2,doc_2,doc_3,doc_3",7
passif,"doc_2,doc_2,doc_2,doc_2,doc_2,doc_2,doc_2",7
permettront,"doc_2,doc_2,doc_2,doc_2,doc_2,doc_3,doc_3",7
physique,"doc_3,doc_3,doc_3,doc_3,doc_3,doc_3,doc_3",7
piste,"doc_3,doc_3,doc_3,doc_3,doc_3,doc_3,doc_3",7
plaisir,"doc_3,doc_3,doc_3,doc_3,doc_3,doc_3,doc_3",7
plein,"doc_2,doc_2,doc_3,doc_3,doc_3,doc_3,doc_3",7
possibilité,"doc_2,doc_3,doc_3,doc_3,doc_3,doc_3,doc_3",7
pourrais,"doc_3,doc_3,doc_3,doc_3,doc_3,doc_3,doc_3",7
prennent,"doc_2,doc_2,doc_3,doc_3,doc_3,doc_3,doc_3",7
probablement,"doc_2,doc_2,doc_2,doc_2,doc_2,doc_3,doc_3",7
professionnelle,"doc_2,doc_2,doc_2,doc_2,doc_2,doc_3,doc_3",7
préfère,"doc_2,doc_2,doc_2,doc_2,doc_3,doc_3,doc_3",7
prêt,"doc_3,doc_3,doc_3,doc_3,doc_3,doc_3,doc_3",7
période,"doc_2,doc_2,doc_2,doc_3,doc_3,doc_3,doc_3",7
quatre,"doc_2,doc_2,doc_2,doc_2,doc_3,doc_3,doc_3",7
quitte,"doc_2,doc_2,doc_3,doc_3,doc_3,doc_3,doc_3",7
raison,"doc_1,doc_1,doc_2,doc_3,doc_3,doc_3,doc_3",7
recherche,"doc_2,doc_2,doc_2,doc_3,doc_3,doc_3,doc_3",7
reconnaître,"doc_2,doc_2,doc_2,doc_2,doc_2,doc_2,doc_2",7
regard,"doc_2,doc_2,doc_2,doc_2,doc_2,doc_2,doc_3",7
représente,"doc_2,doc_2,doc_2,doc_2,doc_2,doc_3,doc_3",7
responsabilités,"doc_2,doc_2,doc_2,doc_2,doc_2,doc_2,doc_3",7
retrouver,"doc_3,doc_3,doc_3,doc_3,doc_3,doc_3,doc_3",7
roit,"doc_2,doc_2,doc_2,doc_2,doc_2,doc_2,doc_2",7
rou,"doc_3,doc_3,doc_3,doc_3,doc_3,doc_3,doc_3",7
résoudre,"doc_2,doc_2,doc_2,doc_2,doc_2,doc_3,doc_3",7
rôles,"doc_2,doc_2,doc_2,doc_2,doc_2,doc_2,doc_2",7
sait,"doc_2,doc_3,doc_3,doc_3,doc_3,doc_3,doc_3",7
section,"doc_2,doc_2,doc_2,doc_2,doc_2,doc_2,doc_2",7
simplement,"doc_1,doc_2,doc_2,doc_3,doc_3,doc_3,doc_3",7
social,"doc_2,doc_2,doc_2,doc_3,doc_3,doc_3,doc_3",7
sociaux,"doc_2,doc_2,doc_3,doc_3,doc_3,doc_3,doc_3",7
société,"doc_2,doc_2,doc_2,doc_2,doc_2,doc_3,doc_3",7
sortir,"doc_3,doc_3,doc_3,doc_3,doc_3,doc_3,doc_3",7
styles,"doc_2,doc_2,doc_2,doc_2,doc_2,doc_2,doc_2",7
succès,"doc_1,doc_1,doc_2,doc_2,doc_2,doc_3,doc_3",7
sûrement,"doc_3,doc_3,doc_3,doc_3,doc_3,doc_3,doc_3",7
test,"doc_2,doc_2,doc_2,doc_3,doc_3,doc_3,doc_3",7
théorie,"doc_2,doc_2,doc_2,doc_2,doc_2,doc_2,doc_3",7
tirer,"doc_2,doc_2,doc_3,doc_3,doc_3,doc_3,doc_3",7
totalement,"doc_2,doc_2,doc_2,doc_3,doc_3,doc_3,doc_3",7
trouve,"doc_2,doc_3,doc_3,doc_3,doc_3,doc_3,doc_3",7
utiliser,"doc_2,doc_2,doc_2,doc_2,doc_2,doc_3,doc_3",7
vezvous,"doc_2,doc_2,doc_2,doc_2,doc_2,doc_2,doc_2",7
vite,"doc_2,doc_2,doc_3,doc_3,doc_3,doc_3,doc_3",7
voire,"doc_2,doc_2,doc_2,doc_2,doc_3,doc_3,doc_3",7
vois,"doc_2,doc_2,doc_3,doc_3,doc_3,doc_3,doc_3",7
écrit,"doc_2,doc_3,doc_3,doc_3,doc_3,doc_3,doc_3",7
éfléchissez,"doc_2,doc_2,doc_2,doc_2,doc_2,doc_2,doc_1",7
élément,"doc_3,doc_3,doc_3,doc_3,doc_3,doc_3,doc_3",7
établir,"doc_2,doc_2,doc_2,doc_2,doc_2,doc_3,doc_3",7
102,"doc_2,doc_2,doc_2,doc_2,doc_2,doc_3",6
105,"doc_2,doc_2,doc_2,doc_2,doc_2,doc_3",6
21,"doc_2,doc_2,doc_2,doc_2,doc_2,doc_3",6
32,"doc_2,doc_2,doc_2,doc_2,doc_2,doc_3",6
39,"doc_2,doc_2,doc_3,doc_3,doc_3,doc_3",6
43,"doc_2,doc_2,doc_2,doc_3,doc_3,doc_3",6
51,"doc_2,doc_2,doc_2,doc_2,doc_2,doc_3",6
absolument,"doc_1,doc_3,doc_3,doc_3,doc_3,doc_3",6
acquérir,"doc_2,doc_2,doc_2,doc_2,doc_2,doc_2",6
actuel,"doc_2,doc_2,doc_2,doc_3,doc_3,doc_3",6
actuellement,"doc_2,doc_2,doc_3,doc_3,doc_3,doc_3",6
afin,"doc_2,doc_2,doc_2,doc_2,doc_2,doc_2",6
aije,"doc_2,doc_2,doc_2,doc_2,doc_2,doc_2",6
assertive,"doc_2,doc_2,doc_2,doc_2,doc_2,doc_2",6
auprès,"doc_2,doc_2,doc_2,doc_2,doc_2,doc_3",6
avais,"doc_3,doc_3,doc_3,doc_3,doc_3,doc_3",6
avril,"doc_3,doc_3,doc_3,doc_3,doc_3,doc_3",6
bjectif,"doc_2,doc_2,doc_2,doc_2,doc_2,doc_2",6
buffles,"doc_2,doc_2,doc_2,doc_2,doc_2,doc_2",6
cause,"doc_2,doc_2,doc_3,doc_3,doc_3,doc_3",6
cellesci,"doc_2,doc_2,doc_3,doc_3,doc_3,doc_3",6
certain,"doc_2,doc_2,doc_3,doc_3,doc_3,doc_1",6
chances,"doc_2,doc_2,doc_3,doc_3,doc_3,doc_3",6
clair,"doc_2,doc_2,doc_2,doc_3,doc_3,doc_3",6
claire,"doc_2,doc_3,doc_3,doc_3,doc_3,doc_3",6
colonne,"doc_2,doc_2,doc_2,doc_2,doc_2,doc_2",6
com,"doc_3,doc_3,doc_3,doc_3,doc_3,doc_3",6
complète,"doc_2,doc_2,doc_3,doc_3,doc_3,doc_3",6
comporter,"doc_2,doc_2,doc_2,doc_2,doc_3,doc_3",6
concentrer,"doc_2,doc_3,doc_3,doc_3,doc_3,doc_3",6
conseil,"doc_3,doc_3,doc_3,doc_3,doc_3,doc_3",6
considérer,"doc_2,doc_2,doc_3,doc_3,doc_3,doc_3",6
consiste,"doc_2,doc_3,doc_3,doc_3,doc_3,doc_3",6
continuer,"doc_3,doc_3,doc_3,doc_3,doc_3,doc_3",6
core,"doc_2,doc_2,doc_3,doc_3,doc_3,doc_3",6
crois,"doc_2,doc_2,doc_3,doc_3,doc_3,doc_3",6
culture,"doc_2,doc_2,doc_2,doc_2,doc_2,doc_2",6
daller,"doc_2,doc_3,doc_3,doc_3,doc_3,doc_3",6
date,"doc_2,doc_2,doc_2,doc_2,doc_3,doc_3",6
dautant,"doc_2,doc_3,doc_3,doc_3,doc_3,doc_3",6
demanda,"doc_2,doc_2,doc_2,doc_2,doc_2,doc_2",6
den,"doc_2,doc_2,doc_3,doc_3,doc_3,doc_3",6
dernière,"doc_2,doc_3,doc_3,doc_3,doc_3,doc_3",6
devient,"doc_3,doc_3,doc_3,doc_3,doc_3,doc_1",6
différence,"doc_2,doc_3,doc_3,doc_3,doc_3,doc_3",6
différent,"doc_2,doc_2,doc_2,doc_3,doc_3,doc_3",6
directement,"doc_1,doc_2,doc_3,doc_3,doc_3,doc_3",6
diriger,"doc_2,doc_2,doc_2,doc_2,doc_3,doc_3",6
donnera,"doc_1,doc_2,doc_3,doc_3,doc_3,doc_3",6
définies,"doc_2,doc_2,doc_2,doc_2,doc_2,doc_2",6
définitions,"doc_2,doc_2,doc_2,doc_2,doc_2,doc_2",6
délais,"doc_2,doc_2,doc_2,doc_2,doc_2,doc_2",6
dépend,"doc_2,doc_2,doc_2,doc_2,doc_2,doc_3",6
efficace,"doc_2,doc_2,doc_2,doc_2,doc_2,doc_2",6
emandez,"doc_2,doc_2,doc_2,doc_2,doc_2,doc_2",6
examiner,"doc_2,doc_2,doc_2,doc_2,doc_2,doc_2",6
exercices,"doc_2,doc_2,doc_2,doc_3,doc_3,doc_3",6
exister,"doc_2,doc_3,doc_3,doc_3,doc_3,doc_3",6
facilement,"doc_2,doc_2,doc_2,doc_2,doc_3,doc_3",6
faites,"doc_2,doc_2,doc_2,doc_2,doc_2,doc_3",6
filles,"doc_2,doc_2,doc_2,doc_2,doc_2,doc_2",6
fond,"doc_2,doc_3,doc_3,doc_3,doc_3,doc_3",6
forcément,"doc_1,doc_3,doc_3,doc_3,doc_3,doc_3",6
fort,"doc_2,doc_2,doc_2,doc_3,doc_3,doc_3",6
grandes,"doc_2,doc_2,doc_3,doc_3,doc_3,doc_3",6
guide,"doc_2,doc_2,doc_2,doc_2,doc_2,doc_3",6
habituel,"doc_2,doc_3,doc_3,doc_3,doc_3,doc_3",6
identifié,"doc_2,doc_2,doc_2,doc_2,doc_2,doc_2",6
impact,"doc_2,doc_2,doc_2,doc_3,doc_3,doc_3",6
importante,"doc_2,doc_2,doc_3,doc_3,doc_3,doc_3",6
incluent,"doc_2,doc_2,doc_2,doc_2,doc_2,doc_2",6
inspirer,"doc_2,doc_2,doc_3,doc_3,doc_3,doc_3",6
instant,"doc_2,doc_3,doc_3,doc_3,doc_3,doc_3",6
ire,"doc_2,doc_3,doc_3,doc_3,doc_3,doc_3",6
jeu,"doc_2,doc_3,doc_3,doc_3,doc_3,doc_3",6
laide,"doc_1,doc_1,doc_2,doc_2,doc_2,doc_3",6
largent,"doc_3,doc_3,doc_3,doc_3,doc_3,doc_3",6
lassez,"doc_2,doc_2,doc_2,doc_2,doc_2,doc_2",6
lesquels,"doc_2,doc_2,doc_2,doc_2,doc_3,doc_3",6
libre,"doc_2,doc_3,doc_3,doc_3,doc_3,doc_3",6
limites,"doc_2,doc_2,doc_2,doc_2,doc_2,doc_3",6
limpact,"doc_2,doc_2,doc_2,doc_2,doc_2,doc_2",6
lintention,"doc_2,doc_2,doc_2,doc_2,doc_2,doc_2",6
lié,"doc_2,doc_2,doc_2,doc_2,doc_2,doc_3",6
llectif,"doc_2,doc_2,doc_2,doc_2,doc_2,doc_2",6
longue,"doc_2,doc_3,doc_3,doc_3,doc_3,doc_3",6
lorsquon,"doc_3,doc_3,doc_3,doc_3,doc_3,doc_3",6
lun,"doc_1,doc_2,doc_2,doc_2,doc_3,doc_3",6
maison,"doc_2,doc_2,doc_2,doc_3,doc_3,doc_3",6
mauvais,"doc_2,doc_2,doc_3,doc_3,doc_3,doc_3",6
maximale,"doc_2,doc_2,doc_2,doc_2,doc_2,doc_3",6
maximum,"doc_2,doc_3,doc_3,doc_3,doc_3,doc_3",6
met,"doc_2,doc_2,doc_3,doc_3,doc_3,doc_3",6
mise,"doc_2,doc_2,doc_2,doc_2,doc_3,doc_3",6
missio,"doc_3,doc_3,doc_3,doc_3,doc_3,doc_3",6
moyenne,"doc_3,doc_3,doc_3,doc_3,doc_3,doc_3",6
nas,"doc_3,doc_3,doc_3,doc_3,doc_3,doc_3",6
nexiste,"doc_2,doc_2,doc_3,doc_3,doc_3,doc_3",6
ohn,"doc_3,doc_3,doc_3,doc_3,doc_1,doc_1",6
oilà,"doc_1,doc_2,doc_3,doc_3,doc_3,doc_3",6
onsulté,"doc_3,doc_3,doc_3,doc_3,doc_3,doc_3",6
os,"doc_2,doc_2,doc_2,doc_2,doc_3,doc_3",6
outil,"doc_2,doc_2,doc_2,doc_2,doc_3,doc_3",6
partenaire,"doc_3,doc_3,doc_3,doc_3,doc_3,doc_3",6
permettra,"doc_2,doc_2,doc_3,doc_3,doc_3,doc_3",6
personnels,"doc_2,doc_2,doc_2,doc_2,doc_2,doc_2",6
perspective,"doc_2,doc_2,doc_2,doc_2,doc_2,doc_2",6
petits,"doc_2,doc_2,doc_3,doc_3,doc_3,doc_3",6
photo,"doc_2,doc_2,doc_3,doc_3,doc_3,doc_3",6
physiologiques,"doc_2,doc_2,doc_2,doc_2,doc_2,doc_2",6
pourrait,"doc_2,doc_3,doc_3,doc_3,doc_3,doc_3",6
pourrez,"doc_2,doc_2,doc_2,doc_2,doc_2,doc_3",6
pourtant,"doc_2,doc_3,doc_3,doc_3,doc_3,doc_3",6
pprendre,"doc_2,doc_2,doc_2,doc_2,doc_2,doc_2",6
preuves,"doc_2,doc_2,doc_2,doc_3,doc_3,doc_3",6
principale,"doc_1,doc_2,doc_2,doc_3,doc_3,doc_3",6
priorité,"doc_1,doc_2,doc_3,doc_3,doc_3,doc_3",6
prise,"doc_2,doc_2,doc_2,doc_2,doc_3,doc_3",6
profondément,"doc_2,doc_3,doc_3,doc_3,doc_3,doc_3",6
progrès,"doc_2,doc_2,doc_2,doc_2,doc_3,doc_3",6
propositions,"doc_2,doc_2,doc_2,doc_2,doc_2,doc_2",6
puisse,"doc_2,doc_2,doc_3,doc_3,doc_3,doc_3",6
quantité,"doc_2,doc_3,doc_3,doc_3,doc_3,doc_3",6
quitter,"doc_3,doc_3,doc_3,doc_3,doc_3,doc_3",6
quotidienne,"doc_2,doc_3,doc_3,doc_3,doc_3,doc_3",6
responsables,"doc_2,doc_2,doc_2,doc_2,doc_2,doc_2",6
risque,"doc_2,doc_3,doc_3,doc_3,doc_3,doc_3",6
règles,"doc_2,doc_2,doc_2,doc_3,doc_3,doc_3",6
réduire,"doc_2,doc_2,doc_2,doc_2,doc_3,doc_3",6
réer,"doc_2,doc_2,doc_2,doc_2,doc_2,doc_3",6
régresser,"doc_2,doc_3,doc_3,doc_3,doc_3,doc_3",6
réussi,"doc_2,doc_2,doc_2,doc_3,doc_3,doc_1",6
réussir,"doc_2,doc_2,doc_2,doc_3,doc_3,doc_3",6
satisfaction,"doc_2,doc_2,doc_2,doc_3,doc_3,doc_3",6
satisfaire,"doc_2,doc_2,doc_2,doc_2,doc_3,doc_3",6
satisfait,"doc_2,doc_2,doc_2,doc_2,doc_2,doc_3",6
satisfaits,"doc_2,doc_2,doc_2,doc_2,doc_2,doc_2",6
semaine,"doc_3,doc_3,doc_3,doc_3,doc_3,doc_3",6
service,"doc_2,doc_2,doc_2,doc_2,doc_3,doc_3",6
sils,"doc_2,doc_2,doc_2,doc_2,doc_2,doc_2",6
soimême,"doc_2,doc_2,doc_2,doc_3,doc_3,doc_3",6
sufsamment,"doc_3,doc_3,doc_3,doc_3,doc_3,doc_3",6
suivi,"doc_2,doc_2,doc_2,doc_2,doc_2,doc_3",6
sy,"doc_2,doc_2,doc_3,doc_3,doc_3,doc_3",6
techniques,"doc_1,doc_2,doc_2,doc_2,doc_2,doc_2",6
tine,"doc_3,doc_3,doc_3,doc_3,doc_3,doc_3",6
uestions,"doc_2,doc_2,doc_2,doc_2,doc_2,doc_2",6
ujourdhui,"doc_3,doc_3,doc_3,doc_3,doc_3,doc_3",6
ut,"doc_2,doc_2,doc_2,doc_2,doc_2,doc_2",6
utiles,"doc_2,doc_2,doc_2,doc_3,doc_3,doc_3",6
vient,"doc_2,doc_3,doc_3,doc_3,doc_3,doc_3",6
vouloir,"doc_2,doc_3,doc_3,doc_3,doc_3,doc_3",6
vu,"doc_2,doc_3,doc_3,doc_3,doc_3,doc_3",6
ààààà,"doc_3,doc_3,doc_3,doc_3,doc_3,doc_3",6
écouvrir,"doc_2,doc_2,doc_2,doc_2,doc_2,doc_2",6
écris,"doc_3,doc_3,doc_3,doc_3,doc_3,doc_3",6
étape,"doc_2,doc_2,doc_3,doc_3,doc_3,doc_3",6
êtres,"doc_2,doc_2,doc_3,doc_3,doc_3,doc_3",6
100,"doc_2,doc_2,doc_2,doc_2,doc_3",5
22,"doc_2,doc_2,doc_2,doc_2,doc_3",5
33,"doc_2,doc_2,doc_2,doc_2,doc_3",5
49,"doc_2,doc_2,doc_2,doc_2,doc_3",5
62,"doc_2,doc_2,doc_2,doc_2,doc_3",5
71,"doc_2,doc_2,doc_2,doc_3,doc_3",5
82,"doc_2,doc_2,doc_2,doc_3,doc_3",5
83,"doc_2,doc_2,doc_2,doc_3,doc_3",5
90,"doc_2,doc_2,doc_3,doc_3,doc_3",5
abandonner,"doc_2,doc_3,doc_3,doc_3,doc_3",5
accomplissement,"doc_3,doc_3,doc_3,doc_3,doc_3",5
accroître,"doc_2,doc_3,doc_3,doc_3,doc_3",5
activi,"doc_3,doc_3,doc_3,doc_3,doc_3",5
affirmations,"doc_2,doc_2,doc_2,doc_2,doc_2",5
allons,"doc_2,doc_2,doc_3,doc_3,doc_3",5
amour,"doc_2,doc_2,doc_2,doc_2,doc_3",5
an,"doc_2,doc_3,doc_3,doc_3,doc_3",5
apporter,"doc_3,doc_3,doc_3,doc_3,doc_3",5
apprentissage,"doc_2,doc_2,doc_2,doc_2,doc_3",5
articles,"doc_2,doc_2,doc_2,doc_2,doc_2",5
avezvous,"doc_2,doc_2,doc_2,doc_2,doc_2",5
avis,"doc_2,doc_2,doc_2,doc_2,doc_2",5
aîtrise,"doc_2,doc_2,doc_2,doc_2,doc_3",5
bâtir,"doc_2,doc_3,doc_3,doc_3,doc_3",5
carotte,"doc_2,doc_2,doc_2,doc_2,doc_2",5
carottes,"doc_2,doc_2,doc_2,doc_2,doc_2",5
carrière,"doc_2,doc_2,doc_2,doc_2,doc_3",5
catégorie,"doc_2,doc_2,doc_3,doc_3,doc_3",5
cent,"doc_2,doc_3,doc_3,doc_3,doc_3",5
cerveau,"doc_2,doc_2,doc_3,doc_3,doc_3",5
changé,"doc_2,doc_2,doc_3,doc_3,doc_3",5
cher,"doc_3,doc_3,doc_3,doc_3,doc_3",5
choisis,"doc_2,doc_2,doc_3,doc_3,doc_3",5
clairement,"doc_2,doc_2,doc_2,doc_2,doc_3",5
colère,"doc_2,doc_2,doc_2,doc_2,doc_3",5
commencé,"doc_2,doc_3,doc_3,doc_3,doc_3",5
concept,"doc_2,doc_2,doc_2,doc_2,doc_3",5
connaissent,"doc_2,doc_3,doc_3,doc_3,doc_3",5
conscient,"doc_2,doc_3,doc_3,doc_3,doc_1",5
construction,"doc_2,doc_2,doc_2,doc_3,doc_3",5
continue,"doc_3,doc_3,doc_3,doc_3,doc_3",5
contribuer,"doc_2,doc_2,doc_2,doc_2,doc_2",5
coucher,"doc_3,doc_3,doc_3,doc_3,doc_3",5
courte,"doc_2,doc_3,doc_3,doc_3,doc_3",5
dabord,"doc_1,doc_2,doc_2,doc_2,doc_2",5
dactivités,"doc_2,doc_2,doc_2,doc_3,doc_3",5
dailleurs,"doc_3,doc_3,doc_3,doc_3,doc_3",5
dddddeeeee,"doc_3,doc_3,doc_3,doc_3,doc_3",5
demandé,"doc_2,doc_2,doc_2,doc_3,doc_3",5
dernier,"doc_2,doc_3,doc_3,doc_3,doc_3",5
desprit,"doc_2,doc_2,doc_2,doc_3,doc_3",5
devais,"doc_3,doc_3,doc_3,doc_3,doc_3",5
différemment,"doc_2,doc_2,doc_2,doc_3,doc_3",5
différente,"doc_2,doc_2,doc_2,doc_3,doc_3",5
dis,"doc_3,doc_3,doc_3,doc_3,doc_3",5
dizaines,"doc_3,doc_3,doc_3,doc_3,doc_3",5
donnent,"doc_1,doc_2,doc_2,doc_3,doc_3",5
doù,"doc_2,doc_2,doc_3,doc_3,doc_3",5
dure,"doc_2,doc_2,doc_3,doc_3,doc_3",5
dy,"doc_3,doc_3,doc_3,doc_3,doc_3",5
défaut,"doc_3,doc_3,doc_3,doc_3,doc_3",5
définit,"doc_2,doc_2,doc_2,doc_2,doc_2",5
défis,"doc_2,doc_2,doc_2,doc_2,doc_2",5
départ,"doc_2,doc_3,doc_3,doc_3,doc_1",5
déquipe,"doc_2,doc_2,doc_2,doc_2,doc_2",5
désormais,"doc_3,doc_3,doc_3,doc_3,doc_3",5
détermination,"doc_2,doc_2,doc_2,doc_2,doc_3",5
eeeeettttt,"doc_3,doc_3,doc_3,doc_3,doc_3",5
effectuer,"doc_2,doc_3,doc_3,doc_3,doc_3",5
effets,"doc_2,doc_2,doc_2,doc_3,doc_3",5
endant,"doc_3,doc_3,doc_3,doc_3,doc_3",5
ensemble,"doc_2,doc_2,doc_2,doc_2,doc_3",5
entière,"doc_2,doc_3,doc_3,doc_3,doc_3",5
envers,"doc_2,doc_3,doc_3,doc_3,doc_3",5
envies,"doc_3,doc_3,doc_3,doc_3,doc_3",5
environ,"doc_2,doc_2,doc_2,doc_3,doc_3",5
erci,"doc_2,doc_2,doc_2,doc_2,doc_2",5
ertaines,"doc_1,doc_3,doc_3,doc_3,doc_3",5
estelle,"doc_2,doc_2,doc_2,doc_2,doc_3",5
estu,"doc_2,doc_3,doc_3,doc_3,doc_3",5
euros,"doc_3,doc_3,doc_3,doc_3,doc_3",5
fallu,"doc_3,doc_3,doc_3,doc_3,doc_3",5
fatalité,"doc_3,doc_3,doc_3,doc_3,doc_3",5
feront,"doc_2,doc_2,doc_3,doc_3,doc_3",5
formuler,"doc_2,doc_2,doc_2,doc_2,doc_3",5
futurs,"doc_2,doc_3,doc_3,doc_3,doc_3",5
gagner,"doc_2,doc_2,doc_3,doc_3,doc_3",5
gestion,"doc_1,doc_2,doc_2,doc_2,doc_2",5
grains,"doc_2,doc_2,doc_2,doc_2,doc_2",5
général,"doc_2,doc_2,doc_2,doc_2,doc_1",5
gérer,"doc_2,doc_2,doc_2,doc_3,doc_3",5
habituelle,"doc_3,doc_3,doc_3,doc_3,doc_3",5
hacun,"doc_2,doc_2,doc_3,doc_3,doc_3",5
hasard,"doc_1,doc_1,doc_2,doc_2,doc_3",5
humain,"doc_2,doc_2,doc_2,doc_3,doc_3",5
humains,"doc_2,doc_2,doc_3,doc_3,doc_3",5
im,"doc_3,doc_3,doc_3,doc_3,doc_3",5
image,"doc_2,doc_2,doc_3,doc_3,doc_3",5
indique,"doc_2,doc_2,doc_2,doc_2,doc_2",5
influence,"doc_2,doc_2,doc_2,doc_2,doc_2",5
jaime,"doc_3,doc_3,doc_3,doc_3,doc_3",5
jen,"doc_1,doc_2,doc_2,doc_3,doc_3",5
jutilise,"doc_2,doc_2,doc_2,doc_3,doc_3",5
laisse,"doc_3,doc_3,doc_3,doc_3,doc_3",5
lamour,"doc_2,doc_2,doc_2,doc_2,doc_3",5
lattention,"doc_2,doc_2,doc_2,doc_2,doc_3",5
len,"doc_3,doc_3,doc_3,doc_3,doc_3",5
lequel,"doc_2,doc_2,doc_3,doc_3,doc_3",5
lesquelles,"doc_2,doc_3,doc_3,doc_3,doc_3",5
lessence,"doc_2,doc_3,doc_3,doc_3,doc_3",5
limage,"doc_2,doc_2,doc_2,doc_2,doc_3",5
limite,"doc_2,doc_2,doc_3,doc_3,doc_3",5
limpression,"doc_2,doc_2,doc_3,doc_3,doc_3",5
loi,"doc_1,doc_1,doc_1,doc_1,doc_2",5
lorganisation,"doc_2,doc_2,doc_2,doc_2,doc_3",5
lénergie,"doc_2,doc_2,doc_3,doc_3,doc_3",5
maider,"doc_2,doc_2,doc_2,doc_3,doc_3",5
main,"doc_3,doc_3,doc_3,doc_3,doc_1",5
marché,"doc_2,doc_2,doc_2,doc_2,doc_3",5
maîtrise,"doc_2,doc_2,doc_3,doc_3,doc_3",5
mentales,"doc_2,doc_2,doc_3,doc_3,doc_3",5
miniature,"doc_3,doc_3,doc_3,doc_3,doc_3",5
modier,"doc_3,doc_3,doc_3,doc_3,doc_3",5
module,"doc_2,doc_2,doc_2,doc_2,doc_2",5
mont,"doc_2,doc_3,doc_3,doc_3,doc_3",5
métaphores,"doc_2,doc_2,doc_2,doc_2,doc_3",5
métier,"doc_3,doc_3,doc_3,doc_3,doc_3",5
note,"doc_2,doc_2,doc_2,doc_2,doc_2",5
noter,"doc_2,doc_3,doc_3,doc_3,doc_3",5
notes,"doc_2,doc_3,doc_3,doc_3,doc_3",5
nt,"doc_2,doc_2,doc_2,doc_2,doc_2",5
négatifs,"doc_2,doc_2,doc_2,doc_2,doc_3",5
obligatoires,"doc_3,doc_3,doc_3,doc_3,doc_3",5
ohari,"doc_2,doc_2,doc_2,doc_2,doc_2",5
onnez,"doc_2,doc_2,doc_2,doc_2,doc_3",5
ordre,"doc_2,doc_2,doc_3,doc_3,doc_3",5
organisation,"doc_2,doc_2,doc_2,doc_3,doc_3",5
otal,"doc_2,doc_2,doc_2,doc_2,doc_2",5
ote,"doc_2,doc_2,doc_2,doc_2,doc_2",5
papier,"doc_2,doc_2,doc_2,doc_3,doc_3",5
paraissent,"doc_3,doc_3,doc_3,doc_3,doc_3",5
paraître,"doc_2,doc_2,doc_3,doc_3,doc_3",5
parfait,"doc_2,doc_3,doc_3,doc_3,doc_3",5
participante,"doc_2,doc_2,doc_2,doc_2,doc_2",5
participer,"doc_2,doc_2,doc_3,doc_3,doc_3",5
particulièrement,"doc_2,doc_2,doc_3,doc_3,doc_3",5
pays,"doc_2,doc_2,doc_2,doc_3,doc_3",5
peine,"doc_2,doc_3,doc_3,doc_3,doc_3",5
pensait,"doc_1,doc_2,doc_2,doc_2,doc_3",5
pense,"doc_3,doc_3,doc_3,doc_3,doc_3",5
pensez,"doc_2,doc_2,doc_2,doc_2,doc_2",5
pensée,"doc_2,doc_2,doc_3,doc_3,doc_3",5
perte,"doc_2,doc_2,doc_3,doc_3,doc_3",5
petites,"doc_3,doc_3,doc_3,doc_3,doc_3",5
physiques,"doc_2,doc_2,doc_3,doc_3,doc_3",5
planifier,"doc_2,doc_2,doc_2,doc_2,doc_2",5
pleine,"doc_2,doc_2,doc_2,doc_2,doc_2",5
pose,"doc_3,doc_3,doc_3,doc_3,doc_3",5
possède,"doc_2,doc_2,doc_2,doc_3,doc_3",5
pourras,"doc_3,doc_3,doc_3,doc_3,doc_3",5
poursuivre,"doc_2,doc_3,doc_3,doc_3,doc_3",5
pousse,"doc_2,doc_2,doc_2,doc_2,doc_3",5
primordial,"doc_2,doc_3,doc_3,doc_3,doc_3",5
principal,"doc_2,doc_3,doc_3,doc_3,doc_3",5
proche,"doc_2,doc_2,doc_2,doc_3,doc_3",5
produit,"doc_2,doc_3,doc_3,doc_3,doc_3",5
professionnel,"doc_2,doc_2,doc_2,doc_2,doc_2",5
prophétie,"doc_3,doc_3,doc_3,doc_3,doc_3",5
précision,"doc_2,doc_2,doc_2,doc_3,doc_3",5
présenter,"doc_2,doc_2,doc_2,doc_2,doc_3",5
père,"doc_1,doc_1,doc_1,doc_2,doc_3",5
quant,"doc_2,doc_2,doc_3,doc_3,doc_3",5
reconnais,"doc_2,doc_2,doc_2,doc_2,doc_2",5
rehausser,"doc_2,doc_2,doc_2,doc_2,doc_2",5
relire,"doc_2,doc_3,doc_3,doc_3,doc_3",5
ressens,"doc_3,doc_3,doc_3,doc_3,doc_3",5
riche,"doc_2,doc_1,doc_1,doc_1,doc_1",5
roits,"doc_2,doc_2,doc_2,doc_2,doc_2",5
route,"doc_2,doc_3,doc_3,doc_3,doc_3",5
routines,"doc_1,doc_3,doc_3,doc_3,doc_3",5
ré,"doc_3,doc_3,doc_3,doc_3,doc_3",5
réativité,"doc_2,doc_2,doc_2,doc_3,doc_3",5
résultat,"doc_2,doc_2,doc_2,doc_3,doc_3",5
rêve,"doc_2,doc_2,doc_2,doc_3,doc_3",5
savent,"doc_2,doc_2,doc_2,doc_3,doc_3",5
savérer,"doc_2,doc_2,doc_2,doc_2,doc_3",5
secret,"doc_1,doc_1,doc_2,doc_3,doc_3",5
ser,"doc_3,doc_3,doc_3,doc_3,doc_3",5
sest,"doc_2,doc_2,doc_3,doc_3,doc_3",5
sion,"doc_3,doc_3,doc_3,doc_3,doc_3",5
somme,"doc_2,doc_3,doc_3,doc_3,doc_3",5
spécifique,"doc_2,doc_2,doc_2,doc_2,doc_2",5
style,"doc_2,doc_2,doc_2,doc_2,doc_3",5
subir,"doc_3,doc_3,doc_3,doc_3,doc_3",5
suivante,"doc_2,doc_3,doc_3,doc_3,doc_3",5
suivants,"doc_2,doc_2,doc_2,doc_2,doc_2",5
supérieur,"doc_2,doc_2,doc_2,doc_2,doc_2",5
survie,"doc_2,doc_2,doc_2,doc_2,doc_2",5
séance,"doc_3,doc_3,doc_3,doc_3,doc_3",5
sûr,"doc_3,doc_3,doc_3,doc_3,doc_3",5
tellement,"doc_3,doc_3,doc_3,doc_3,doc_3",5
tels,"doc_2,doc_2,doc_2,doc_2,doc_2",5
terminer,"doc_2,doc_2,doc_2,doc_3,doc_3",5
tester,"doc_2,doc_3,doc_3,doc_3,doc_3",5
tests,"doc_2,doc_2,doc_3,doc_3,doc_3",5
tesvous,"doc_2,doc_2,doc_2,doc_2,doc_2",5
til,"doc_2,doc_2,doc_2,doc_2,doc_2",5
tion,"doc_3,doc_3,doc_3,doc_3,doc_3",5
transformer,"doc_2,doc_3,doc_3,doc_3,doc_3",5
troisième,"doc_2,doc_2,doc_3,doc_3,doc_3",5
trouvé,"doc_2,doc_3,doc_3,doc_3,doc_3",5
ttttteeeee,"doc_3,doc_3,doc_3,doc_3,doc_3",5
ur,"doc_2,doc_3,doc_3,doc_3,doc_3",5
ussi,"doc_3,doc_3,doc_3,doc_3,doc_3",5
valuer,"doc_2,doc_2,doc_2,doc_2,doc_2",5
vec,"doc_1,doc_2,doc_3,doc_3,doc_3",5
veut,"doc_1,doc_1,doc_1,doc_2,doc_3",5
vis,"doc_3,doc_3,doc_3,doc_3,doc_3",5
voici,"doc_2,doc_3,doc_3,doc_3,doc_3",5
zéro,"doc_2,doc_3,doc_3,doc_3,doc_3",5
échecs,"doc_2,doc_2,doc_2,doc_2,doc_3",5
écho,"doc_3,doc_3,doc_3,doc_3,doc_3",5
éfinir,"doc_2,doc_2,doc_2,doc_2,doc_2",5
éfléchir,"doc_2,doc_2,doc_2,doc_2,doc_2",5
étaient,"doc_2,doc_2,doc_2,doc_3,doc_3",5
évelopper,"doc_2,doc_2,doc_2,doc_2,doc_2",5
évolution,"doc_3,doc_3,doc_3,doc_3,doc_3",5
œuf,"doc_2,doc_2,doc_2,doc_2,doc_2",5
15mins,"doc_2,doc_2,doc_2,doc_2",4
19,"doc_2,doc_2,doc_3,doc_3",4
1999,"doc_2,doc_2,doc_2,doc_2",4
23,"doc_2,doc_2,doc_3,doc_3",4
24,"doc_2,doc_2,doc_2,doc_3",4
34,"doc_2,doc_2,doc_2,doc_3",4
35,"doc_2,doc_2,doc_2,doc_3",4
37,"doc_2,doc_2,doc_2,doc_3",4
38,"doc_2,doc_2,doc_2,doc_3",4
45,"doc_2,doc_2,doc_3,doc_3",4
47,"doc_2,doc_2,doc_2,doc_3",4
48,"doc_1,doc_1,doc_2,doc_3",4
55,"doc_2,doc_2,doc_3,doc_3",4
61,"doc_2,doc_2,doc_2,doc_3",4
70,"doc_2,doc_2,doc_3,doc_3",4
80,"doc_2,doc_2,doc_3,doc_3",4
84,"doc_2,doc_2,doc_2,doc_3",4
99,"doc_2,doc_2,doc_2,doc_3",4
accomplissements,"doc_2,doc_2,doc_2,doc_2",4
acquis,"doc_2,doc_3,doc_3,doc_3",4
action,"doc_2,doc_2,doc_2,doc_3",4
active,"doc_2,doc_2,doc_2,doc_2",4
adopter,"doc_2,doc_2,doc_2,doc_3",4
agréable,"doc_2,doc_2,doc_3,doc_3",4
aide,"doc_3,doc_3,doc_3,doc_3",4
aident,"doc_2,doc_2,doc_2,doc_2",4
aidera,"doc_2,doc_2,doc_2,doc_3",4
aimeriez,"doc_2,doc_2,doc_2,doc_2",4
aites,"doc_2,doc_2,doc_2,doc_2",4
appropriée,"doc_2,doc_2,doc_2,doc_3",4
aptitude,"doc_2,doc_2,doc_2,doc_2",4
arce,"doc_2,doc_3,doc_3,doc_3",4
ars,"doc_3,doc_3,doc_3,doc_3",4
atteint,"doc_2,doc_2,doc_2,doc_2",4
attention,"doc_2,doc_3,doc_3,doc_3",4
aurez,"doc_2,doc_2,doc_2,doc_3",4
auront,"doc_2,doc_2,doc_3,doc_3",4
auteurs,"doc_3,doc_3,doc_3,doc_3",4
autrement,"doc_1,doc_1,doc_2,doc_3",4
avancées,"doc_3,doc_3,doc_3,doc_3",4
avenir,"doc_2,doc_2,doc_3,doc_3",4
b,"doc_2,doc_2,doc_2,doc_3",4
battre,"doc_2,doc_3,doc_3,doc_3",4
bienêtre,"doc_2,doc_2,doc_2,doc_3",4
bons,"doc_2,doc_2,doc_2,doc_2",4
bouillante,"doc_2,doc_2,doc_2,doc_2",4
ceci,"doc_2,doc_2,doc_3,doc_3",4
cer,"doc_3,doc_3,doc_3,doc_3",4
cercle,"doc_2,doc_3,doc_3,doc_3",4
chance,"doc_3,doc_3,doc_3,doc_3",4
changements,"doc_2,doc_2,doc_3,doc_3",4
cherche,"doc_3,doc_3,doc_3,doc_3",4
choisi,"doc_2,doc_2,doc_2,doc_3",4
choisie,"doc_2,doc_2,doc_3,doc_3",4
choisies,"doc_2,doc_2,doc_2,doc_2",4
chronotype,"doc_3,doc_3,doc_3,doc_3",4
clarifications,"doc_2,doc_2,doc_2,doc_2",4
client,"doc_2,doc_2,doc_2,doc_2",4
coachs,"doc_3,doc_3,doc_3,doc_3",4
cohérent,"doc_2,doc_3,doc_3,doc_3",4
commun,"doc_1,doc_3,doc_3,doc_3",4
communs,"doc_1,doc_2,doc_2,doc_2",4
compagnie,"doc_2,doc_2,doc_2,doc_3",4
complexe,"doc_3,doc_3,doc_3,doc_3",4
conance,"doc_3,doc_3,doc_3,doc_3",4
concrétiser,"doc_3,doc_3,doc_3,doc_3",4
conflits,"doc_2,doc_2,doc_2,doc_2",4
conséquences,"doc_3,doc_3,doc_3,doc_3",4
contrôle,"doc_2,doc_2,doc_3,doc_3",4
contrôler,"doc_2,doc_2,doc_3,doc_3",4
convient,"doc_3,doc_3,doc_3,doc_3",4
coûte,"doc_3,doc_3,doc_3,doc_3",4
critères,"doc_2,doc_2,doc_2,doc_2",4
cétait,"doc_3,doc_3,doc_3,doc_3",4
dabattre,"doc_3,doc_3,doc_3,doc_3",4
daccomplir,"doc_2,doc_2,doc_3,doc_3",4
dachever,"doc_2,doc_2,doc_2,doc_3",4
dactivité,"doc_3,doc_3,doc_3,doc_3",4
dactualisation,"doc_2,doc_2,doc_2,doc_2",4
dagir,"doc_2,doc_2,doc_2,doc_3",4
dappartenance,"doc_2,doc_2,doc_2,doc_2",4
dappréciation,"doc_2,doc_2,doc_2,doc_2",4
davancer,"doc_2,doc_3,doc_3,doc_3",4
deau,"doc_2,doc_3,doc_3,doc_3",4
demandes,"doc_2,doc_2,doc_2,doc_2",4
description,"doc_2,doc_2,doc_2,doc_2",4
dessus,"doc_2,doc_3,doc_3,doc_3",4
deuxième,"doc_2,doc_2,doc_3,doc_3",4
devons,"doc_2,doc_2,doc_2,doc_3",4
devraient,"doc_2,doc_3,doc_3,doc_3",4
dexprimer,"doc_2,doc_2,doc_2,doc_2",4
dexpérience,"doc_2,doc_2,doc_2,doc_3",4
difficile,"doc_2,doc_2,doc_2,doc_2",4
difficiles,"doc_2,doc_2,doc_2,doc_2",4
dintelligences,"doc_2,doc_2,doc_2,doc_2",4
direct,"doc_2,doc_3,doc_3,doc_3",4
disait,"doc_3,doc_3,doc_3,doc_3",4
discussion,"doc_2,doc_2,doc_2,doc_2",4
dition,"doc_2,doc_3,doc_3,doc_3",4
dix,"doc_2,doc_2,doc_3,doc_3",4
domaine,"doc_2,doc_2,doc_3,doc_3",4
durant,"doc_2,doc_2,doc_2,doc_3",4
déceler,"doc_2,doc_2,doc_2,doc_3",4
décrit,"doc_2,doc_2,doc_2,doc_2",4
déficience,"doc_2,doc_2,doc_2,doc_2",4
définissez,"doc_2,doc_2,doc_2,doc_2",4
dépasser,"doc_2,doc_3,doc_3,doc_3",4
désire,"doc_2,doc_3,doc_3,doc_3",4
détaillées,"doc_2,doc_2,doc_2,doc_2",4
développent,"doc_2,doc_2,doc_2,doc_2",4
dû,"doc_2,doc_3,doc_3,doc_3",4
eci,"doc_2,doc_2,doc_2,doc_2",4
eeeeennnnn,"doc_3,doc_3,doc_3,doc_3",4
efcacité,"doc_3,doc_3,doc_3,doc_3",4
effort,"doc_2,doc_2,doc_3,doc_3",4
elon,"doc_3,doc_3,doc_3,doc_3",4
enfance,"doc_2,doc_2,doc_2,doc_2",4
engager,"doc_2,doc_2,doc_3,doc_3",4
enseignements,"doc_2,doc_2,doc_2,doc_1",4
entourage,"doc_2,doc_3,doc_3,doc_3",4
eople,"doc_2,doc_2,doc_2,doc_2",4
esponsabilités,"doc_2,doc_2,doc_2,doc_2",4
essentielles,"doc_2,doc_2,doc_2,doc_3",4
ew,"doc_2,doc_2,doc_2,doc_2",4
exactement,"doc_1,doc_2,doc_2,doc_2",4
faim,"doc_2,doc_2,doc_2,doc_3",4
faisant,"doc_2,doc_2,doc_2,doc_2",4
favorise,"doc_2,doc_2,doc_2,doc_3",4
feuilles,"doc_2,doc_2,doc_2,doc_2",4
flux,"doc_2,doc_2,doc_2,doc_2",4
fonctionner,"doc_3,doc_3,doc_3,doc_3",4
format,"doc_2,doc_2,doc_2,doc_3",4
formations,"doc_3,doc_3,doc_3,doc_3",4
formulation,"doc_2,doc_2,doc_3,doc_3",4
fur,"doc_2,doc_3,doc_3,doc_3",4
grandir,"doc_2,doc_2,doc_2,doc_3",4
haut,"doc_2,doc_2,doc_2,doc_3",4
homme,"doc_2,doc_3,doc_3,doc_3",4
identifiez,"doc_2,doc_2,doc_2,doc_2",4
identifiés,"doc_2,doc_2,doc_2,doc_2",4
imagination,"doc_2,doc_2,doc_3,doc_3",4
imaginer,"doc_2,doc_3,doc_3,doc_3",4
ime,"doc_1,doc_2,doc_2,doc_2",4
immense,"doc_3,doc_3,doc_3,doc_3",4
inalement,"doc_2,doc_2,doc_2,doc_2",4
inférieur,"doc_2,doc_2,doc_2,doc_2",4
intelligence,"doc_2,doc_2,doc_2,doc_2",4
intelligences,"doc_2,doc_2,doc_2,doc_2",4
intense,"doc_2,doc_3,doc_3,doc_3",4
intérêt,"doc_2,doc_2,doc_3,doc_3",4
iscutez,"doc_2,doc_2,doc_2,doc_2",4
issus,"doc_2,doc_2,doc_2,doc_2",4
jestime,"doc_3,doc_3,doc_3,doc_3",4
jeune,"doc_2,doc_2,doc_3,doc_3",4
jeux,"doc_2,doc_2,doc_3,doc_3",4
joue,"doc_2,doc_2,doc_3,doc_3",4
jouer,"doc_2,doc_2,doc_3,doc_3",4
jusquau,"doc_1,doc_3,doc_3,doc_3",4
jécris,"doc_3,doc_3,doc_3,doc_3",4
laccomplir,"doc_3,doc_3,doc_3,doc_3",4
ladversité,"doc_2,doc_2,doc_2,doc_3",4
lambition,"doc_2,doc_3,doc_3,doc_3",4
lassertivité,"doc_2,doc_2,doc_2,doc_2",4
lauteur,"doc_1,doc_1,doc_3,doc_3",4
lavance,"doc_3,doc_3,doc_3,doc_3",4
lectures,"doc_1,doc_2,doc_3,doc_3",4
lenvironnement,"doc_2,doc_2,doc_2,doc_3",4
lesprit,"doc_2,doc_2,doc_2,doc_2",4
lever,"doc_3,doc_3,doc_3,doc_3",4
lexistence,"doc_2,doc_2,doc_2,doc_3",4
lindépendance,"doc_2,doc_2,doc_3,doc_3",4
linstant,"doc_3,doc_3,doc_3,doc_3",4
linverse,"doc_2,doc_3,doc_3,doc_3",4
llllleeeee,"doc_3,doc_3,doc_3,doc_3",4
lorigine,"doc_2,doc_1,doc_1,doc_1",4
luimême,"doc_2,doc_2,doc_2,doc_2",4
légard,"doc_2,doc_2,doc_2,doc_2",4
matière,"doc_2,doc_2,doc_2,doc_2",4
mauvaises,"doc_2,doc_3,doc_3,doc_3",4
maîtriser,"doc_1,doc_2,doc_3,doc_3",4
mener,"doc_2,doc_3,doc_3,doc_3",4
mesurer,"doc_2,doc_2,doc_3,doc_3",4
mettent,"doc_1,doc_2,doc_2,doc_3",4
mises,"doc_2,doc_2,doc_2,doc_3",4
morales,"doc_2,doc_2,doc_2,doc_2",4
mort,"doc_2,doc_2,doc_3,doc_3",4
multiples,"doc_2,doc_2,doc_2,doc_2",4
mémoire,"doc_2,doc_2,doc_2,doc_3",4
métais,"doc_1,doc_3,doc_3,doc_3",4
nancière,"doc_3,doc_3,doc_3,doc_3",4
nconnu,"doc_2,doc_2,doc_2,doc_2",4
nsuite,"doc_2,doc_2,doc_2,doc_3",4
obert,"doc_1,doc_1,doc_1,doc_1",4
observer,"doc_2,doc_2,doc_2,doc_2",4
obstacle,"doc_2,doc_2,doc_2,doc_3",4
ofstede,"doc_2,doc_2,doc_2,doc_2",4
ollectif,"doc_2,doc_2,doc_2,doc_2",4
ompétence,"doc_2,doc_2,doc_2,doc_3",4
oney,"doc_2,doc_2,doc_2,doc_2",4
onnaître,"doc_2,doc_3,doc_3,doc_3",4
onnu,"doc_2,doc_2,doc_2,doc_2",4
onscience,"doc_2,doc_2,doc_2,doc_3",4
organiser,"doc_2,doc_2,doc_2,doc_3",4
ork,"doc_2,doc_2,doc_2,doc_2",4
pages,"doc_2,doc_2,doc_3,doc_3",4
paix,"doc_2,doc_2,doc_2,doc_3",4
parfaite,"doc_2,doc_3,doc_3,doc_3",4
pari,"doc_3,doc_3,doc_3,doc_3",4
parle,"doc_2,doc_3,doc_3,doc_3",4
partagez,"doc_2,doc_2,doc_2,doc_2",4
passage,"doc_2,doc_3,doc_3,doc_3",4
passion,"doc_3,doc_3,doc_3,doc_3",4
payer,"doc_2,doc_2,doc_2,doc_3",4
percevons,"doc_2,doc_2,doc_2,doc_2",4
permettent,"doc_2,doc_2,doc_2,doc_3",4
personnage,"doc_3,doc_3,doc_3,doc_3",4
personnages,"doc_3,doc_3,doc_3,doc_3",4
personnalités,"doc_1,doc_1,doc_1,doc_3",4
perspectives,"doc_2,doc_2,doc_2,doc_2",4
perçoivent,"doc_2,doc_2,doc_2,doc_3",4
photos,"doc_2,doc_3,doc_3,doc_3",4
plans,"doc_2,doc_2,doc_2,doc_2",4
porte,"doc_2,doc_3,doc_3,doc_3",4
position,"doc_2,doc_2,doc_2,doc_2",4
possibilités,"doc_2,doc_3,doc_3,doc_3",4
pourraient,"doc_3,doc_3,doc_3,doc_3",4
prend,"doc_1,doc_2,doc_3,doc_3",4
prises,"doc_2,doc_3,doc_3,doc_3",4
pro,"doc_3,doc_3,doc_3,doc_3",4
prochain,"doc_2,doc_3,doc_3,doc_3",4
procéder,"doc_2,doc_3,doc_3,doc_3",4
programme,"doc_2,doc_2,doc_3,doc_3",4
protection,"doc_2,doc_2,doc_2,doc_2",4
prouver,"doc_3,doc_3,doc_3,doc_3",4
précédent,"doc_2,doc_2,doc_3,doc_3",4
précédents,"doc_2,doc_2,doc_2,doc_3",4
présente,"doc_2,doc_2,doc_2,doc_3",4
prête,"doc_2,doc_2,doc_2,doc_2",4
puissance,"doc_3,doc_3,doc_3,doc_1",4
puissent,"doc_2,doc_2,doc_3,doc_3",4
pyramide,"doc_1,doc_2,doc_2,doc_2",4
reconnaissance,"doc_2,doc_2,doc_2,doc_2",4
regardant,"doc_1,doc_2,doc_2,doc_3",4
remettre,"doc_3,doc_3,doc_3,doc_3",4
remise,"doc_2,doc_2,doc_2,doc_2",4
rendezvous,"doc_3,doc_3,doc_3,doc_3",4
rends,"doc_3,doc_3,doc_3,doc_3",4
renforcement,"doc_2,doc_2,doc_2,doc_2",4
reprendre,"doc_2,doc_3,doc_3,doc_3",4
respectée,"doc_2,doc_2,doc_2,doc_3",4
responsabilisation,"doc_3,doc_3,doc_3,doc_3",4
ressenti,"doc_2,doc_2,doc_3,doc_3",4
ressentir,"doc_2,doc_2,doc_2,doc_3",4
ressources,"doc_2,doc_2,doc_2,doc_3",4
restent,"doc_2,doc_3,doc_3,doc_1",4
rester,"doc_3,doc_3,doc_3,doc_3",4
restera,"doc_3,doc_3,doc_3,doc_3",4
rice,"doc_2,doc_2,doc_2,doc_2",4
roman,"doc_3,doc_3,doc_3,doc_3",4
rythme,"doc_2,doc_3,doc_3,doc_3",4
réalises,"doc_3,doc_3,doc_3,doc_3",4
réalisez,"doc_2,doc_2,doc_2,doc_2",4
référence,"doc_1,doc_2,doc_2,doc_3",4
réussissent,"doc_1,doc_1,doc_1,doc_2",4
réveil,"doc_3,doc_3,doc_3,doc_3",4
révéler,"doc_2,doc_2,doc_2,doc_3",4
salle,"doc_2,doc_3,doc_3,doc_3",4
savais,"doc_3,doc_3,doc_3,doc_3",4
sensation,"doc_2,doc_3,doc_3,doc_3",4
seras,"doc_2,doc_3,doc_3,doc_3",4
serez,"doc_2,doc_2,doc_2,doc_2",4
simples,"doc_3,doc_3,doc_3,doc_3",4
soif,"doc_2,doc_2,doc_2,doc_2",4
sol,"doc_2,doc_2,doc_2,doc_3",4
solutions,"doc_2,doc_2,doc_2,doc_3",4
sonne,"doc_3,doc_3,doc_3,doc_3",4
souhaites,"doc_3,doc_3,doc_3,doc_3",4
souhaitez,"doc_2,doc_2,doc_2,doc_2",4
stable,"doc_2,doc_2,doc_2,doc_3",4
stratégie,"doc_2,doc_1,doc_1,doc_1",4
stu,"doc_2,doc_3,doc_3,doc_3",4
su,"doc_3,doc_3,doc_3,doc_3",4
suit,"doc_2,doc_2,doc_3,doc_1",4
sujets,"doc_2,doc_2,doc_3,doc_3",4
système,"doc_1,doc_2,doc_2,doc_2",4
série,"doc_2,doc_2,doc_3,doc_3",4
tapporte,"doc_3,doc_3,doc_3,doc_3",4
tencourage,"doc_3,doc_3,doc_3,doc_3",4
tendance,"doc_3,doc_3,doc_3,doc_3",4
ter,"doc_3,doc_3,doc_3,doc_3",4
tiennent,"doc_2,doc_2,doc_2,doc_3",4
tiers,"doc_2,doc_2,doc_2,doc_3",4
tions,"doc_3,doc_3,doc_3,doc_3",4
toutefois,"doc_2,doc_2,doc_3,doc_3",4
traite,"doc_2,doc_1,doc_1,doc_1",4
trajectoire,"doc_3,doc_3,doc_3,doc_3",4
tyle,"doc_2,doc_2,doc_2,doc_2",4
uelquun,"doc_2,doc_2,doc_3,doc_3",4
uisje,"doc_2,doc_2,doc_2,doc_2",4
utilisant,"doc_2,doc_2,doc_2,doc_2",4
utilisé,"doc_2,doc_2,doc_2,doc_2",4
vacances,"doc_3,doc_3,doc_3,doc_3",4
vague,"doc_2,doc_2,doc_2,doc_3",4
vant,"doc_2,doc_2,doc_3,doc_3",4
vendeurs,"doc_2,doc_2,doc_2,doc_2",4
veuxtu,"doc_3,doc_3,doc_3,doc_3",4
victoires,"doc_3,doc_3,doc_3,doc_3",4
visàvis,"doc_2,doc_2,doc_2,doc_2",4
vivant,"doc_3,doc_3,doc_3,doc_3",4
voient,"doc_3,doc_3,doc_3,doc_3",4
voit,"doc_3,doc_3,doc_3,doc_3",4
voix,"doc_2,doc_2,doc_3,doc_3",4
véritable,"doc_2,doc_2,doc_3,doc_3",4
xaminez,"doc_2,doc_2,doc_2,doc_2",4
éanmoins,"doc_3,doc_3,doc_3,doc_3",4
écouter,"doc_3,doc_3,doc_3,doc_3",4
écrits,"doc_3,doc_3,doc_3,doc_3",4
énormément,"doc_2,doc_3,doc_3,doc_3",4
études,"doc_2,doc_2,doc_2,doc_2",4
éveloppé,"doc_2,doc_2,doc_2,doc_2",4
évidence,"doc_2,doc_2,doc_2,doc_3",4
évident,"doc_2,doc_3,doc_3,doc_3",4
évoluent,"doc_2,doc_2,doc_3,doc_3",4
0,"doc_2,doc_2,doc_2",3
2000,"doc_2,doc_2,doc_1",3
27,"doc_2,doc_3,doc_3",3
29,"doc_2,doc_3,doc_1",3
40,"doc_2,doc_2,doc_2",3
44,"doc_2,doc_2,doc_3",3
53,"doc_2,doc_3,doc_3",3
57,"doc_2,doc_3,doc_3",3
59,"doc_2,doc_3,doc_3",3
64,"doc_2,doc_3,doc_3",3
74,"doc_2,doc_2,doc_3",3
75,"doc_2,doc_2,doc_3",3
79,"doc_2,doc_2,doc_3",3
87,"doc_2,doc_2,doc_3",3
88,"doc_2,doc_3,doc_3",3
95,"doc_2,doc_3,doc_3",3
absolue,"doc_3,doc_3,doc_3",3
ac,"doc_3,doc_3,doc_3",3
accepte,"doc_2,doc_2,doc_3",3
accepter,"doc_2,doc_2,doc_3",3
accomplis,"doc_2,doc_3,doc_3",3
accueillir,"doc_2,doc_3,doc_3",3
activement,"doc_2,doc_2,doc_2",3
actualisation,"doc_2,doc_2,doc_2",3
adjectifs,"doc_2,doc_2,doc_2",3
adoptant,"doc_2,doc_2,doc_2",3
aidesoutien,"doc_2,doc_2,doc_2",3
aient,"doc_3,doc_3,doc_3",3
aimez,"doc_2,doc_2,doc_2",3
aintien,"doc_3,doc_3,doc_3",3
aisé,"doc_2,doc_3,doc_3",3
ajouter,"doc_3,doc_3,doc_3",3
ajuster,"doc_2,doc_3,doc_3",3
al,"doc_3,doc_3,doc_3",3
algré,"doc_2,doc_3,doc_3",3
alignement,"doc_3,doc_3,doc_3",3
ambition,"doc_3,doc_3,doc_3",3
ami,"doc_2,doc_3,doc_3",3
amis,"doc_1,doc_1,doc_3",3
ancrer,"doc_3,doc_3,doc_3",3
ant,"doc_3,doc_3,doc_3",3
anté,"doc_2,doc_3,doc_3",3
apparaît,"doc_2,doc_2,doc_3",3
apparaître,"doc_3,doc_3,doc_3",3
appelezvous,"doc_2,doc_2,doc_2",3
appelle,"doc_2,doc_3,doc_3",3
appliquer,"doc_3,doc_3,doc_3",3
apprécie,"doc_2,doc_2,doc_2",3
aptitudes,"doc_1,doc_2,doc_2",3
armi,"doc_2,doc_2,doc_3",3
aspirations,"doc_3,doc_3,doc_3",3
asser,"doc_3,doc_3,doc_3",3
ate,"doc_2,doc_2,doc_2",3
atil,"doc_2,doc_2,doc_3",3
atteintes,"doc_2,doc_2,doc_2",3
attentes,"doc_2,doc_2,doc_3",3
attribuezvous,"doc_2,doc_2,doc_2",3
aurait,"doc_3,doc_3,doc_3",3
auteur,"doc_1,doc_3,doc_3",3
auteure,"doc_3,doc_3,doc_3",3
authentique,"doc_2,doc_3,doc_3",3
aveugle,"doc_2,doc_2,doc_2",3
bas,"doc_3,doc_3,doc_3",3
basculer,"doc_2,doc_3,doc_3",3
basée,"doc_2,doc_2,doc_2",3
binômes,"doc_2,doc_2,doc_2",3
blanc,"doc_3,doc_3,doc_3",3
bol,"doc_2,doc_2,doc_2",3
bousculer,"doc_3,doc_3,doc_3",3
bousculeront,"doc_3,doc_3,doc_3",3
braham,"doc_2,doc_2,doc_2",3
briser,"doc_3,doc_3,doc_3",3
bâtons,"doc_3,doc_3,doc_3",3
calendrier,"doc_2,doc_3,doc_3",3
capables,"doc_2,doc_3,doc_3",3
cases,"doc_3,doc_3,doc_3",3
celleci,"doc_2,doc_2,doc_3",3
certitude,"doc_3,doc_3,doc_3",3
cesser,"doc_3,doc_3,doc_3",3
cf,"doc_2,doc_2,doc_2",3
cha,"doc_3,doc_3,doc_3",3
changent,"doc_2,doc_2,doc_3",3
charge,"doc_2,doc_2,doc_3",3
cheminement,"doc_2,doc_2,doc_2",3
cherchent,"doc_2,doc_2,doc_3",3
cherches,"doc_3,doc_3,doc_3",3
chers,"doc_3,doc_3,doc_3",3
chiffres,"doc_3,doc_3,doc_3",3
choisissent,"doc_2,doc_2,doc_2",3
circonstances,"doc_2,doc_2,doc_2",3
citoyennes,"doc_2,doc_2,doc_2",3
clairs,"doc_2,doc_2,doc_2",3
clé,"doc_2,doc_2,doc_3",3
coa,"doc_3,doc_3,doc_3",3
coach,"doc_1,doc_3,doc_3",3
code,"doc_2,doc_2,doc_3",3
combat,"doc_2,doc_3,doc_3",3
commencerai,"doc_2,doc_2,doc_2",3
communiquer,"doc_2,doc_2,doc_3",3
comparer,"doc_3,doc_3,doc_3",3
complet,"doc_2,doc_2,doc_3",3
complexes,"doc_2,doc_3,doc_3",3
complètement,"doc_2,doc_3,doc_3",3
comprenant,"doc_2,doc_3,doc_3",3
condition,"doc_3,doc_3,doc_3",3
conduire,"doc_2,doc_3,doc_3",3
confort,"doc_3,doc_3,doc_1",3
conscientes,"doc_2,doc_2,doc_2",3
conserver,"doc_2,doc_3,doc_3",3
consi,"doc_3,doc_3,doc_3",3
constitue,"doc_2,doc_3,doc_3",3
constitué,"doc_3,doc_3,doc_3",3
contenu,"doc_2,doc_3,doc_3",3
contraintes,"doc_2,doc_3,doc_3",3
contribution,"doc_2,doc_2,doc_3",3
conçu,"doc_2,doc_2,doc_3",3
couple,"doc_3,doc_3,doc_3",3
courantes,"doc_3,doc_3,doc_3",3
critique,"doc_2,doc_3,doc_3",3
critiques,"doc_2,doc_2,doc_3",3
croient,"doc_2,doc_3,doc_3",3
créative,"doc_2,doc_2,doc_3",3
créé,"doc_1,doc_2,doc_3",3
ct,"doc_3,doc_3,doc_3",3
cte,"doc_3,doc_3,doc_3",3
ctions,"doc_2,doc_2,doc_2",3
culpabilité,"doc_2,doc_3,doc_3",3
cultiver,"doc_3,doc_3,doc_3",3
cœur,"doc_2,doc_2,doc_3",3
dabandonner,"doc_3,doc_3,doc_3",3
daccord,"doc_2,doc_2,doc_2",3
dadulte,"doc_3,doc_3,doc_3",3
daméliorer,"doc_2,doc_2,doc_3",3
danalyser,"doc_2,doc_2,doc_1",3
daptabilité,"doc_2,doc_2,doc_3",3
deffectuer,"doc_3,doc_3,doc_3",3
degré,"doc_2,doc_2,doc_2",3
delle,"doc_2,doc_2,doc_2",3
demain,"doc_2,doc_3,doc_3",3
demandait,"doc_2,doc_3,doc_3",3
demandent,"doc_2,doc_2,doc_3",3
denfant,"doc_3,doc_3,doc_3",3
denvoyer,"doc_3,doc_3,doc_3",3
derniers,"doc_3,doc_3,doc_3",3
devait,"doc_2,doc_2,doc_3",3
developpé,"doc_2,doc_2,doc_2",3
devenu,"doc_2,doc_3,doc_3",3
deviner,"doc_2,doc_3,doc_3",3
devrait,"doc_2,doc_3,doc_3",3
devrez,"doc_2,doc_2,doc_2",3
difcile,"doc_3,doc_3,doc_3",3
difficulté,"doc_2,doc_2,doc_2",3
différences,"doc_2,doc_2,doc_2",3
dignité,"doc_2,doc_2,doc_2",3
dinformations,"doc_2,doc_2,doc_3",3
directe,"doc_2,doc_2,doc_2",3
discipliné,"doc_3,doc_3,doc_3",3
discussions,"doc_2,doc_3,doc_3",3
dobtenir,"doc_1,doc_3,doc_3",3
donnée,"doc_2,doc_2,doc_3",3
dordre,"doc_2,doc_2,doc_2",3
doute,"doc_2,doc_2,doc_3",3
doutes,"doc_2,doc_2,doc_3",3
douze,"doc_2,doc_2,doc_3",3
dur,"doc_2,doc_2,doc_3",3
débat,"doc_2,doc_2,doc_2",3
décident,"doc_2,doc_2,doc_3",3
découvert,"doc_1,doc_3,doc_3",3
découvrez,"doc_2,doc_2,doc_2",3
déni,"doc_3,doc_3,doc_3",3
dépassement,"doc_3,doc_3,doc_3",3
désir,"doc_2,doc_2,doc_2",3
désirs,"doc_2,doc_3,doc_3",3
détails,"doc_2,doc_3,doc_3",3
développe,"doc_2,doc_3,doc_3",3
dévier,"doc_3,doc_3,doc_3",3
dœil,"doc_2,doc_3,doc_3",3
earning,"doc_2,doc_2,doc_2",3
econnaître,"doc_2,doc_2,doc_2",3
eil,"doc_1,doc_1,doc_1",3
engagements,"doc_2,doc_3,doc_3",3
ens,"doc_2,doc_2,doc_2",3
ensez,"doc_2,doc_2,doc_2",3
ensezvous,"doc_2,doc_2,doc_2",3
entier,"doc_2,doc_2,doc_2",3
entretenir,"doc_2,doc_3,doc_3",3
erception,"doc_2,doc_2,doc_2",3
ertains,"doc_3,doc_3,doc_3",3
essentiellement,"doc_2,doc_2,doc_2",3
esurable,"doc_2,doc_2,doc_2",3
eur,"doc_2,doc_3,doc_3",3
ex,"doc_2,doc_2,doc_2",3
exercer,"doc_2,doc_3,doc_3",3
exploiter,"doc_2,doc_2,doc_3",3
exploser,"doc_2,doc_3,doc_3",3
exprimer,"doc_2,doc_2,doc_2",3
exprimons,"doc_2,doc_2,doc_2",3
faciles,"doc_2,doc_3,doc_3",3
faite,"doc_2,doc_3,doc_3",3
faux,"doc_3,doc_3,doc_3",3
favorisent,"doc_2,doc_2,doc_2",3
fenêtre,"doc_2,doc_2,doc_2",3
feu,"doc_2,doc_2,doc_3",3
fiches,"doc_2,doc_2,doc_2",3
fonctionne,"doc_3,doc_3,doc_3",3
fonctions,"doc_2,doc_2,doc_2",3
fondamental,"doc_2,doc_2,doc_3",3
forger,"doc_2,doc_2,doc_3",3
formulé,"doc_2,doc_2,doc_2",3
formé,"doc_3,doc_3,doc_3",3
fournir,"doc_2,doc_2,doc_2",3
ga,"doc_3,doc_3,doc_3",3
gagné,"doc_2,doc_2,doc_3",3
garantir,"doc_2,doc_2,doc_2",3
gner,"doc_3,doc_3,doc_3",3
grandit,"doc_2,doc_2,doc_3",3
guident,"doc_2,doc_2,doc_3",3
généralement,"doc_2,doc_2,doc_3",3
générales,"doc_2,doc_2,doc_2",3
h,"doc_2,doc_3,doc_3",3
harmonie,"doc_3,doc_3,doc_3",3
herchent,"doc_2,doc_2,doc_2",3
hiérarchiser,"doc_2,doc_2,doc_2",3
honnête,"doc_2,doc_2,doc_2",3
horaires,"doc_3,doc_3,doc_3",3
humaine,"doc_2,doc_2,doc_3",3
ici,"doc_2,doc_2,doc_1",3
ie,"doc_2,doc_3,doc_3",3
ieu,"doc_1,doc_1,doc_1",3
illustre,"doc_2,doc_2,doc_2",3
imité,"doc_2,doc_2,doc_2",3
implique,"doc_2,doc_2,doc_2",3
impor,"doc_3,doc_3,doc_3",3
importants,"doc_2,doc_2,doc_3",3
in,"doc_2,doc_2,doc_3",3
inalisé,"doc_2,doc_2,doc_2",3
incarner,"doc_3,doc_3,doc_3",3
incertitudes,"doc_2,doc_2,doc_2",3
incérité,"doc_2,doc_2,doc_3",3
indiquer,"doc_2,doc_2,doc_2",3
individuelles,"doc_2,doc_2,doc_2",3
indépendamment,"doc_2,doc_2,doc_2",3
influencent,"doc_2,doc_2,doc_2",3
influencer,"doc_2,doc_2,doc_2",3
initialement,"doc_2,doc_2,doc_3",3
intention,"doc_2,doc_2,doc_3",3
intégrité,"doc_2,doc_2,doc_3",3
intéressant,"doc_2,doc_2,doc_3",3
intérieur,"doc_2,doc_3,doc_1",3
jugement,"doc_2,doc_2,doc_3",3
juger,"doc_2,doc_2,doc_3",3
jusquelà,"doc_3,doc_3,doc_3",3
jy,"doc_2,doc_3,doc_3",3
kilos,"doc_2,doc_2,doc_3",3
laccent,"doc_2,doc_2,doc_3",3
lactivité,"doc_2,doc_3,doc_3",3
laise,"doc_2,doc_2,doc_3",3
lan,"doc_3,doc_3,doc_3",3
lapprenant,"doc_2,doc_2,doc_2",3
lapprentissage,"doc_2,doc_2,doc_2",3
large,"doc_2,doc_3,doc_3",3
largement,"doc_1,doc_2,doc_2",3
larges,"doc_2,doc_3,doc_3",3
latteindre,"doc_2,doc_2,doc_2",3
latteinte,"doc_2,doc_2,doc_2",3
lendemain,"doc_3,doc_3,doc_3",3
lengagement,"doc_2,doc_2,doc_2",3
lentement,"doc_3,doc_3,doc_3",3
lenvie,"doc_3,doc_3,doc_3",3
lest,"doc_1,doc_3,doc_3",3
lexpérience,"doc_2,doc_2,doc_2",3
lhistoire,"doc_3,doc_3,doc_1",3
lhomme,"doc_2,doc_2,doc_2",3
lice,"doc_2,doc_2,doc_2",3
lidentité,"doc_2,doc_2,doc_3",3
lieux,"doc_2,doc_3,doc_3",3
linguistique,"doc_1,doc_1,doc_2",3
lit,"doc_1,doc_2,doc_3",3
lles,"doc_2,doc_2,doc_3",3
lllll,"doc_3,doc_3,doc_3",3
lm,"doc_3,doc_3,doc_3",3
lois,"doc_3,doc_1,doc_1",3
loisirs,"doc_2,doc_3,doc_3",3
low,"doc_2,doc_2,doc_2",3
lâge,"doc_2,doc_2,doc_3",3
lèvent,"doc_2,doc_2,doc_2",3
léchec,"doc_2,doc_2,doc_3",3
lépoque,"doc_2,doc_3,doc_3",3
léquilibre,"doc_2,doc_3,doc_3",3
léquipe,"doc_2,doc_2,doc_2",3
magine,"doc_3,doc_3,doc_3",3
maideront,"doc_2,doc_2,doc_2",3
manger,"doc_3,doc_3,doc_3",3
masse,"doc_2,doc_3,doc_3",3
massurer,"doc_2,doc_2,doc_2",3
maître,"doc_2,doc_3,doc_3",3
mbition,"doc_2,doc_2,doc_3",3
meilleurs,"doc_1,doc_1,doc_3",3
membre,"doc_2,doc_2,doc_2",3
mempêcheront,"doc_2,doc_2,doc_2",3
menant,"doc_2,doc_2,doc_2",3
ments,"doc_3,doc_3,doc_3",3
message,"doc_2,doc_2,doc_3",3
messages,"doc_2,doc_2,doc_3",3
mesurable,"doc_2,doc_2,doc_2",3
milieu,"doc_2,doc_2,doc_3",3
milieux,"doc_2,doc_2,doc_2",3
millionnaires,"doc_1,doc_1,doc_1",3
miniatures,"doc_3,doc_3,doc_3",3
minimale,"doc_3,doc_3,doc_3",3
minute,"doc_2,doc_2,doc_2",3
miracle,"doc_3,doc_3,doc_3",3
mit,"doc_2,doc_2,doc_2",3
mo,"doc_3,doc_3,doc_3",3
modifier,"doc_2,doc_2,doc_2",3
modèles,"doc_2,doc_2,doc_3",3
moffrir,"doc_2,doc_2,doc_2",3
moindre,"doc_3,doc_3,doc_3",3
momentlà,"doc_3,doc_3,doc_3",3
montre,"doc_2,doc_2,doc_3",3
montrer,"doc_3,doc_3,doc_3",3
moral,"doc_3,doc_3,doc_3",3
morceaux,"doc_2,doc_2,doc_2",3
motive,"doc_2,doc_2,doc_2",3
motivent,"doc_2,doc_2,doc_2",3
motiver,"doc_2,doc_2,doc_3",3
motivés,"doc_2,doc_2,doc_2",3
mouvement,"doc_2,doc_2,doc_2",3
mpathie,"doc_2,doc_2,doc_3",3
multitude,"doc_2,doc_3,doc_3",3
mérite,"doc_3,doc_3,doc_3",3
méthodologie,"doc_2,doc_2,doc_2",3
naturel,"doc_2,doc_3,doc_3",3
naturels,"doc_2,doc_2,doc_2",3
naître,"doc_3,doc_3,doc_3",3
ncouragent,"doc_2,doc_2,doc_2",3
nes,"doc_2,doc_3,doc_3",3
nimporte,"doc_2,doc_3,doc_3",3
nir,"doc_3,doc_3,doc_3",3
normal,"doc_2,doc_3,doc_3",3
notamment,"doc_3,doc_3,doc_3",3
notions,"doc_1,doc_1,doc_3",3
nourriture,"doc_2,doc_2,doc_2",3
ntelligence,"doc_2,doc_2,doc_3",3
ntroduction,"doc_2,doc_3,doc_3",3
numéro,"doc_1,doc_3,doc_3",3
nécessaires,"doc_2,doc_2,doc_2",3
nécessité,"doc_3,doc_3,doc_3",3
nées,"doc_3,doc_3,doc_3",3
négatif,"doc_2,doc_3,doc_3",3
observations,"doc_2,doc_2,doc_2",3
obtenir,"doc_2,doc_2,doc_3",3
ohérence,"doc_2,doc_2,doc_3",3
oire,"doc_3,doc_3,doc_3",3
ommunication,"doc_2,doc_2,doc_2",3
omprennent,"doc_2,doc_2,doc_2",3
ompétencesconnaissances,"doc_2,doc_2,doc_2",3
options,"doc_2,doc_2,doc_2",3
organisationnelles,"doc_2,doc_2,doc_2",3
organisé,"doc_2,doc_2,doc_3",3
original,"doc_2,doc_2,doc_2",3
ors,"doc_3,doc_3,doc_3",3
otivation,"doc_2,doc_2,doc_2",3
oublier,"doc_3,doc_3,doc_3",3
oward,"doc_2,doc_2,doc_2",3
pa,"doc_3,doc_3,doc_3",3
page,"doc_2,doc_2,doc_3",3
paragraphes,"doc_3,doc_3,doc_3",3
parcours,"doc_2,doc_2,doc_2",3
partage,"doc_2,doc_3,doc_3",3
partagent,"doc_2,doc_2,doc_2",3
participation,"doc_2,doc_2,doc_2",3
particulier,"doc_2,doc_3,doc_3",3
particuliers,"doc_2,doc_2,doc_3",3
particulière,"doc_2,doc_3,doc_3",3
passait,"doc_3,doc_3,doc_3",3
passionnant,"doc_1,doc_2,doc_2",3
passive,"doc_2,doc_2,doc_2",3
patrouille,"doc_2,doc_2,doc_2",3
pensezvous,"doc_2,doc_2,doc_2",3
pensé,"doc_2,doc_2,doc_1",3
performances,"doc_3,doc_3,doc_3",3
permettant,"doc_2,doc_2,doc_2",3
permis,"doc_2,doc_3,doc_3",3
personnellement,"doc_2,doc_2,doc_3",3
perturbateur,"doc_3,doc_3,doc_3",3
peuton,"doc_2,doc_2,doc_2",3
phrase,"doc_2,doc_2,doc_3",3
piano,"doc_2,doc_2,doc_2",3
pied,"doc_2,doc_3,doc_3",3
pire,"doc_3,doc_3,doc_3",3
plage,"doc_3,doc_3,doc_3",3
plu,"doc_3,doc_3,doc_3",3
podcasts,"doc_3,doc_3,doc_3",3
politique,"doc_2,doc_2,doc_2",3
ponses,"doc_3,doc_3,doc_3",3
positifs,"doc_2,doc_2,doc_2",3
possibles,"doc_2,doc_3,doc_3",3
possédez,"doc_2,doc_2,doc_2",3
pourra,"doc_2,doc_2,doc_3",3
pousser,"doc_3,doc_3,doc_3",3
pppppooooouuuuurrrrr,"doc_3,doc_3,doc_3",3
pprécie,"doc_2,doc_2,doc_2",3
premiers,"doc_1,doc_3,doc_3",3
prenez,"doc_1,doc_1,doc_2",3
primaires,"doc_2,doc_2,doc_3",3
principales,"doc_2,doc_2,doc_2",3
problématique,"doc_3,doc_3,doc_3",3
prochaine,"doc_2,doc_2,doc_3",3
progressé,"doc_2,doc_3,doc_3",3
propos,"doc_2,doc_3,doc_3",3
précises,"doc_2,doc_2,doc_2",3
précisément,"doc_2,doc_3,doc_3",3
précédente,"doc_2,doc_2,doc_3",3
préoccupations,"doc_2,doc_2,doc_3",3
puisque,"doc_2,doc_3,doc_3",3
puissant,"doc_3,doc_3,doc_3",3
pécifique,"doc_2,doc_2,doc_2",3
périodes,"doc_3,doc_3,doc_3",3
qqqqquuuuuiiiii,"doc_3,doc_3,doc_3",3
qu,"doc_3,doc_3,doc_3",3
qualifié,"doc_2,doc_2,doc_2",3
quen,"doc_2,doc_3,doc_3",3
questce,"doc_2,doc_2,doc_3",3
queux,"doc_3,doc_3,doc_3",3
quo,"doc_2,doc_3,doc_3",3
quorganisation,"doc_2,doc_2,doc_2",3
r,"doc_2,doc_3,doc_3",3
rappeler,"doc_2,doc_2,doc_2",3
rapporte,"doc_2,doc_2,doc_2",3
rapports,"doc_2,doc_2,doc_2",3
re,"doc_3,doc_3,doc_3",3
recette,"doc_3,doc_3,doc_3",3
rechercher,"doc_2,doc_2,doc_2",3
recul,"doc_2,doc_3,doc_3",3
refuser,"doc_2,doc_2,doc_3",3
remarqué,"doc_2,doc_3,doc_3",3
remplacer,"doc_3,doc_3,doc_3",3
rend,"doc_3,doc_3,doc_3",3
repartir,"doc_3,doc_3,doc_3",3
repose,"doc_2,doc_2,doc_2",3
repris,"doc_2,doc_3,doc_3",3
reprises,"doc_3,doc_3,doc_3",3
requis,"doc_2,doc_2,doc_2",3
respectant,"doc_2,doc_2,doc_2",3
respecte,"doc_3,doc_3,doc_3",3
responsabiliser,"doc_3,doc_3,doc_3",3
ressemblent,"doc_2,doc_3,doc_3",3
ressentiras,"doc_3,doc_3,doc_3",3
retard,"doc_3,doc_3,doc_3",3
rituel,"doc_3,doc_3,doc_3",3
rompre,"doc_3,doc_3,doc_3",3
roues,"doc_3,doc_3,doc_3",3
rouver,"doc_3,doc_3,doc_3",3
réagir,"doc_2,doc_2,doc_2",3
réalisé,"doc_2,doc_3,doc_3",3
réalisés,"doc_2,doc_2,doc_3",3
récit,"doc_2,doc_3,doc_3",3
réel,"doc_2,doc_3,doc_3",3
réelle,"doc_2,doc_2,doc_3",3
répondit,"doc_2,doc_2,doc_2",3
répondu,"doc_2,doc_3,doc_3",3
répéter,"doc_2,doc_3,doc_3",3
réussites,"doc_2,doc_2,doc_2",3
rênes,"doc_2,doc_2,doc_3",3
sache,"doc_3,doc_3,doc_3",3
saine,"doc_2,doc_3,doc_3",3
salignentelles,"doc_2,doc_2,doc_2",3
savoirs,"doc_2,doc_2,doc_2",3
scénaristique,"doc_3,doc_3,doc_3",3
seconde,"doc_2,doc_3,doc_3",3
semblent,"doc_2,doc_2,doc_2",3
sengager,"doc_2,doc_2,doc_3",3
sent,"doc_2,doc_2,doc_3",3
sentez,"doc_2,doc_2,doc_2",3
seraient,"doc_3,doc_3,doc_3",3
sinon,"doc_2,doc_3,doc_3",3
soleil,"doc_2,doc_3,doc_3",3
sommeil,"doc_2,doc_3,doc_3",3
sonnel,"doc_3,doc_3,doc_3",3
sort,"doc_2,doc_2,doc_3",3
sortes,"doc_3,doc_3,doc_3",3
souffrance,"doc_2,doc_2,doc_2",3
souhaiterais,"doc_3,doc_3,doc_3",3
souhaitestu,"doc_3,doc_3,doc_3",3
souhaitezvous,"doc_2,doc_2,doc_2",3
soumise,"doc_2,doc_2,doc_2",3
sourire,"doc_2,doc_3,doc_3",3
soutenir,"doc_2,doc_2,doc_2",3
soyez,"doc_2,doc_2,doc_2",3
spirituel,"doc_2,doc_2,doc_2",3
spécifiez,"doc_2,doc_2,doc_2",3
ssayez,"doc_2,doc_2,doc_2",3
stimulantes,"doc_2,doc_2,doc_2",3
story,"doc_2,doc_2,doc_2",3
structure,"doc_3,doc_3,doc_3",3
suffisamment,"doc_2,doc_2,doc_2",3
suft,"doc_3,doc_3,doc_3",3
suivront,"doc_2,doc_3,doc_3",3
sure,"doc_3,doc_3,doc_3",3
surmonter,"doc_3,doc_3,doc_3",3
surpris,"doc_2,doc_3,doc_3",3
surprise,"doc_2,doc_3,doc_3",3
séances,"doc_3,doc_3,doc_3",3
sérieux,"doc_2,doc_2,doc_3",3
telling,"doc_2,doc_2,doc_2",3
tenter,"doc_3,doc_3,doc_3",3
tephen,"doc_1,doc_1,doc_2",3
the,"doc_2,doc_2,doc_2",3
tient,"doc_2,doc_3,doc_3",3
to,"doc_2,doc_3,doc_3",3
toffrira,"doc_3,doc_3,doc_3",3
toucher,"doc_2,doc_3,doc_3",3
tour,"doc_2,doc_2,doc_3",3
train,"doc_3,doc_3,doc_3",3
transactions,"doc_2,doc_2,doc_2",3
transformé,"doc_2,doc_2,doc_3",3
transmettre,"doc_3,doc_3,doc_3",3
travaillez,"doc_2,doc_2,doc_2",3
tre,"doc_2,doc_3,doc_3",3
troupeau,"doc_2,doc_2,doc_2",3
trouverez,"doc_2,doc_2,doc_2",3
trouveront,"doc_3,doc_3,doc_3",3
tttttaaaaa,"doc_3,doc_3,doc_3",3
té,"doc_3,doc_3,doc_3",3
ublications,"doc_2,doc_2,doc_2",3
uniques,"doc_2,doc_2,doc_2",3
unn,"doc_2,doc_2,doc_2",3
uparavant,"doc_3,doc_3,doc_3",3
usk,"doc_3,doc_3,doc_3",3
utant,"doc_1,doc_3,doc_3",3
utilisons,"doc_2,doc_2,doc_2",3
utilisés,"doc_2,doc_2,doc_2",3
vaisje,"doc_2,doc_2,doc_2",3
vaisselle,"doc_3,doc_3,doc_3",3
valoir,"doc_2,doc_3,doc_3",3
values,"doc_2,doc_2,doc_2",3
varient,"doc_2,doc_2,doc_2",3
veille,"doc_3,doc_3,doc_3",3
ver,"doc_3,doc_3,doc_3",3
version,"doc_3,doc_3,doc_3",3
vibrer,"doc_3,doc_3,doc_3",3
victime,"doc_2,doc_2,doc_2",3
vidéo,"doc_3,doc_3,doc_3",3
visant,"doc_2,doc_2,doc_2",3
visibles,"doc_2,doc_3,doc_3",3
vivent,"doc_2,doc_3,doc_3",3
voisin,"doc_3,doc_3,doc_3",3
voiture,"doc_1,doc_1,doc_2",3
voyage,"doc_2,doc_2,doc_2",3
vvvvviiiiieeeee,"doc_3,doc_3,doc_3",3
vvvvvooooouuuuudddddrrrrraaaaaiiiiissssstttttuuuuu,"doc_3,doc_3,doc_3",3
xpérience,"doc_2,doc_2,doc_3",3
zone,"doc_2,doc_3,doc_3",3
âge,"doc_2,doc_2,doc_2",3
éaliste,"doc_2,doc_2,doc_2",3
égression,"doc_3,doc_3,doc_3",3
éjà,"doc_3,doc_3,doc_3",3
éloges,"doc_2,doc_2,doc_2",3
émotionnels,"doc_2,doc_2,doc_2",3
énoncés,"doc_2,doc_2,doc_2",3
épreuves,"doc_2,doc_3,doc_3",3
évaluer,"doc_2,doc_2,doc_2",3
évolue,"doc_3,doc_3,doc_3",3
évolué,"doc_2,doc_3,doc_3",3
événements,"doc_2,doc_2,doc_3",3
œufs,"doc_2,doc_2,doc_2",3
111,"doc_3,doc_3",2
113,"doc_3,doc_3",2
116,"doc_3,doc_3",2
118,"doc_3,doc_3",2
123,"doc_3,doc_3",2
124,"doc_3,doc_3",2
125,"doc_3,doc_3",2
127,"doc_3,doc_3",2
128,"doc_3,doc_3",2
129,"doc_3,doc_3",2
133,"doc_3,doc_3",2
143,"doc_3,doc_3",2
147,"doc_3,doc_3",2
151,"doc_3,doc_3",2
1955,"doc_2,doc_2",2
1970,"doc_2,doc_2",2
1984,"doc_2,doc_2",2
1987,"doc_2,doc_2",2
1996,"doc_2,doc_2",2
1997,"doc_2,doc_2",2
2018,"doc_3,doc_3",2
2023,"doc_3,doc_3",2
250,"doc_3,doc_3",2
28,"doc_2,doc_3",2
36,"doc_2,doc_3",2
46,"doc_2,doc_3",2
54,"doc_2,doc_3",2
58,"doc_2,doc_3",2
60,"doc_2,doc_3",2
63,"doc_2,doc_3",2
65,"doc_2,doc_3",2
66,"doc_2,doc_3",2
67,"doc_2,doc_3",2
68,"doc_2,doc_3",2
69,"doc_2,doc_3",2
73,"doc_2,doc_3",2
76,"doc_2,doc_3",2
77,"doc_2,doc_3",2
78,"doc_2,doc_3",2
85,"doc_2,doc_3",2
86,"doc_2,doc_3",2
89,"doc_2,doc_3",2
91,"doc_2,doc_3",2
92,"doc_2,doc_3",2
93,"doc_2,doc_3",2
97,"doc_2,doc_3",2
9791039703840,"doc_3,doc_3",2
98,"doc_2,doc_3",2
abattre,"doc_3,doc_3",2
abits,"doc_2,doc_2",2
aborder,"doc_2,doc_2",2
abstraite,"doc_2,doc_2",2
absurde,"doc_3,doc_3",2
accessible,"doc_3,doc_3",2
achevé,"doc_3,doc_3",2
achèvement,"doc_3,doc_3",2
acte,"doc_2,doc_3",2
actes,"doc_2,doc_3",2
actuell,"doc_3,doc_3",2
adaptés,"doc_2,doc_2",2
additionnez,"doc_2,doc_2",2
admires,"doc_3,doc_3",2
adopte,"doc_2,doc_2",2
aidenhead,"doc_2,doc_2",2
ailleurs,"doc_2,doc_3",2
aiment,"doc_2,doc_3",2
aimer,"doc_2,doc_3",2
aimes,"doc_3,doc_3",2
aimé,"doc_2,doc_2",2
aisément,"doc_3,doc_3",2
ait,"doc_2,doc_2",2
aix,"doc_2,doc_3",2
aleurs,"doc_2,doc_2",2
alimentation,"doc_3,doc_3",2
alimente,"doc_2,doc_3",2
allant,"doc_2,doc_3",2
alternatives,"doc_2,doc_2",2
amendes,"doc_2,doc_2",2
amical,"doc_2,doc_3",2
amille,"doc_2,doc_3",2
amérindiens,"doc_2,doc_2",2
analyse,"doc_1,doc_2",2
ancienne,"doc_3,doc_3",2
anciennes,"doc_3,doc_3",2
andhi,"doc_2,doc_2",2
aniel,"doc_2,doc_2",2
animal,"doc_2,doc_2",2
annonce,"doc_2,doc_3",2
année,"doc_3,doc_3",2
ap,"doc_3,doc_3",2
apacités,"doc_2,doc_2",2
aperçoives,"doc_3,doc_3",2
apoleon,"doc_1,doc_1",2
apparence,"doc_2,doc_3",2
apparu,"doc_2,doc_2",2
apport,"doc_1,doc_2",2
appropriées,"doc_2,doc_2",2
apprécier,"doc_2,doc_2",2
aractère,"doc_2,doc_2",2
argent,"doc_3,doc_3",2
arie,"doc_3,doc_3",2
armonie,"doc_2,doc_3",2
arrêter,"doc_3,doc_3",2
art,"doc_2,doc_1",2
aspirent,"doc_2,doc_2",2
associe,"doc_2,doc_2",2
associer,"doc_3,doc_3",2
associés,"doc_2,doc_2",2
assume,"doc_2,doc_3",2
atalyseur,"doc_2,doc_2",2
atir,"doc_2,doc_2",2
atout,"doc_3,doc_3",2
atouts,"doc_2,doc_2",2
attaque,"doc_2,doc_2",2
attendre,"doc_2,doc_3",2
attendu,"doc_2,doc_2",2
attentifs,"doc_2,doc_2",2
attiré,"doc_1,doc_3",2
attractif,"doc_2,doc_2",2
audelà,"doc_2,doc_2",2
auf,"doc_3,doc_3",2
auraistu,"doc_3,doc_3",2
authenticité,"doc_2,doc_3",2
autonome,"doc_2,doc_2",2
auxquelles,"doc_2,doc_3",2
avan,"doc_3,doc_3",2
avancé,"doc_3,doc_3",2
avancée,"doc_3,doc_3",2
ave,"doc_3,doc_3",2
awrence,"doc_2,doc_2",2
ayant,"doc_2,doc_3",2
barrières,"doc_2,doc_3",2
basant,"doc_2,doc_2",2
baser,"doc_3,doc_3",2
bases,"doc_1,doc_3",2
basiques,"doc_3,doc_3",2
basé,"doc_1,doc_2",2
belle,"doc_2,doc_3",2
berne,"doc_3,doc_3",2
best,"doc_1,doc_1",2
bienveillante,"doc_2,doc_3",2
bitudes,"doc_3,doc_3",2
bière,"doc_3,doc_3",2
boost,"doc_3,doc_3",2
bouche,"doc_2,doc_2",2
boursiers,"doc_3,doc_3",2
bracelets,"doc_2,doc_2",2
branches,"doc_2,doc_2",2
bservation,"doc_2,doc_2",2
bureau,"doc_3,doc_3",2
butoir,"doc_2,doc_3",2
bénéces,"doc_3,doc_3",2
bénéficier,"doc_2,doc_2",2
bêtes,"doc_2,doc_2",2
cachée,"doc_2,doc_2",2
calme,"doc_2,doc_3",2
canapé,"doc_3,doc_3",2
canaux,"doc_2,doc_2",2
cap,"doc_3,doc_3",2
capital,"doc_2,doc_3",2
casser,"doc_2,doc_3",2
casseroles,"doc_2,doc_2",2
cceptation,"doc_2,doc_3",2
celuici,"doc_2,doc_3",2
certes,"doc_3,doc_3",2
cessent,"doc_2,doc_3",2
chaleur,"doc_2,doc_2",2
champ,"doc_2,doc_3",2
chasseurs,"doc_2,doc_2",2
chaussures,"doc_2,doc_3",2
cherchant,"doc_3,doc_3",2
ching,"doc_3,doc_3",2
choisissant,"doc_3,doc_3",2
choisissez,"doc_2,doc_2",2
choisit,"doc_2,doc_2",2
cidessus,"doc_2,doc_3",2
cile,"doc_3,doc_3",2
claque,"doc_1,doc_1",2
clarifier,"doc_2,doc_2",2
clas,"doc_3,doc_3",2
classer,"doc_2,doc_2",2
classé,"doc_2,doc_3",2
coachings,"doc_3,doc_3",2
cognition,"doc_2,doc_2",2
collaboration,"doc_2,doc_2",2
combien,"doc_3,doc_3",2
combinaison,"doc_3,doc_3",2
commencement,"doc_2,doc_3",2
commentez,"doc_2,doc_2",2
communique,"doc_2,doc_2",2
comparez,"doc_2,doc_2",2
compenser,"doc_2,doc_3",2
compliments,"doc_2,doc_2",2
compliquée,"doc_3,doc_3",2
compléter,"doc_2,doc_3",2
comporte,"doc_3,doc_3",2
composant,"doc_2,doc_2",2
composants,"doc_2,doc_2",2
composent,"doc_2,doc_3",2
composer,"doc_3,doc_3",2
comprends,"doc_3,doc_3",2
comptait,"doc_3,doc_3",2
conception,"doc_2,doc_3",2
concernée,"doc_2,doc_2",2
conclusions,"doc_2,doc_2",2
concrets,"doc_3,doc_3",2
concrète,"doc_2,doc_2",2
conditions,"doc_2,doc_3",2
confiant,"doc_2,doc_2",2
conflit,"doc_2,doc_2",2
conformément,"doc_2,doc_2",2
conforter,"doc_3,doc_3",2
confrontation,"doc_2,doc_2",2
connaîtr,"doc_3,doc_3",2
connecté,"doc_3,doc_3",2
consensus,"doc_2,doc_2",2
considérablement,"doc_2,doc_3",2
considérant,"doc_2,doc_2",2
consommer,"doc_3,doc_3",2
conspire,"doc_1,doc_3",2
constituer,"doc_3,doc_3",2
conte,"doc_2,doc_3",2
contiennent,"doc_3,doc_3",2
continu,"doc_2,doc_2",2
continuum,"doc_2,doc_2",2
contrainte,"doc_3,doc_3",2
contrario,"doc_3,doc_3",2
conversation,"doc_3,doc_1",2
conviendra,"doc_3,doc_3",2
conviennent,"doc_2,doc_3",2
coquille,"doc_2,doc_2",2
corporelle,"doc_2,doc_2",2
correctement,"doc_3,doc_3",2
correspondent,"doc_3,doc_3",2
couleur,"doc_2,doc_2",2
courant,"doc_2,doc_3",2
courir,"doc_2,doc_2",2
coutisme,"doc_2,doc_2",2
couture,"doc_3,doc_3",2
crainte,"doc_2,doc_2",2
crire,"doc_3,doc_3",2
critiquent,"doc_2,doc_2",2
créant,"doc_2,doc_3",2
créatif,"doc_3,doc_3",2
création,"doc_3,doc_3",2
crépuscule,"doc_3,doc_3",2
culturelle,"doc_2,doc_2",2
cycle,"doc_2,doc_3",2
daction,"doc_2,doc_3",2
dactualité,"doc_2,doc_2",2
daffirmations,"doc_2,doc_2",2
damour,"doc_2,doc_2",2
dance,"doc_3,doc_3",2
dargent,"doc_2,doc_3",2
darrêt,"doc_3,doc_3",2
darrêter,"doc_2,doc_3",2
dattention,"doc_2,doc_2",2
dauteur,"doc_3,doc_3",2
dddddééééécccccrrrrriiiiirrrrreeeee,"doc_3,doc_3",2
deffort,"doc_3,doc_3",2
defforts,"doc_2,doc_3",2
dellemême,"doc_2,doc_2",2
demandetoi,"doc_3,doc_3",2
demandez,"doc_2,doc_2",2
demeure,"doc_2,doc_2",2
dempathie,"doc_2,doc_2",2
densemble,"doc_2,doc_3",2
dernières,"doc_2,doc_2",2
despoir,"doc_2,doc_2",2
devenue,"doc_2,doc_3",2
dexemple,"doc_3,doc_3",2
dexpliquer,"doc_1,doc_2",2
didée,"doc_3,doc_3",2
dif,"doc_3,doc_3",2
difciles,"doc_3,doc_3",2
difculté,"doc_3,doc_3",2
difficultés,"doc_2,doc_2",2
différencie,"doc_3,doc_3",2
digne,"doc_2,doc_2",2
dimension,"doc_2,doc_2",2
diminution,"doc_3,doc_3",2
dinnovation,"doc_2,doc_2",2
dinscrire,"doc_2,doc_2",2
dintégrité,"doc_2,doc_2",2
dintérêt,"doc_2,doc_2",2
disais,"doc_3,doc_3",2
dise,"doc_2,doc_2",2
disent,"doc_2,doc_3",2
disponible,"doc_3,doc_3",2
disponibles,"doc_1,doc_3",2
disposes,"doc_3,doc_3",2
dissimuler,"doc_3,doc_3",2
distinctes,"doc_1,doc_2",2
distinction,"doc_2,doc_2",2
distingue,"doc_2,doc_2",2
dlon,"doc_3,doc_3",2
do,"doc_3,doc_3",2
doigts,"doc_3,doc_3",2
dominent,"doc_2,doc_2",2
donnait,"doc_3,doc_3",2
donnes,"doc_2,doc_3",2
données,"doc_3,doc_3",2
dorganisation,"doc_2,doc_3",2
doutils,"doc_2,doc_2",2
douée,"doc_2,doc_2",2
drastiquement,"doc_3,doc_3",2
drôle,"doc_3,doc_3",2
dère,"doc_3,doc_3",2
débloquer,"doc_3,doc_3",2
débute,"doc_3,doc_3",2
débuter,"doc_3,doc_3",2
décevoir,"doc_3,doc_3",2
décidant,"doc_3,doc_3",2
décideur,"doc_3,doc_3",2
découter,"doc_2,doc_3",2
décès,"doc_2,doc_2",2
défaire,"doc_3,doc_3",2
défendre,"doc_2,doc_2",2
défini,"doc_2,doc_2",2
délai,"doc_2,doc_2",2
délaisser,"doc_3,doc_3",2
déler,"doc_3,doc_3",2
démarche,"doc_2,doc_2",2
démarrer,"doc_3,doc_3",2
démontre,"doc_2,doc_3",2
démontrez,"doc_2,doc_2",2
déner,"doc_3,doc_3",2
dénit,"doc_3,doc_3",2
désirais,"doc_3,doc_3",2
détablir,"doc_2,doc_2",2
détail,"doc_3,doc_3",2
détapes,"doc_1,doc_2",2
détecter,"doc_2,doc_2",2
déterminant,"doc_2,doc_3",2
déterminé,"doc_3,doc_3",2
déthique,"doc_2,doc_2",2
dévaluer,"doc_2,doc_2",2
développant,"doc_2,doc_2",2
développemen,"doc_3,doc_3",2
développées,"doc_2,doc_2",2
dévolution,"doc_3,doc_3",2
eading,"doc_2,doc_2",2
echerchent,"doc_2,doc_2",2
econnaissance,"doc_2,doc_2",2
econnaissent,"doc_2,doc_2",2
edition,"doc_2,doc_2",2
ee,"doc_2,doc_2",2
eeeeesssssttttt,"doc_3,doc_3",2
eert,"doc_2,doc_2",2
effet,"doc_2,doc_3",2
efficaces,"doc_2,doc_2",2
eformulez,"doc_2,doc_2",2
ellemême,"doc_2,doc_2",2
ellesmêmes,"doc_2,doc_3",2
emandezvous,"doc_2,doc_2",2
emartini,"doc_3,doc_3",2
emerciements,"doc_3,doc_3",2
empathie,"doc_2,doc_2",2
encourage,"doc_2,doc_2",2
enrichissant,"doc_2,doc_2",2
enrichissante,"doc_3,doc_3",2
ensestu,"doc_3,doc_3",2
entendre,"doc_2,doc_3",2
entendu,"doc_2,doc_2",2
entourent,"doc_2,doc_3",2
entraîner,"doc_2,doc_3",2
entreprennent,"doc_1,doc_1",2
entreprise,"doc_2,doc_1",2
entreprises,"doc_2,doc_2",2
entretiennent,"doc_2,doc_2",2
environne,"doc_3,doc_3",2
envoyé,"doc_2,doc_3",2
enêtre,"doc_2,doc_2",2
erdre,"doc_2,doc_2",2
ermettre,"doc_2,doc_2",2
erreur,"doc_2,doc_3",2
ersonality,"doc_2,doc_2",2
ersévérance,"doc_2,doc_2",2
ervezvous,"doc_2,doc_2",2
espect,"doc_2,doc_3",2
espectent,"doc_2,doc_2",2
espérance,"doc_3,doc_3",2
essais,"doc_3,doc_3",2
essayé,"doc_2,doc_3",2
estil,"doc_2,doc_2",2
estion,"doc_2,doc_2",2
etc,"doc_2,doc_2",2
eter,"doc_2,doc_2",2
ettent,"doc_2,doc_2",2
ettez,"doc_2,doc_2",2
evenez,"doc_2,doc_3",2
excellente,"doc_2,doc_3",2
exceptionnel,"doc_3,doc_3",2
excitation,"doc_2,doc_2",2
excuses,"doc_2,doc_2",2
exerçant,"doc_2,doc_2",2
explications,"doc_2,doc_2",2
explique,"doc_1,doc_3",2
expliquer,"doc_1,doc_2",2
exprime,"doc_2,doc_2",2
expé,"doc_3,doc_3",2
extrême,"doc_3,doc_3",2
extrêmement,"doc_3,doc_1",2
exécuter,"doc_2,doc_3",2
facteur,"doc_2,doc_3",2
faiblesse,"doc_2,doc_3",2
faisait,"doc_3,doc_3",2
falaise,"doc_2,doc_2",2
fasse,"doc_2,doc_2",2
faudra,"doc_3,doc_3",2
façonnent,"doc_2,doc_2",2
femme,"doc_2,doc_3",2
fenêtres,"doc_2,doc_3",2
fera,"doc_3,doc_3",2
feriezvous,"doc_2,doc_2",2
feuilletant,"doc_2,doc_2",2
ffirmations,"doc_2,doc_2",2
ffrent,"doc_2,doc_2",2
figure,"doc_2,doc_2",2
fière,"doc_2,doc_2",2
flexibilité,"doc_2,doc_2",2
focalisant,"doc_2,doc_3",2
focaliser,"doc_3,doc_1",2
focus,"doc_3,doc_3",2
foi,"doc_1,doc_3",2
folie,"doc_3,doc_3",2
folies,"doc_2,doc_3",2
fon,"doc_3,doc_3",2
fonctiontravail,"doc_2,doc_2",2
fondement,"doc_2,doc_2",2
former,"doc_3,doc_3",2
formidables,"doc_3,doc_3",2
formulés,"doc_2,doc_2",2
fortes,"doc_3,doc_3",2
fournissent,"doc_2,doc_2",2
français,"doc_2,doc_2",2
frontièrelà,"doc_3,doc_3",2
fruit,"doc_3,doc_3",2
fruits,"doc_2,doc_3",2
fuite,"doc_2,doc_2",2
furieux,"doc_2,doc_2",2
future,"doc_3,doc_3",2
gages,"doc_2,doc_2",2
gagniez,"doc_2,doc_2",2
gardé,"doc_1,doc_2",2
gie,"doc_3,doc_3",2
gissent,"doc_2,doc_2",2
global,"doc_2,doc_2",2
goût,"doc_2,doc_2",2
goûter,"doc_2,doc_3",2
grain,"doc_2,doc_2",2
grandchose,"doc_3,doc_3",2
grandi,"doc_2,doc_3",2
grands,"doc_1,doc_3",2
gravé,"doc_3,doc_3",2
guider,"doc_2,doc_2",2
gère,"doc_2,doc_2",2
gé,"doc_3,doc_3",2
générer,"doc_3,doc_3",2
ha,"doc_3,doc_3",2
haleine,"doc_3,doc_3",2
haqu,"doc_3,doc_3",2
hauteur,"doc_3,doc_3",2
helpers,"doc_2,doc_2",2
heureuse,"doc_2,doc_2",2
hiffrez,"doc_2,doc_2",2
horaire,"doc_3,doc_3",2
hors,"doc_3,doc_3",2
huit,"doc_2,doc_2",2
iabilité,"doc_2,doc_3",2
ibles,"doc_2,doc_2",2
ichard,"doc_1,doc_1",2
ickup,"doc_1,doc_1",2
identique,"doc_3,doc_3",2
idessous,"doc_2,doc_2",2
iens,"doc_2,doc_3",2
ieux,"doc_3,doc_3",2
ignorent,"doc_2,doc_2",2
ignorer,"doc_2,doc_2",2
ill,"doc_1,doc_1",2
imaginé,"doc_2,doc_3",2
imon,"doc_3,doc_3",2
impose,"doc_3,doc_3",2
imprévus,"doc_3,doc_3",2
impulsions,"doc_2,doc_2",2
inadéquat,"doc_2,doc_2",2
inappropriée,"doc_2,doc_2",2
incluant,"doc_2,doc_2",2
inconnue,"doc_2,doc_2",2
incroyable,"doc_3,doc_3",2
incroyables,"doc_1,doc_3",2
indiquez,"doc_2,doc_2",2
inek,"doc_3,doc_3",2
inidividuel,"doc_2,doc_2",2
initiale,"doc_3,doc_3",2
inlassablement,"doc_3,doc_3",2
inscrivez,"doc_2,doc_2",2
instants,"doc_2,doc_3",2
instructions,"doc_2,doc_2",2
internet,"doc_2,doc_3",2
interpersonnelle,"doc_2,doc_2",2
interpersonnelles,"doc_2,doc_2",2
intéres,"doc_3,doc_3",2
intéressantes,"doc_2,doc_3",2
intérieure,"doc_2,doc_2",2
inventory,"doc_2,doc_2",2
inversement,"doc_2,doc_3",2
investissement,"doc_1,doc_3",2
iracle,"doc_3,doc_3",2
irer,"doc_2,doc_2",2
irginia,"doc_2,doc_2",2
irst,"doc_2,doc_2",2
isez,"doc_2,doc_2",2
ission,"doc_2,doc_2",2
ix,"doc_2,doc_2",2
jaimerais,"doc_2,doc_3",2
jallais,"doc_3,doc_3",2
japprécie,"doc_2,doc_3",2
journalière,"doc_3,doc_3",2
journé,"doc_3,doc_3",2
justifier,"doc_2,doc_2",2
labsence,"doc_2,doc_2",2
ladulte,"doc_1,doc_3",2
lai,"doc_1,doc_2",2
lair,"doc_2,doc_2",2
lais,"doc_3,doc_3",2
laissant,"doc_3,doc_3",2
laissez,"doc_2,doc_3",2
lalimentation,"doc_2,doc_3",2
lapproche,"doc_2,doc_2",2
larbre,"doc_2,doc_2",2
larmes,"doc_3,doc_3",2
lasser,"doc_3,doc_3",2
lattraction,"doc_1,doc_1",2
laviez,"doc_2,doc_2",2
lavons,"doc_2,doc_2",2
lendroit,"doc_2,doc_2",2
lentends,"doc_3,doc_3",2
ler,"doc_3,doc_3",2
lespoir,"doc_2,doc_3",2
levier,"doc_2,doc_2",2
lexemple,"doc_2,doc_2",2
lexibilité,"doc_2,doc_3",2
lextérieur,"doc_3,doc_3",2
leçons,"doc_2,doc_3",2
lheure,"doc_2,doc_3",2
lier,"doc_2,doc_2",2
liers,"doc_3,doc_3",2
ligner,"doc_2,doc_2",2
limité,"doc_2,doc_3",2
limpor,"doc_3,doc_3",2
limprovisation,"doc_3,doc_3",2
lindique,"doc_3,doc_3",2
linfluence,"doc_2,doc_2",2
linitiative,"doc_2,doc_3",2
linspiration,"doc_2,doc_3",2
lintérieur,"doc_3,doc_3",2
lintérêt,"doc_3,doc_3",2
lisant,"doc_2,doc_3",2
lise,"doc_3,doc_3",2
litre,"doc_3,doc_3",2
lives,"doc_3,doc_3",2
livret,"doc_3,doc_3",2
lièvre,"doc_3,doc_3",2
liée,"doc_2,doc_2",2
llllliiiiivvvvvrrrrreeeee,"doc_3,doc_3",2
lms,"doc_3,doc_3",2
lnde,"doc_2,doc_2",2
lobjet,"doc_2,doc_3",2
loccasion,"doc_3,doc_3",2
longues,"doc_3,doc_3",2
lopportunité,"doc_2,doc_2",2
lorsquils,"doc_2,doc_2",2
loto,"doc_2,doc_2",2
ltre,"doc_2,doc_2",2
luer,"doc_3,doc_3",2
lune,"doc_2,doc_2",2
lutilisation,"doc_2,doc_2",2
lutôt,"doc_3,doc_3",2
lâche,"doc_3,doc_3",2
lève,"doc_2,doc_1",2
lèvres,"doc_3,doc_3",2
lédice,"doc_3,doc_3",2
lélément,"doc_2,doc_2",2
létat,"doc_2,doc_3",2
léthique,"doc_2,doc_2",2
lévolution,"doc_3,doc_3",2
lœuf,"doc_2,doc_2",2
magazine,"doc_2,doc_2",2
maimer,"doc_2,doc_2",2
mains,"doc_3,doc_3",2
maintie,"doc_3,doc_3",2
majeur,"doc_3,doc_1",2
majeurs,"doc_2,doc_2",2
manifeste,"doc_2,doc_2",2
manières,"doc_1,doc_2",2
mapporte,"doc_3,doc_3",2
marchandage,"doc_2,doc_2",2
marqué,"doc_3,doc_3",2
marrive,"doc_3,doc_3",2
massieds,"doc_3,doc_3",2
matériel,"doc_3,doc_3",2
meilleures,"doc_2,doc_3",2
men,"doc_2,doc_2",2
menaces,"doc_2,doc_2",2
mengager,"doc_2,doc_3",2
menter,"doc_3,doc_3",2
mentionnés,"doc_2,doc_2",2
mentor,"doc_2,doc_3",2
method,"doc_1,doc_1",2
mettant,"doc_3,doc_3",2
mettras,"doc_3,doc_3",2
meuble,"doc_3,doc_3",2
mince,"doc_2,doc_3",2
minds,"doc_2,doc_2",2
minime,"doc_3,doc_3",2
mobilisent,"doc_2,doc_2",2
modes,"doc_2,doc_2",2
modéliser,"doc_1,doc_1",2
moindres,"doc_3,doc_3",2
mondial,"doc_1,doc_1",2
montrant,"doc_2,doc_2",2
moralité,"doc_2,doc_2",2
motivations,"doc_2,doc_3",2
musculaire,"doc_3,doc_3",2
musicale,"doc_2,doc_3",2
mutuellement,"doc_2,doc_2",2
mène,"doc_2,doc_2",2
méditation,"doc_2,doc_3",2
mériteraient,"doc_2,doc_3",2
naissance,"doc_3,doc_3",2
nait,"doc_2,doc_3",2
nancier,"doc_3,doc_3",2
narration,"doc_2,doc_2",2
naurais,"doc_3,doc_3",2
navais,"doc_3,doc_3",2
ncourager,"doc_2,doc_2",2
nd,"doc_2,doc_2",2
ndiquez,"doc_2,doc_2",2
nement,"doc_3,doc_3",2
ner,"doc_3,doc_3",2
nettement,"doc_3,doc_3",2
neutres,"doc_3,doc_3",2
nfluence,"doc_2,doc_2",2
ngagement,"doc_2,doc_2",2
ngagez,"doc_2,doc_2",2
ngham,"doc_2,doc_2",2
nitiative,"doc_2,doc_2",2
nitier,"doc_2,doc_2",2
nn,"doc_3,doc_3",2
nnexe,"doc_3,doc_3",2
nnnnn,"doc_3,doc_3",2
nnnnnooooouuuuusssss,"doc_3,doc_3",2
noir,"doc_3,doc_3",2
noircir,"doc_3,doc_3",2
nomme,"doc_2,doc_2",2
nons,"doc_3,doc_3",2
notice,"doc_3,doc_3",2
notion,"doc_3,doc_3",2
noté,"doc_2,doc_3",2
nou,"doc_3,doc_3",2
nouveauté,"doc_3,doc_3",2
nterprétation,"doc_2,doc_2",2
ntérêt,"doc_2,doc_2",2
nuire,"doc_3,doc_3",2
nuit,"doc_3,doc_3",2
nvestir,"doc_3,doc_3",2
nvironnement,"doc_2,doc_2",2
né,"doc_2,doc_3",2
négatives,"doc_2,doc_2",2
nétais,"doc_3,doc_3",2
nétait,"doc_3,doc_3",2
nêtes,"doc_2,doc_2",2
ob,"doc_3,doc_3",2
obbins,"doc_1,doc_1",2
objets,"doc_2,doc_3",2
obligations,"doc_3,doc_3",2
observé,"doc_2,doc_2",2
obtiendront,"doc_2,doc_2",2
obtiennent,"doc_2,doc_3",2
ocial,"doc_2,doc_3",2
offre,"doc_3,doc_3",2
offrent,"doc_2,doc_2",2
oir,"doc_3,doc_3",2
ois,"doc_3,doc_3",2
olden,"doc_2,doc_3",2
ollaboration,"doc_2,doc_2",2
ombien,"doc_2,doc_2",2
ommencez,"doc_2,doc_2",2
ompétences,"doc_2,doc_2",2
onceptualisation,"doc_2,doc_2",2
ondes,"doc_3,doc_3",2
onfiance,"doc_2,doc_2",2
onner,"doc_3,doc_1",2
onnêteté,"doc_2,doc_3",2
onseils,"doc_2,doc_2",2
onsidèrent,"doc_2,doc_2",2
onsidérez,"doc_2,doc_2",2
ontestent,"doc_2,doc_2",2
ony,"doc_1,doc_1",2
opposition,"doc_2,doc_2",2
organisations,"doc_2,doc_3",2
orger,"doc_2,doc_2",2
orientation,"doc_2,doc_2",2
ormir,"doc_3,doc_3",2
oubliez,"doc_2,doc_2",2
ouhaitestu,"doc_3,doc_3",2
ourage,"doc_2,doc_3",2
ourquo,"doc_3,doc_3",2
ouvezvous,"doc_2,doc_2",2
ovey,"doc_1,doc_1",2
p,"doc_2,doc_3",2
pairs,"doc_2,doc_2",2
paniers,"doc_2,doc_2",2
paraît,"doc_3,doc_3",2
pareils,"doc_2,doc_2",2
parents,"doc_2,doc_2",2
paresse,"doc_3,doc_3",2
parfaitement,"doc_3,doc_3",2
parfaites,"doc_3,doc_3",2
paroles,"doc_2,doc_3",2
pars,"doc_2,doc_3",2
partagés,"doc_3,doc_3",2
paru,"doc_2,doc_2",2
parvenais,"doc_3,doc_3",2
passes,"doc_3,doc_3",2
passionne,"doc_3,doc_3",2
passés,"doc_2,doc_3",2
pauvre,"doc_1,doc_1",2
pauvres,"doc_1,doc_1",2
payé,"doc_2,doc_3",2
pensais,"doc_3,doc_3",2
pensant,"doc_2,doc_2",2
perd,"doc_3,doc_3",2
perdu,"doc_2,doc_3",2
permanence,"doc_2,doc_3",2
person,"doc_3,doc_3",2
personalité,"doc_2,doc_2",2
pertinemment,"doc_3,doc_3",2
perturber,"doc_3,doc_3",2
peuxtu,"doc_3,doc_3",2
philosophe,"doc_2,doc_2",2
philosophie,"doc_2,doc_2",2
phénomène,"doc_2,doc_2",2
pierre,"doc_3,doc_3",2
plages,"doc_3,doc_3",2
planier,"doc_3,doc_3",2
planète,"doc_3,doc_3",2
plaquer,"doc_3,doc_3",2
plate,"doc_3,doc_3",2
plateforme,"doc_2,doc_3",2
plaît,"doc_2,doc_3",2
podcast,"doc_3,doc_3",2
poin,"doc_3,doc_3",2
portant,"doc_2,doc_3",2
portent,"doc_2,doc_2",2
porter,"doc_2,doc_3",2
portrait,"doc_2,doc_3",2
positions,"doc_2,doc_2",2
positivement,"doc_2,doc_3",2
posséder,"doc_2,doc_3",2
postit,"doc_2,doc_2",2
potentiels,"doc_2,doc_2",2
pourriez,"doc_2,doc_2",2
pourront,"doc_3,doc_3",2
pouvaient,"doc_2,doc_3",2
pouvais,"doc_3,doc_3",2
pratiques,"doc_2,doc_2",2
prenant,"doc_3,doc_3",2
pression,"doc_2,doc_2",2
pressions,"doc_2,doc_2",2
prestations,"doc_2,doc_2",2
primor,"doc_3,doc_3",2
primordiale,"doc_3,doc_3",2
privilégient,"doc_2,doc_2",2
privéede,"doc_2,doc_2",2
problématiques,"doc_3,doc_3",2
prochaines,"doc_2,doc_2",2
prochains,"doc_2,doc_3",2
procrastina,"doc_3,doc_3",2
productif,"doc_2,doc_3",2
productives,"doc_2,doc_2",2
produire,"doc_3,doc_3",2
produits,"doc_2,doc_2",2
professeur,"doc_2,doc_2",2
professionnels,"doc_3,doc_3",2
profond,"doc_3,doc_3",2
profonde,"doc_3,doc_3",2
profondes,"doc_3,doc_3",2
programmation,"doc_1,doc_1",2
progressions,"doc_3,doc_3",2
projection,"doc_3,doc_3",2
projeter,"doc_3,doc_3",2
prolonger,"doc_2,doc_3",2
proportion,"doc_2,doc_2",2
propose,"doc_3,doc_3",2
proposons,"doc_2,doc_2",2
proter,"doc_3,doc_3",2
provoquer,"doc_2,doc_2",2
pré,"doc_3,doc_3",2
précisez,"doc_2,doc_2",2
précédentes,"doc_3,doc_3",2
préfèrent,"doc_2,doc_3",2
préférences,"doc_2,doc_2",2
prépare,"doc_3,doc_3",2
présence,"doc_3,doc_3",2
présentation,"doc_2,doc_2",2
présentent,"doc_2,doc_2",2
prévus,"doc_2,doc_3",2
prêter,"doc_3,doc_3",2
prêts,"doc_2,doc_2",2
psychologie,"doc_1,doc_2",2
ptimisme,"doc_2,doc_2",2
publique,"doc_2,doc_2",2
publié,"doc_2,doc_3",2
puisquelle,"doc_3,doc_3",2
puisses,"doc_3,doc_3",2
pères,"doc_1,doc_1",2
pé,"doc_3,doc_3",2
quasiment,"doc_3,doc_3",2
quatrième,"doc_3,doc_3",2
quelquesuns,"doc_2,doc_2",2
ques,"doc_3,doc_3",2
questionnaire,"doc_2,doc_2",2
quotidiennement,"doc_3,doc_3",2
rabaisser,"doc_2,doc_2",2
racines,"doc_2,doc_2",2
raconter,"doc_2,doc_2",2
radieux,"doc_2,doc_3",2
raient,"doc_3,doc_3",2
rance,"doc_3,doc_3",2
rangement,"doc_3,doc_3",2
ranger,"doc_3,doc_3",2
rapide,"doc_2,doc_3",2
rapprocher,"doc_2,doc_3",2
rattraper,"doc_3,doc_3",2
rayon,"doc_1,doc_3",2
recevez,"doc_2,doc_2",2
recevoir,"doc_2,doc_2",2
recherchent,"doc_2,doc_2",2
recherches,"doc_3,doc_3",2
reconnaissent,"doc_2,doc_2",2
reconnaît,"doc_2,doc_2",2
reconnaîtra,"doc_2,doc_3",2
redoutable,"doc_1,doc_3",2
reene,"doc_1,doc_1",2
refermer,"doc_3,doc_3",2
regarder,"doc_3,doc_3",2
rejet,"doc_2,doc_2",2
rejoint,"doc_2,doc_2",2
relancer,"doc_3,doc_3",2
relatifs,"doc_2,doc_2",2
relatives,"doc_2,doc_2",2
relier,"doc_2,doc_2",2
remplir,"doc_2,doc_2",2
rencontres,"doc_3,doc_3",2
renez,"doc_2,doc_2",2
renseigner,"doc_3,doc_3",2
rentrant,"doc_3,doc_3",2
replonger,"doc_3,doc_3",2
reporter,"doc_2,doc_3",2
reposent,"doc_2,doc_2",2
reproduire,"doc_3,doc_3",2
représentation,"doc_2,doc_1",2
respectent,"doc_2,doc_2",2
respectes,"doc_3,doc_3",2
respectez,"doc_2,doc_2",2
respecté,"doc_2,doc_3",2
respirer,"doc_2,doc_2",2
ress,"doc_2,doc_2",2
ressemble,"doc_2,doc_3",2
ressent,"doc_2,doc_3",2
ressentez,"doc_2,doc_2",2
ressentons,"doc_2,doc_2",2
ressort,"doc_3,doc_3",2
restetil,"doc_2,doc_3",2
retour,"doc_3,doc_3",2
retournais,"doc_3,doc_3",2
retraite,"doc_3,doc_3",2
retrouve,"doc_3,doc_3",2
retrouvé,"doc_3,doc_3",2
revoir,"doc_3,doc_3",2
revêt,"doc_2,doc_2",2
rganisation,"doc_2,doc_2",2
rience,"doc_3,doc_3",2
riode,"doc_3,doc_3",2
rire,"doc_2,doc_3",2
ritanniques,"doc_2,doc_2",2
roissance,"doc_2,doc_3",2
romans,"doc_3,doc_3",2
royances,"doc_1,doc_2",2
rtist,"doc_1,doc_1",2
râce,"doc_3,doc_3",2
rès,"doc_2,doc_3",2
réaction,"doc_2,doc_3",2
réagi,"doc_2,doc_2",2
réagissezvous,"doc_2,doc_2",2
réalisable,"doc_2,doc_2",2
réaliste,"doc_2,doc_2",2
réalisées,"doc_3,doc_3",2
récompense,"doc_3,doc_3",2
rédigé,"doc_2,doc_2",2
réfléchie,"doc_2,doc_2",2
régions,"doc_2,doc_2",2
régulier,"doc_2,doc_2",2
réguliers,"doc_2,doc_3",2
régulière,"doc_2,doc_3",2
répartissent,"doc_2,doc_2",2
réputation,"doc_2,doc_2",2
répétition,"doc_3,doc_3",2
résolu,"doc_2,doc_3",2
résumés,"doc_2,doc_2",2
rêver,"doc_3,doc_3",2
sachant,"doc_3,doc_3",2
saisi,"doc_3,doc_3",2
saisir,"doc_2,doc_2",2
salaire,"doc_2,doc_3",2
sant,"doc_3,doc_3",2
sapplique,"doc_2,doc_2",2
sappuie,"doc_2,doc_2",2
sassurer,"doc_2,doc_2",2
savait,"doc_2,doc_3",2
savez,"doc_2,doc_2",2
savons,"doc_3,doc_3",2
schéma,"doc_2,doc_3",2
science,"doc_1,doc_2",2
scénario,"doc_3,doc_3",2
second,"doc_2,doc_2",2
secrets,"doc_1,doc_1",2
seller,"doc_1,doc_1",2
sen,"doc_2,doc_1",2
senstu,"doc_3,doc_3",2
sert,"doc_2,doc_3",2
servir,"doc_3,doc_3",2
serviront,"doc_3,doc_3",2
session,"doc_2,doc_2",2
sessions,"doc_3,doc_3",2
sexprime,"doc_2,doc_2",2
sible,"doc_3,doc_3",2
signifie,"doc_2,doc_2",2
similaires,"doc_2,doc_3",2
six,"doc_2,doc_2",2
sociabilisation,"doc_3,doc_3",2
sociale,"doc_2,doc_2",2
sociétés,"doc_2,doc_2",2
soin,"doc_3,doc_3",2
soir,"doc_3,doc_1",2
solide,"doc_2,doc_2",2
solides,"doc_2,doc_2",2
solitude,"doc_2,doc_3",2
solution,"doc_3,doc_3",2
sommet,"doc_2,doc_2",2
sontelles,"doc_3,doc_3",2
sortie,"doc_3,doc_3",2
souffrir,"doc_2,doc_3",2
soumis,"doc_2,doc_2",2
sourit,"doc_2,doc_2",2
sousestimée,"doc_2,doc_2",2
soutient,"doc_2,doc_2",2
spirituelle,"doc_2,doc_2",2
spontanéité,"doc_3,doc_3",2
sportif,"doc_3,doc_3",2
sportifs,"doc_1,doc_3",2
sportive,"doc_3,doc_3",2
spécialistes,"doc_2,doc_2",2
stagnation,"doc_3,doc_3",2
statistiques,"doc_3,doc_3",2
stime,"doc_2,doc_2",2
stratégies,"doc_2,doc_2",2
stress,"doc_2,doc_2",2
stricte,"doc_3,doc_3",2
structures,"doc_2,doc_2",2
subie,"doc_3,doc_3",2
suggère,"doc_2,doc_2",2
suggéré,"doc_2,doc_2",2
suivaient,"doc_2,doc_3",2
suivez,"doc_1,doc_2",2
supérieure,"doc_2,doc_3",2
surgissent,"doc_2,doc_2",2
suscite,"doc_2,doc_2",2
susciter,"doc_2,doc_2",2
symboles,"doc_2,doc_2",2
symbolique,"doc_3,doc_3",2
synthèse,"doc_2,doc_2",2
systèmes,"doc_2,doc_2",2
séduction,"doc_1,doc_1",2
tabilité,"doc_2,doc_3",2
tablir,"doc_2,doc_2",2
tactiques,"doc_2,doc_2",2
tai,"doc_3,doc_3",2
taidera,"doc_3,doc_3",2
taille,"doc_3,doc_3",2
tance,"doc_3,doc_3",2
tandis,"doc_2,doc_3",2
tas,"doc_3,doc_3",2
tasse,"doc_2,doc_2",2
tatsnis,"doc_2,doc_2",2
td,"doc_2,doc_2",2
teffrayer,"doc_3,doc_3",2
teindre,"doc_3,doc_3",2
temporel,"doc_3,doc_3",2
tendent,"doc_2,doc_2",2
tendresse,"doc_2,doc_2",2
tentant,"doc_3,doc_3",2
texpliquer,"doc_3,doc_3",2
texte,"doc_3,doc_3",2
textes,"doc_3,doc_3",2
thématiques,"doc_2,doc_3",2
théories,"doc_2,doc_2",2
tie,"doc_3,doc_3",2
tiennes,"doc_3,doc_3",2
tiliser,"doc_2,doc_2",2
tilisez,"doc_2,doc_2",2
tinvite,"doc_3,doc_3",2
tique,"doc_3,doc_3",2
titre,"doc_3,doc_3",2
titres,"doc_3,doc_3",2
tivité,"doc_3,doc_3",2
tomber,"doc_3,doc_3",2
totale,"doc_2,doc_3",2
tourne,"doc_2,doc_3",2
traitent,"doc_2,doc_2",2
traité,"doc_2,doc_2",2
transaction,"doc_2,doc_2",2
transformations,"doc_3,doc_3",2
trauss,"doc_1,doc_1",2
travaillais,"doc_3,doc_3",2
travaux,"doc_2,doc_3",2
traverser,"doc_3,doc_3",2
tronc,"doc_2,doc_2",2
trousse,"doc_2,doc_2",2
ttttt,"doc_3,doc_3",2
ttttteeeeemmmmmpppppsssss,"doc_3,doc_3",2
ttttteeeeesssss,"doc_3,doc_3",2
tttttoooooiiiii,"doc_3,doc_3",2
tttttuuuuu,"doc_3,doc_3",2
télécharger,"doc_2,doc_2",2
ucun,"doc_2,doc_2",2
ucune,"doc_2,doc_2",2
uentin,"doc_3,doc_3",2
uide,"doc_2,doc_2",2
uidisme,"doc_2,doc_2",2
uisque,"doc_2,doc_2",2
ules,"doc_2,doc_2",2
umford,"doc_2,doc_2",2
unité,"doc_3,doc_3",2
uns,"doc_3,doc_3",2
usiness,"doc_2,doc_2",2
utilise,"doc_2,doc_2",2
utilisent,"doc_2,doc_2",2
utiliserez,"doc_2,doc_2",2
utilisez,"doc_2,doc_2",2
utils,"doc_2,doc_2",2
utoévaluation,"doc_2,doc_2",2
uuuuunnnnneeeee,"doc_3,doc_3",2
valorisation,"doc_2,doc_2",2
valoriser,"doc_2,doc_2",2
variété,"doc_2,doc_2",2
vaste,"doc_2,doc_3",2
vastu,"doc_3,doc_3",2
vatelle,"doc_3,doc_3",2
veaux,"doc_3,doc_3",2
ventre,"doc_3,doc_3",2
venture,"doc_2,doc_3",2
verbale,"doc_1,doc_1",2
verre,"doc_3,doc_3",2
versa,"doc_2,doc_2",2
versions,"doc_1,doc_3",2
verso,"doc_2,doc_2",2
versus,"doc_2,doc_2",2
vert,"doc_2,doc_3",2
vide,"doc_3,doc_3",2
videmment,"doc_3,doc_3",2
viennent,"doc_3,doc_3",2
viser,"doc_3,doc_3",2
visite,"doc_2,doc_2",2
visuel,"doc_2,doc_2",2
vivantes,"doc_3,doc_3",2
vivons,"doc_3,doc_3",2
voies,"doc_2,doc_2",2
voisine,"doc_2,doc_2",2
volontaire,"doc_2,doc_2",2
volontaires,"doc_2,doc_2",2
volontiers,"doc_2,doc_2",2
voulais,"doc_3,doc_3",2
voyager,"doc_3,doc_3",2
voyais,"doc_3,doc_3",2
voyez,"doc_2,doc_2",2
vécu,"doc_3,doc_3",2
vécues,"doc_2,doc_2",2
vécus,"doc_2,doc_3",2
véhiculent,"doc_2,doc_3",2
vérier,"doc_3,doc_3",2
vêtements,"doc_2,doc_3",2
web,"doc_2,doc_3",2
wwwmanifestyourpotentialcom,"doc_2,doc_2",2
wwwwagggsworldorgresources,"doc_2,doc_2",2
xploitent,"doc_2,doc_2",2
xprimer,"doc_2,doc_2",2
ystems,"doc_2,doc_2",2
èrent,"doc_2,doc_2",2
écarter,"doc_2,doc_3",2
écemment,"doc_2,doc_3",2
écharpes,"doc_2,doc_2",2
échéance,"doc_2,doc_3",2
écidez,"doc_2,doc_2",2
éclaireuse,"doc_2,doc_2",2
écoutant,"doc_2,doc_3",2
écoutent,"doc_2,doc_2",2
écrivez,"doc_2,doc_2",2
écrivons,"doc_3,doc_3",2
écurité,"doc_2,doc_3",2
éducation,"doc_2,doc_2",2
éfinissez,"doc_2,doc_2",2
éflecteurs,"doc_2,doc_2",2
égaux,"doc_2,doc_2",2
égressio,"doc_3,doc_3",2
élan,"doc_3,doc_3",2
émerger,"doc_2,doc_3",2
épassement,"doc_2,doc_3",2
épertoriez,"doc_2,doc_2",2
épreuve,"doc_2,doc_2",2
éprouvez,"doc_2,doc_2",2
équitable,"doc_2,doc_2",2
établie,"doc_2,doc_2",2
états,"doc_2,doc_2",2
étectent,"doc_2,doc_2",2
étroitement,"doc_2,doc_2",2
éveil,"doc_3,doc_1",2
éventuellement,"doc_2,doc_3",2
évidemment,"doc_1,doc_3",2
évolutions,"doc_3,doc_3",2
évélez,"doc_3,doc_3",2
événement,"doc_2,doc_3",2
000000000000000,doc_3,1
02,doc_3,1
03,doc_3,1
1000,doc_2,1
106,doc_3,1
107,doc_3,1
108,doc_3,1
109,doc_3,1
10vitent,doc_2,1
110,doc_3,1
112,doc_3,1
114,doc_3,1
115,doc_3,1
117,doc_3,1
119,doc_3,1
120,doc_3,1
121,doc_3,1
122,doc_3,1
126,doc_3,1
130,doc_3,1
131,doc_3,1
132,doc_3,1
134,doc_3,1
135,doc_3,1
136,doc_3,1
137,doc_3,1
138,doc_3,1
139,doc_3,1
140,doc_3,1
141,doc_3,1
144,doc_3,1
145,doc_3,1
148,doc_3,1
149,doc_3,1
15641642,doc_2,1
1908,doc_2,1
1954,doc_2,1
1957,doc_3,1
1989,doc_2,1
1995,doc_2,1
1a,doc_2,1
1b,doc_2,1
2001,doc_2,1
2004,doc_2,1
2007,doc_2,1
2014,doc_3,1
2016,doc_3,1
2019,doc_3,1
202,doc_3,1
20mins,doc_2,1
21st,doc_2,1
220,doc_3,1
2326,doc_2,1
26,doc_2,1
2a,doc_2,1
2b,doc_2,1
300,doc_3,1
311,doc_3,1
3333300000,doc_3,1
3a,doc_2,1
3b,doc_2,1
3rd,doc_2,1
3ème,doc_2,1
465,doc_3,1
4a,doc_2,1
4b,doc_2,1
510,doc_2,1
56,doc_2,1
577,doc_3,1
5c,doc_2,1
6ème,doc_2,1
72,doc_2,1
72018,doc_3,1
81826,doc_3,1
920,doc_3,1
94,doc_2,1
975,doc_3,1
9791039704489,doc_3,1
9791039704496,doc_3,1
aaaaatttttttttteeeeeiiiiinnnnndddddrrrrreeeee,doc_3,1
aaaaauuuuu,doc_3,1
aaaaavvvvveeeeeccccc,doc_3,1
aag,doc_3,1
abaa,doc_2,1
abandonnent,doc_2,1
abienne,doc_3,1
able,doc_3,1
ablo,doc_3,1
abondance,doc_2,1
abord,doc_3,1
abordant,doc_2,1
aborderons,doc_2,1
aboutir,doc_3,1
aboutissement,doc_3,1
absence,doc_2,1
absorbé,doc_3,1
abstraction,doc_2,1
acale,doc_2,1
acceptable,doc_2,1
acceptables,doc_2,1
acceptent,doc_2,1
acceptons,doc_2,1
acceptées,doc_2,1
accessibles,doc_3,1
accessoires,doc_2,1
accident,doc_1,1
accom,doc_3,1
accompagnement,doc_3,1
accompagner,doc_3,1
accompagnées,doc_2,1
accomplisse,doc_3,1
accomplissez,doc_2,1
accrobranche,doc_3,1
accrue,doc_3,1
accueillent,doc_2,1
accumuler,doc_3,1
accumulés,doc_3,1
accéder,doc_2,1
accéléré,doc_3,1
acharnement,doc_3,1
acheminer,doc_2,1
acheter,doc_2,1
achez,doc_1,1
achètent,doc_3,1
acontez,doc_2,1
acquiert,doc_2,1
acré,doc_3,1
acteur,doc_3,1
acti,doc_3,1
actif,doc_2,1
actifs,doc_2,1
actionidée,doc_2,1
activitélà,doc_3,1
actuels,doc_3,1
ad,doc_3,1
adaptant,doc_2,1
adaptation,doc_3,1
adaptent,doc_2,1
adapter,doc_3,1
adeleine,doc_3,1
adenowell,doc_2,1
adhère,doc_2,1
adhérer,doc_2,1
adjectis,doc_2,1
administratives,doc_2,1
adolescent,doc_3,1
adoptée,doc_2,1
adoré,doc_3,1
ados,doc_3,1
adulte,doc_3,1
adultes,doc_2,1
adversaire,doc_3,1
adéquat,doc_2,1
adéquation,doc_2,1
ae,doc_3,1
afchant,doc_3,1
affectent,doc_2,1
affectueuses,doc_2,1
affinent,doc_2,1
affirme,doc_2,1
affirment,doc_2,1
affirmer,doc_2,1
affirmé,doc_2,1
affronter,doc_3,1
afne,doc_3,1
afrmer,doc_3,1
afé,doc_2,1
agenda,doc_3,1
agent,doc_2,1
agesse,doc_3,1
agi,doc_2,1
agissant,doc_2,1
agissez,doc_2,1
agit,doc_3,1
agliocco,doc_1,1
agner,doc_3,1
agnin,doc_1,1
agressive,doc_2,1
agréablement,doc_2,1
ahlil,doc_2,1
aible,doc_2,1
aiblesses,doc_2,1
aideront,doc_2,1
aidé,doc_3,1
aie,doc_3,1
aies,doc_3,1
aiguisent,doc_2,1
ailes,doc_3,1
aimeraient,doc_2,1
aimerais,doc_3,1
aimerait,doc_3,1
aimiez,doc_2,1
aimée,doc_2,1
aintenir,doc_3,1
air,doc_3,1
airy,doc_2,1
aisje,doc_2,1
aissez,doc_2,1
aistu,doc_3,1
ajouta,doc_2,1
ajoute,doc_2,1
ajustements,doc_2,1
aks,doc_2,1
ale,doc_1,1
alendrier,doc_2,1
alents,doc_2,1
ales,doc_2,1
alheureuse,doc_3,1
alident,doc_2,1
aligné,doc_3,1
alignés,doc_3,1
alilei,doc_2,1
alileo,doc_2,1
alimentaire,doc_3,1
alimentaires,doc_2,1
alimentent,doc_2,1
alimenté,doc_2,1
alla,doc_2,1
allait,doc_2,1
alle,doc_3,1
allez,doc_1,1
alliez,doc_2,1
allume,doc_3,1
alme,doc_3,1
alons,doc_2,1
aloriser,doc_2,1
alsh,doc_1,1
altitude,doc_3,1
alue,doc_3,1
alues,doc_2,1
alzac,doc_3,1
am,doc_3,1
ambitions,doc_3,1
ame,doc_1,1
amener,doc_2,1
amené,doc_2,1
amicale,doc_2,1
amicaux,doc_2,1
amie,doc_2,1
amies,doc_2,1
amitié,doc_2,1
amoindrir,doc_2,1
amont,doc_3,1
amorcerez,doc_2,1
amou,doc_3,1
amoureuse,doc_3,1
amours,doc_2,1
amène,doc_2,1
amènera,doc_2,1
amère,doc_2,1
amé,doc_3,1
anage,doc_2,1
analogies,doc_2,1
analyses,doc_2,1
ancer,doc_2,1
anche,doc_3,1
anciens,doc_3,1
ancrées,doc_3,1
andela,doc_2,1
andler,doc_1,1
angle,doc_2,1
angles,doc_3,1
angois,doc_3,1
angoissé,doc_3,1
angoissés,doc_2,1
anifestent,doc_2,1
anifester,doc_2,1
anneaux,doc_3,1
annexe,doc_3,1
annoncé,doc_3,1
annuel,doc_3,1
ans1,doc_3,1
ansforme,doc_3,1
anthropologue,doc_2,1
anéan,doc_3,1
apacité,doc_2,1
apercevoir,doc_3,1
apercevront,doc_2,1
aperçu,doc_2,1
apon,doc_2,1
apparaissait,doc_2,1
apparaisse,doc_3,1
apparaissent,doc_3,1
appartement,doc_3,1
appartenez,doc_2,1
appartiennent,doc_2,1
appartient,doc_2,1
apparues,doc_2,1
appel,doc_3,1
appela,doc_2,1
appellent,doc_2,1
appelletoi,doc_3,1
appelées,doc_3,1
appelés,doc_2,1
application,doc_2,1
appliquant,doc_3,1
appliquée,doc_1,1
apporte,doc_3,1
apprenant,doc_2,1
approbateur,doc_2,1
approcher,doc_3,1
approches,doc_2,1
approfondir,doc_2,1
approprions,doc_2,1
approuvé,doc_2,1
approximatif,doc_3,1
aprèsmidi,doc_3,1
aptent,doc_2,1
arantir,doc_2,1
arbre,doc_2,1
arcel,doc_2,1
archer,doc_3,1
ardemment,doc_3,1
ardent,doc_2,1
ardeur,doc_3,1
ardez,doc_2,1
ardon,doc_2,1
areillement,doc_2,1
arguments,doc_2,1
arm,doc_3,1
arme,doc_1,1
arnegy,doc_1,1
aroll,doc_2,1
arottes,doc_2,1
arpentier,doc_3,1
arper,doc_2,1
arracha,doc_2,1
arrange,doc_3,1
arrivait,doc_3,1
arrivent,doc_3,1
arriver,doc_1,1
arrière,doc_2,1
arry,doc_2,1
arrêt,doc_3,1
artage,doc_3,1
artager,doc_3,1
artagez,doc_2,1
artes,doc_2,1
articipante,doc_2,1
articipez,doc_2,1
article,doc_2,1
artificielles,doc_2,1
artre,doc_2,1
arvard,doc_2,1
arwin,doc_2,1
asic,doc_2,1
aspire,doc_2,1
aspirerez,doc_2,1
asse,doc_3,1
assertivité,doc_2,1
assetemps,doc_2,1
assifsoumis,doc_2,1
assimilations,doc_2,1
assistance,doc_2,1
association,doc_2,1
associée,doc_2,1
assoiffé,doc_2,1
assouvir,doc_2,1
assouvissais,doc_3,1
assumons,doc_2,1
assurer,doc_2,1
ast,doc_1,1
astu,doc_3,1
astuce,doc_3,1
astuces,doc_3,1
asus,doc_1,1
asé,doc_2,1
at,doc_3,1
ateral,doc_2,1
atherine,doc_3,1
athlétique,doc_3,1
ationalitéogique,doc_2,1
ations,doc_2,1
atmosphère,doc_2,1
atstoi,doc_3,1
attachez,doc_2,1
attarde,doc_3,1
attei,doc_3,1
atteinte,doc_2,1
atteints,doc_2,1
attendit,doc_2,1
attends,doc_3,1
attentif,doc_3,1
attentive,doc_2,1
attirent,doc_1,1
attirer,doc_1,1
attrayante,doc_3,1
attribuées,doc_2,1
aturaliste,doc_2,1
atyagraha,doc_2,1
audacieux,doc_2,1
audience,doc_3,1
audio,doc_1,1
augmenter,doc_3,1
aul,doc_2,1
auparavant,doc_3,1
auquel,doc_2,1
aurastu,doc_3,1
aurezvous,doc_2,1
auriez,doc_2,1
aurons,doc_2,1
auteu,doc_3,1
authentiquement,doc_2,1
authentiques,doc_3,1
automatiques,doc_2,1
automatisme,doc_3,1
autonomeindividuelle,doc_2,1
autonomey,doc_2,1
autoévaluer,doc_2,1
auxquels,doc_2,1
avaitelle,doc_2,1
avancent,doc_2,1
avanceras,doc_3,1
avent,doc_2,1
aventure,doc_3,1
avion,doc_3,1
avoi,doc_3,1
avourezle,doc_3,1
awareness,doc_2,1
axwell,doc_3,1
ay,doc_3,1
ayons,doc_3,1
aître,doc_2,1
baisse,doc_3,1
balade,doc_3,1
balance,doc_3,1
balle,doc_3,1
basées,doc_2,1
battent,doc_2,1
battes,doc_3,1
battu,doc_3,1
bauchez,doc_2,1
beau,doc_3,1
belles,doc_3,1
bestsellers,doc_3,1
biaiser,doc_3,1
bibliothèque,doc_3,1
bid,doc_3,1
bidon,doc_2,1
bienfaits,doc_3,1
bientôt,doc_2,1
bienveillantes,doc_3,1
bijou,doc_1,1
bilité,doc_3,1
binôme,doc_2,1
bition,doc_3,1
bizarres,doc_1,1
blanche,doc_3,1
blessée,doc_2,1
bleu,doc_2,1
blier,doc_3,1
blocs,doc_2,1
bloquer,doc_3,1
blâmer,doc_3,1
blématiques,doc_3,1
bonds,doc_3,1
bouclier,doc_3,1
bouddhiste,doc_2,1
bouilli,doc_2,1
bouillir,doc_2,1
bouillonnait,doc_3,1
boulevards,doc_2,1
bouleverser,doc_3,1
bouscu,doc_3,1
bouscule,doc_3,1
bouton,doc_2,1
boîte,doc_2,1
break,doc_3,1
breuvage,doc_2,1
breux,doc_3,1
brillera,doc_3,1
britannique,doc_2,1
brièveté,doc_3,1
brosser,doc_2,1
brutale,doc_3,1
brève,doc_2,1
bserve,doc_3,1
bserver,doc_2,1
bservez,doc_2,1
bug,doc_3,1
by,doc_2,1
bâtisseur,doc_2,1
bénéfiques,doc_2,1
bénéque,doc_3,1
bénévole,doc_2,1
bêtement,doc_3,1
cadeau,doc_3,1
calculés,doc_2,1
calmes,doc_2,1
calorique,doc_3,1
camarades,doc_3,1
canalise,doc_2,1
canard,doc_2,1
cances,doc_3,1
candinavie,doc_2,1
caractère,doc_2,1
caractérise,doc_2,1
carapace,doc_2,1
carcan,doc_3,1
cardiovasculaires5,doc_3,1
carnet,doc_3,1
case,doc_3,1
casque,doc_3,1
casserole,doc_2,1
cation,doc_3,1
causé,doc_2,1
causée,doc_2,1
ccccceeeee,doc_3,1
ccccchhhhhaaaaacccccuuuuunnnnn,doc_3,1
ccccchhhhhaaaaapppppiiiiitttttrrrrreeeee,doc_3,1
ccccchhhhhaaaaapppppiiiiitttttrrrrreeeeesssss,doc_3,1
ccccchhhhhoooooiiiiisssssiiiiirrrrr,doc_3,1
cccccoooooaaaaaccccchhhhhiiiiinnnnngggggsssss,doc_3,1
cccccooooommmmmpppppttttteeeee,doc_3,1
cccccooooonnnnnnnnnnaaaaaîîîîîtttttrrrrreeeee,doc_3,1
cccccooooonnnnnttttteeeeennnnnuuuuu,doc_3,1
cccccooooouuuuurrrrrsssss,doc_3,1
cccccrrrrréééééeeeeerrrrr,doc_3,1
cceptez,doc_2,1
ccessoires,doc_2,1
ccomplissement,doc_3,1
ccomplissements,doc_2,1
cellles,doc_2,1
centaine,doc_3,1
centaines,doc_3,1
centilitres,doc_3,1
centrales,doc_3,1
centre,doc_2,1
cependant,doc_2,1
ceptions,doc_3,1
cerebralenvoyeparlamort,doc_3,1
cerner,doc_3,1
certainement,doc_3,1
cess,doc_3,1
cessaire,doc_3,1
cesse,doc_3,1
cessé,doc_2,1
cestàdire,doc_2,1
chagrin,doc_2,1
chagrins,doc_2,1
chain,doc_3,1
chaines,doc_3,1
chaleureux,doc_2,1
challenge,doc_3,1
chan,doc_3,1
changeriezvous,doc_2,1
changes,doc_3,1
changetelle,doc_2,1
changez,doc_3,1
changing,doc_2,1
chante,doc_3,1
chapitr,doc_3,1
chaqu,doc_3,1
chargent,doc_2,1
chargé,doc_1,1
chasse,doc_3,1
chasser,doc_2,1
chat,doc_2,1
chaude,doc_2,1
chauffeur,doc_2,1
chaîne,doc_3,1
chaînes,doc_3,1
che,doc_3,1
chefs,doc_1,1
cheminons,doc_2,1
cherchait,doc_2,1
chercherez,doc_2,1
chercheurs,doc_2,1
cherché,doc_3,1
chevet,doc_1,1
chings,doc_3,1
chinoise,doc_1,1
choisirais,doc_3,1
choisiraistu,doc_3,1
choisirez,doc_2,1
chool,doc_2,1
chrono,doc_3,1
chronophage,doc_3,1
chronophages,doc_3,1
chutaient,doc_3,1
chuter,doc_3,1
chères,doc_3,1
chète,doc_2,1
chèvement,doc_3,1
ci,doc_2,1
ciaprès,doc_2,1
ciaux,doc_3,1
cibler,doc_3,1
ciblées,doc_3,1
cinquième,doc_3,1
cipale,doc_3,1
cipline,doc_3,1
circonstance,doc_2,1
cis,doc_3,1
cisément,doc_3,1
citation,doc_3,1
citations,doc_2,1
citer,doc_3,1
civile,doc_2,1
cièrement,doc_3,1
clarifie,doc_2,1
classant,doc_2,1
classe,doc_2,1
classement,doc_2,1
classication,doc_3,1
classier,doc_3,1
clavier,doc_3,1
clencheur,doc_3,1
cles,doc_3,1
cliché,doc_3,1
climat,doc_2,1
clore,doc_3,1
clôturer,doc_3,1
coaché,doc_1,1
coercition,doc_2,1
coeur,doc_2,1
coexistent,doc_2,1
cognitives,doc_2,1
cohérente,doc_2,1
cohérents,doc_3,1
coincé,doc_3,1
coins,doc_2,1
colis,doc_2,1
collaborer,doc_2,1
collection,doc_3,1
collective,doc_2,1
collent,doc_2,1
collègues,doc_2,1
colonnes,doc_2,1
colossale,doc_3,1
combattre,doc_3,1
combattu,doc_3,1
combiner,doc_3,1
combinées,doc_3,1
combler,doc_3,1
comm,doc_3,1
commandes,doc_3,1
commencent,doc_2,1
commencée,doc_3,1
commentaires,doc_2,1
commençant,doc_3,1
commençons,doc_2,1
commu,doc_3,1
communautés,doc_2,1
commune,doc_2,1
communiquants,doc_1,1
communiquez,doc_2,1
compagnon,doc_2,1
comparaison,doc_3,1
comparaisons,doc_2,1
comparent,doc_2,1
comparezles,doc_2,1
compliment,doc_3,1
complètes,doc_2,1
complémentaire,doc_3,1
complétant,doc_2,1
compléterez,doc_2,1
comportait,doc_3,1
comportant,doc_3,1
comportememts,doc_2,1
comportemental,doc_2,1
comportent,doc_3,1
composante,doc_2,1
composantes,doc_1,1
compose,doc_2,1
composé,doc_3,1
comprenait,doc_3,1
comprend,doc_3,1
comprendras,doc_3,1
comprenez,doc_2,1
comprennent,doc_2,1
compromis,doc_3,1
compréhensible,doc_3,1
comptent,doc_3,1
compteurs,doc_3,1
compté,doc_2,1
compétente,doc_2,1
compétentes,doc_3,1
compétitif,doc_2,1
compétitivité,doc_2,1
concen,doc_3,1
concentrant,doc_2,1
concentration,doc_3,1
concentrent,doc_2,1
concentrez,doc_2,1
concentrezvous,doc_2,1
concentrés,doc_2,1
concernaient,doc_3,1
concernent,doc_2,1
concerner,doc_3,1
concernera,doc_2,1
concerné,doc_2,1
concernées,doc_2,1
conclu,doc_2,1
conclurons,doc_2,1
concret,doc_3,1
concrétisent,doc_3,1
concurrents,doc_2,1
condent,doc_3,1
condes,doc_3,1
conduira,doc_2,1
conduis,doc_2,1
conduisais,doc_2,1
conduit,doc_3,1
conduite,doc_2,1
confectionner,doc_3,1
confirmer,doc_2,1
confirmeront,doc_2,1
conflictuelles,doc_2,1
conformer,doc_2,1
conférence,doc_2,1
conférences,doc_2,1
congurations,doc_3,1
congé,doc_3,1
conjoint,doc_3,1
connaissait,doc_2,1
connaisse,doc_2,1
connaissez,doc_2,1
connue,doc_3,1
connues,doc_3,1
connus,doc_3,1
conque,doc_3,1
conrme,doc_3,1
conrmer,doc_3,1
consacre,doc_3,1
consacrer,doc_2,1
consacrerais,doc_3,1
consacré,doc_3,1
consacrées,doc_2,1
consciemment,doc_2,1
conscienc,doc_3,1
consciente,doc_2,1
conseillaient,doc_3,1
conseille,doc_3,1
conseiller,doc_2,1
conseillez,doc_1,1
conseillé,doc_1,1
conser,doc_3,1
conservateur,doc_3,1
conservé,doc_2,1
considèrent,doc_2,1
considération,doc_3,1
considérons,doc_3,1
considéré,doc_3,1
considérée,doc_3,1
consigné,doc_2,1
consistaient,doc_3,1
consistent,doc_3,1
consommateurs,doc_2,1
consommation,doc_3,1
constamment,doc_3,1
constantes,doc_2,1
constater,doc_3,1
constats,doc_3,1
constituent,doc_2,1
constitute,doc_2,1
constituées,doc_3,1
constructif,doc_2,1
construit,doc_3,1
consultais,doc_3,1
consulter,doc_3,1
consé,doc_3,1
conséquence,doc_3,1
conséquent,doc_3,1
contacter,doc_3,1
contemplation,doc_3,1
contenir,doc_3,1
content,doc_3,1
conter,doc_2,1
contextes,doc_2,1
contient,doc_2,1
continuais,doc_3,1
continuité,doc_3,1
continuons,doc_2,1
contrairement,doc_2,1
contraires,doc_2,1
contrarié,doc_2,1
contrat,doc_3,1
contrebalancer,doc_3,1
contreproductif,doc_3,1
contribuera,doc_2,1
controverse,doc_2,1
convaincants,doc_2,1
convaincre,doc_2,1
convaincu,doc_2,1
convaincues,doc_2,1
convenablement,doc_3,1
convenait,doc_3,1
convenues,doc_2,1
conviction,doc_2,1
conviendrait,doc_3,1
conviendrez,doc_2,1
convienne,doc_3,1
conçues,doc_2,1
coordonnés,doc_2,1
corporelles,doc_2,1
corporels,doc_3,1
corrects,doc_2,1
correspon,doc_3,1
correspondant,doc_2,1
correspondante,doc_2,1
corresponde,doc_3,1
corrige,doc_2,1
corriger,doc_3,1
corroborent,doc_2,1
corrélée,doc_3,1
corsent,doc_3,1
couches,doc_3,1
coule,doc_3,1
coupable,doc_2,1
coupures,doc_3,1
courageusement,doc_2,1
courants,doc_2,1
courcis,doc_3,1
courrier,doc_2,1
courtois,doc_2,1
courts,doc_3,1
couvre,doc_2,1
craintes,doc_2,1
cravache,doc_3,1
creativité,doc_2,1
cri,doc_3,1
critiquer,doc_2,1
critiqué,doc_2,1
croi,doc_3,1
croire,doc_3,1
croisière,doc_3,1
croissante,doc_3,1
croissantes,doc_3,1
croisé,doc_2,1
croit,doc_2,1
cross,doc_2,1
croyais,doc_3,1
croyance,doc_3,1
croît,doc_3,1
croître,doc_3,1
cru,doc_3,1
crucial,doc_2,1
cruel,doc_3,1
créatives,doc_3,1
créatures,doc_2,1
crédule,doc_2,1
créent,doc_2,1
créons,doc_3,1
ctif,doc_3,1
ction,doc_3,1
ctivistes,doc_2,1
cuisine,doc_2,1
cuisiner,doc_3,1
culation,doc_3,1
culinaires,doc_3,1
culminants,doc_2,1
culturel,doc_2,1
cun,doc_3,1
curiosité,doc_3,1
cygnes,doc_2,1
cédées,doc_3,1
cées,doc_3,1
célibataire,doc_3,1
célèbre,doc_2,1
célébrations,doc_2,1
célébrité,doc_2,1
cérébral,doc_3,1
cérébrales,doc_3,1
côtoyé,doc_3,1
dables,doc_3,1
dabus,doc_2,1
daccomplissement,doc_3,1
daccueillir,doc_3,1
dache,doc_3,1
dacheter,doc_3,1
dacier,doc_3,1
dacquérir,doc_2,1
dactifs,doc_1,1
dactions,doc_2,1
dactylographie,doc_3,1
daffaires,doc_2,1
daffection,doc_2,1
daide,doc_2,1
daider,doc_3,1
daisance,doc_2,1
dait,doc_3,1
dajouter,doc_3,1
dambition,doc_3,1
damitié,doc_2,1
damitiés,doc_2,1
dan,doc_3,1
danger,doc_3,1
dannuler,doc_3,1
dant,doc_3,1
dante,doc_3,1
danxiété,doc_2,1
dapercevoir,doc_3,1
dapporter,doc_3,1
dapprenant,doc_2,1
dapprobation,doc_2,1
dapprouver,doc_2,1
daprentissage,doc_2,1
daprèsmidi,doc_3,1
dassertivité,doc_2,1
dassocier,doc_3,1
dassumer,doc_3,1
dassurer,doc_2,1
dat,doc_3,1
datant,doc_3,1
dattirer,doc_3,1
dattitudes,doc_2,1
daté,doc_3,1
dauditif,doc_2,1
dauteurs,doc_3,1
dautoassistance,doc_2,1
dautocoaching,doc_3,1
dautoévaluation,doc_2,1
davantages,doc_3,1
dddddaaaaannnnnsssss,doc_3,1
dddddeeeeennnnn,doc_3,1
dddddeeeeepppppuuuuuiiiiisssss,doc_3,1
dddddiiiiisssssaaaaaiiiiisssss,doc_3,1
dddddééééécccccooooouuuuuvvvvvrrrrriiiiirrrrr,doc_3,1
dddddééééévvvvveeeeellllloooooppppppppppeeeeemmmmmeeeeennnnnttttt,doc_3,1
deadline,doc_3,1
degrés,doc_3,1
dehors,doc_3,1
deja,doc_2,1
deleyeuxmortenregistrementetudecerveaurevesouvenirs,doc_3,1
delles,doc_2,1
demandant,doc_3,1
demanderaient,doc_2,1
demanderas,doc_3,1
demanderont,doc_2,1
demandezlui,doc_2,1
dembaucher,doc_3,1
dembûches,doc_2,1
demikilo,doc_3,1
demment,doc_3,1
demployer,doc_2,1
dencouragement,doc_2,1
denfants,doc_2,1
dengagement,doc_3,1
dengendrer,doc_2,1
dennui,doc_3,1
denseignant,doc_2,1
dentier,doc_3,1
dentraide,doc_2,1
dentrain,doc_3,1
dentraves,doc_3,1
dentraînements,doc_3,1
dentreprise,doc_1,1
dentretenir,doc_3,1
dents,doc_3,1
denviron,doc_3,1
der,doc_3,1
dernièrement,doc_3,1
dessin,doc_2,1
dessiner,doc_2,1
dessins,doc_2,1
dessiné,doc_2,1
destin,doc_3,1
destination,doc_3,1
destiné,doc_3,1
deuros,doc_3,1
deuxmêmes,doc_2,1
development,doc_2,1
devenez,doc_1,1
devenire,doc_2,1
devenus,doc_2,1
deviendra,doc_3,1
deviendras,doc_3,1
deviendront,doc_3,1
deviens,doc_2,1
devra,doc_3,1
devriezvous,doc_2,1
devrions,doc_2,1
devront,doc_2,1
dexaminer,doc_2,1
dexcellence,doc_2,1
dexercer,doc_3,1
dexpert,doc_2,1
dexplication,doc_2,1
dexploiter,doc_2,1
dexploration,doc_2,1
dexpression,doc_2,1
dexpéri,doc_3,1
dexpérimenter,doc_3,1
dextrême,doc_2,1
dhier,doc_3,1
dhonnêteté,doc_2,1
dhumiliation,doc_2,1
dhygiène,doc_2,1
di,doc_3,1
diabolique,doc_3,1
diagramme,doc_2,1
dial,doc_3,1
diales,doc_3,1
dialogue,doc_1,1
diatement,doc_3,1
dictés,doc_2,1
dien,doc_3,1
difcul,doc_3,1
diffère,doc_2,1
différencier,doc_3,1
dignes,doc_2,1
dil,doc_3,1
dimaginer,doc_2,1
diminuait,doc_3,1
dimmenses,doc_3,1
dimpact,doc_3,1
dimpopularité,doc_2,1
din,doc_3,1
dindividus,doc_2,1
dindépendance,doc_2,1
dinspirer,doc_3,1
dinsultes,doc_2,1
dinteractions,doc_2,1
dinterconnexion,doc_3,1
dinterrompre,doc_3,1
dinterviewer,doc_1,1
dintimidation,doc_2,1
dintroduire,doc_3,1
dinté,doc_3,1
diplomatie,doc_2,1
dirais,doc_3,1
dirait,doc_3,1
directeur,doc_2,1
directrices,doc_2,1
dires,doc_3,1
dirigeant,doc_2,1
dirigeantes,doc_2,1
dirigeants,doc_2,1
dirigent,doc_2,1
dirigée,doc_2,1
disaient,doc_3,1
disant,doc_2,1
disciplin,doc_3,1
discours,doc_2,1
discrètes,doc_3,1
discutais,doc_3,1
discutent,doc_2,1
discuter,doc_2,1
discutesen,doc_3,1
discutez,doc_2,1
disparition,doc_3,1
disparues,doc_3,1
dispersais,doc_3,1
disperser,doc_3,1
dispo,doc_3,1
disposais,doc_3,1
dispose,doc_3,1
disposer,doc_3,1
disposera,doc_3,1
disposeras,doc_3,1
disposez,doc_1,1
disposons,doc_3,1
disposée,doc_2,1
disproportionéees,doc_2,1
distinctement,doc_2,1
distinguent,doc_2,1
distinguer,doc_2,1
distraction,doc_3,1
distrait,doc_3,1
dite,doc_3,1
dites,doc_2,1
ditil,doc_2,1
ditio,doc_3,1
diver,doc_3,1
divergences,doc_2,1
divers,doc_2,1
diverses,doc_2,1
divertissements,doc_3,1
division,doc_2,1
divorce,doc_2,1
divulguer,doc_3,1
dlbert,doc_3,1
dmettent,doc_2,1
doccupations,doc_2,1
docu,doc_3,1
documenter,doc_3,1
domination,doc_2,1
dommage,doc_3,1
dommages,doc_3,1
dompte,doc_3,1
don,doc_3,1
donna,doc_2,1
donnais,doc_3,1
donnant,doc_3,1
donnerait,doc_3,1
donnetelle,doc_3,1
donnez,doc_2,1
donnons,doc_2,1
donnés,doc_2,1
donut,doc_3,1
dopinion,doc_2,1
dopportunités,doc_2,1
doptent,doc_2,1
dopter,doc_2,1
dordres,doc_2,1
dores,doc_3,1
dose,doc_3,1
doté,doc_2,1
dotées,doc_2,1
double,doc_3,1
douce,doc_2,1
doucement,doc_3,1
douloureuses,doc_2,1
doutent,doc_2,1
douter,doc_3,1
doutez,doc_1,1
douverture,doc_2,1
doux,doc_2,1
doués,doc_2,1
drait,doc_3,1
dramatique,doc_3,1
droite,doc_3,1
ducation,doc_3,1
dunité,doc_2,1
duquel,doc_2,1
durabilité,doc_2,1
durci,doc_2,1
duré,doc_3,1
dut,doc_2,1
dynamique,doc_2,1
dynamisés,doc_2,1
déal,doc_3,1
déborder,doc_3,1
débutait,doc_3,1
débutant,doc_3,1
débuts,doc_3,1
décaler,doc_3,1
décelé,doc_2,1
décennies,doc_2,1
déception,doc_2,1
déchira,doc_2,1
décision,doc_2,1
déclarations,doc_2,1
déclarer,doc_2,1
décline,doc_3,1
décollage,doc_3,1
décomposer,doc_3,1
décortiquer,doc_3,1
découte,doc_2,1
découvre,doc_3,1
décran,doc_3,1
décriraient,doc_2,1
décrite,doc_2,1
décrivant,doc_2,1
décrivent,doc_2,1
dédie,doc_3,1
dédiée,doc_3,1
défend,doc_2,1
défendons,doc_2,1
défi,doc_2,1
déficientes,doc_2,1
définis,doc_2,1
définissant,doc_2,1
définissent,doc_2,1
définisssent,doc_2,1
dégoût,doc_3,1
déjouer,doc_1,1
délaissais,doc_3,1
déle,doc_3,1
délimiter,doc_3,1
délimité,doc_3,1
délitent,doc_2,1
démarre,doc_3,1
démener,doc_3,1
démontrer,doc_2,1
démontrons,doc_2,1
démotivant,doc_3,1
dénicher,doc_3,1
dénigrer,doc_3,1
dénitions,doc_3,1
dénitive,doc_3,1
dénoncés,doc_2,1
dénouement,doc_3,1
dépar,doc_3,1
dépas,doc_3,1
dépassent,doc_2,1
dépeint,doc_2,1
dépendait,doc_3,1
dépendance,doc_3,1
dépendra,doc_2,1
dépens,doc_3,1
dépenser,doc_3,1
dépensestu,doc_3,1
dépensée,doc_3,1
déplacent,doc_2,1
déplacer,doc_2,1
déplaire,doc_3,1
dépression,doc_2,1
déprime,doc_3,1
dérable,doc_3,1
désaccords,doc_2,1
désarmorcer,doc_2,1
désavantage,doc_3,1
déserte,doc_2,1
désigner,doc_1,1
désigné,doc_2,1
désirait,doc_3,1
désiré,doc_2,1
désobéissance,doc_2,1
désolé,doc_2,1
désolés,doc_2,1
désorganisation,doc_3,1
déstabiliser,doc_2,1
détaille,doc_1,1
détectent,doc_2,1
détectée,doc_3,1
déteminer,doc_2,1
déter,doc_3,1
détermine,doc_1,1
déterminée,doc_2,1
déterminées,doc_3,1
détours,doc_3,1
détracteurs,doc_3,1
détudier,doc_1,1
dévaluation,doc_2,1
développez,doc_2,1
développons,doc_2,1
développée,doc_2,1
déviter,doc_2,1
dévo,doc_3,1
dévoluer,doc_3,1
dûs,doc_2,1
dœuvrer,doc_2,1
eanaul,doc_2,1
eauté,doc_3,1
ecevoir,doc_3,1
echerchez,doc_2,1
econnaissez,doc_2,1
ecourir,doc_3,1
ed,doc_2,1
edex,doc_3,1
editiongeresofr,doc_3,1
eeeee,doc_3,1
eeeeesssss,doc_3,1
eeeeexxxxxiiiiisssssttttteeeeennnnnccccceeeee,doc_3,1
effacement,doc_2,1
effacée,doc_2,1
effec,doc_3,1
effective,doc_1,1
effectué,doc_3,1
efficacement,doc_2,1
efforcent,doc_3,1
effrayé,doc_3,1
effrayées,doc_2,1
efinitions,doc_2,1
efléchissez,doc_2,1
eframed,doc_2,1
ehaviors,doc_2,1
eigneur,doc_3,1
eillaie,doc_3,1
ein,doc_2,1
eion,doc_3,1
elations,doc_2,1
eliminate,doc_2,1
elleci,doc_3,1
elson,doc_2,1
email,doc_3,1
emain,doc_3,1
emandetoi,doc_3,1
embarras,doc_2,1
embauché,doc_3,1
emmagasiner,doc_3,1
emplacer,doc_3,1
emploi,doc_2,1
emploie,doc_2,1
emploierez,doc_2,1
employeur,doc_2,1
employez,doc_2,1
employée,doc_2,1
employées,doc_2,1
emportaient,doc_2,1
empreinte,doc_2,1
emprisonné,doc_2,1
emprunter,doc_3,1
empêchent,doc_2,1
empêcher,doc_2,1
enaces,doc_2,1
enchaîner,doc_3,1
enclin,doc_3,1
enclins,doc_2,1
encodés,doc_2,1
encourager,doc_2,1
encouragera,doc_2,1
endr,doc_3,1
endroit,doc_3,1
endurci,doc_2,1
endurcie,doc_2,1
ener,doc_2,1
enfants,doc_2,1
enfin,doc_2,1
enflammeront,doc_2,1
enforcent,doc_2,1
enfoui,doc_3,1
engage,doc_3,1
engagement,doc_3,1
engagent,doc_2,1
engagés,doc_3,1
engendre,doc_2,1
engendrer,doc_2,1
engranger,doc_3,1
enguin,doc_2,1
enle,doc_3,1
enlevé,doc_2,1
enlève,doc_1,1
enn,doc_3,1
ennemi,doc_3,1
ennemis,doc_3,1
enracinée,doc_2,1
ense,doc_3,1
enseignante,doc_2,1
enseignées,doc_2,1
enser,doc_2,1
ensibilisation,doc_2,1
ensibilité,doc_3,1
ensées,doc_2,1
entamer,doc_3,1
entends,doc_2,1
entendue,doc_2,1
enthousiaste,doc_2,1
entiers,doc_3,1
entiments,doc_2,1
entièreté,doc_3,1
entoure,doc_2,1
entourer,doc_2,1
entraider,doc_3,1
entraver,doc_2,1
entraînera,doc_3,1
entreposés,doc_3,1
entrepre,doc_3,1
entrer,doc_3,1
entrete,doc_3,1
entretenue,doc_3,1
entretien,doc_3,1
entury,doc_2,1
enver,doc_3,1
environnant,doc_2,1
environnemen,doc_3,1
envol,doc_3,1
envoyer,doc_3,1
ené,doc_1,1
eook,doc_3,1
eparti,doc_3,1
ependant,doc_2,1
eproduction,doc_3,1
eprogrammer,doc_2,1
equel,doc_2,1
er,doc_3,1
era,doc_2,1
ercevoir,doc_2,1
erezvous,doc_2,1
erformance,doc_3,1
erme,doc_2,1
erne,doc_1,1
ersonal,doc_2,1
ersonnel,doc_2,1
ersonnellement,doc_3,1
ertitude,doc_3,1
erté,doc_3,1
ervir,doc_2,1
ervé,doc_1,1
erzberg,doc_2,1
esc,doc_3,1
escomptés,doc_2,1
esistance,doc_1,1
espace,doc_3,1
especter,doc_2,1
espoir,doc_3,1
espoirs,doc_2,1
esponsabilisatio,doc_3,1
esponsabilité,doc_2,1
espèce,doc_3,1
espèces,doc_2,1
espère,doc_3,1
espérant,doc_3,1
espéré,doc_2,1
esquelles,doc_3,1
essaie,doc_3,1
essayant,doc_2,1
essayer,doc_2,1
esse,doc_3,1
essenstu,doc_3,1
essentielle,doc_2,1
esser,doc_3,1
essinez,doc_2,1
essons,doc_2,1
estent,doc_2,1
estiment,doc_2,1
estimez,doc_2,1
esurer,doc_2,1
etermination,doc_3,1
etez,doc_2,1
ethod,doc_1,1
etirer,doc_2,1
etit,doc_3,1
etix,doc_3,1
etrouvez,doc_3,1
etstoi,doc_3,1
etting,doc_2,1
eub,doc_3,1
eureusement,doc_3,1
euss,doc_2,1
eutêtre,doc_3,1
euvent,doc_2,1
euxtu,doc_3,1
evant,doc_3,1
ewis,doc_2,1
examinant,doc_2,1
excellence,doc_1,1
excep,doc_3,1
exceptionnelles,doc_2,1
excès,doc_3,1
exempts,doc_3,1
exercez,doc_2,1
exercic,doc_3,1
exigeant,doc_2,1
exigences,doc_3,1
exis,doc_3,1
existant,doc_2,1
existent,doc_2,1
existentelles,doc_3,1
existentialiste,doc_2,1
existentielle,doc_1,1
explicite,doc_2,1
expliqua,doc_2,1
expliquant,doc_2,1
explorant,doc_2,1
explorer,doc_2,1
exposée,doc_2,1
exprimant,doc_2,1
expriment,doc_2,1
exprimé,doc_2,1
exprimée,doc_2,1
exprimées,doc_2,1
expérientiel,doc_2,1
expérimentons,doc_2,1
expérimenté,doc_3,1
externe,doc_2,1
externes,doc_2,1
extinction,doc_3,1
extraire,doc_3,1
extraordinaires,doc_3,1
extérieur,doc_3,1
extérieurs,doc_3,1
extérité,doc_3,1
f,doc_2,1
fabuleux,doc_3,1
facilitatrices,doc_2,1
facon,doc_2,1
facultés,doc_2,1
fades,doc_3,1
fai,doc_3,1
fair,doc_3,1
faisaient,doc_3,1
faisais,doc_3,1
faisaitil,doc_2,1
faisiez,doc_2,1
faits,doc_2,1
familiale,doc_2,1
familiaux,doc_2,1
famillle,doc_2,1
fan,doc_3,1
fantastique,doc_2,1
fassent,doc_3,1
fastfood,doc_3,1
fastidieuse,doc_3,1
fatigue,doc_3,1
fatiguée,doc_2,1
fatigués,doc_3,1
faudraitil,doc_2,1
fausse,doc_3,1
fautes,doc_2,1
faveur,doc_1,1
favoris,doc_3,1
favorisant,doc_2,1
favoriser,doc_2,1
favorisés,doc_2,1
fcacité,doc_3,1
fe,doc_3,1
feminin,doc_2,1
ferait,doc_3,1
feras,doc_3,1
ferezvous,doc_2,1
feriez,doc_2,1
fermement,doc_2,1
fermeté,doc_2,1
feuille,doc_3,1
ffective,doc_2,1
fffffooooocccccaaaaallllliiiiissssseeeeerrrrr,doc_3,1
ffinent,doc_2,1
ffrontent,doc_2,1
fiabilité,doc_2,1
fiable,doc_2,1
fidèle,doc_2,1
fidéliser,doc_2,1
figurer,doc_2,1
figureront,doc_2,1
film,doc_1,1
fin,doc_2,1
final,doc_1,1
finale,doc_2,1
finalité,doc_2,1
financier,doc_2,1
finesse,doc_2,1
fins,doc_2,1
first,doc_2,1
fixant,doc_2,1
fixation,doc_2,1
fixez,doc_2,1
fixées,doc_2,1
focalisaient,doc_3,1
focalisé,doc_3,1
folle,doc_3,1
fonc,doc_3,1
fonce,doc_3,1
foncer,doc_2,1
foncière,doc_3,1
fonctionnait,doc_3,1
fonctionnent,doc_2,1
fonctionnes,doc_3,1
fondamentale,doc_2,1
fondamentales,doc_2,1
fondamentaux,doc_2,1
fondatrice,doc_2,1
fonde,doc_3,1
fondements,doc_3,1
fondent,doc_3,1
fondre,doc_3,1
for,doc_2,1
forcer,doc_3,1
formalités,doc_2,1
formances,doc_3,1
formations9,doc_3,1
formi,doc_3,1
formulezles,doc_2,1
formulées,doc_2,1
fortement,doc_3,1
fou,doc_2,1
fouillant,doc_3,1
fourbes,doc_3,1
fournies,doc_2,1
fournis,doc_2,1
fournit,doc_2,1
fraction,doc_3,1
fragile,doc_2,1
frais,doc_2,1
franc,doc_3,1
franchir,doc_3,1
francophones,doc_3,1
françaises,doc_3,1
frappe,doc_2,1
frique,doc_2,1
from,doc_2,1
frontière,doc_3,1
frustration,doc_2,1
fréquemment,doc_2,1
fréquences,doc_1,1
fréquente,doc_2,1
fréquentons,doc_2,1
fréquenté,doc_3,1
fuir,doc_2,1
fumée,doc_3,1
furieuse,doc_3,1
fusionner,doc_3,1
fusionnez,doc_2,1
fusionnées,doc_3,1
futures,doc_2,1
fâchent,doc_2,1
fées,doc_2,1
féminine,doc_2,1
féminité,doc_2,1
férent,doc_3,1
fêter,doc_2,1
g,doc_3,1
gagement,doc_3,1
gagnantgagnant,doc_2,1
gagne,doc_3,1
gagnent,doc_3,1
galité,doc_2,1
gamma,doc_3,1
gar,doc_3,1
garde,doc_3,1
gardez,doc_2,1
gare,doc_3,1
gations,doc_3,1
genres,doc_3,1
ger,doc_3,1
gible,doc_3,1
gilité,doc_3,1
glace,doc_2,1
gloire,doc_2,1
gly,doc_2,1
gnable,doc_3,1
gouttes,doc_3,1
gouvernement,doc_2,1
gouverner,doc_2,1
goûta,doc_2,1
gra,doc_3,1
grandement,doc_3,1
grandira,doc_3,1
grandissons,doc_2,1
grandparents,doc_2,1
graphes,doc_3,1
graphic,doc_2,1
graphique,doc_3,1
gratuitement,doc_3,1
graver,doc_3,1
gravée,doc_3,1
grec,doc_2,1
grer,doc_3,1
gressif,doc_2,1
gression,doc_3,1
grille,doc_2,1
grosse,doc_1,1
group,doc_2,1
guerre,doc_1,1
guidait,doc_3,1
guideséclaireuses,doc_2,1
guise,doc_2,1
guère,doc_3,1
gâtent,doc_3,1
gâter,doc_3,1
gères,doc_3,1
gée,doc_3,1
génération,doc_2,1
généreuse,doc_2,1
génétique,doc_2,1
génétiques,doc_3,1
gérezvous,doc_2,1
gê,doc_3,1
gênant,doc_2,1
gêne,doc_2,1
gênée,doc_2,1
habi,doc_3,1
habitat,doc_3,1
habiter,doc_2,1
habituellement,doc_2,1
hallengetoi,doc_3,1
hallengto,doc_3,1
hange,doc_2,1
hanging,doc_2,1
harmonieuses,doc_2,1
hasardeuse,doc_3,1
hayla,doc_3,1
haïlande,doc_2,1
herche,doc_3,1
heuristique,doc_2,1
hhhhheeeeeuuuuurrrrreeeeeuuuuuxxxxx,doc_3,1
hhhhhiiiiissssstttttoooooiiiiirrrrreeeee,doc_3,1
hhhhhééééérrrrrooooosssss,doc_3,1
hield,doc_1,1
hill,doc_1,1
hinking,doc_2,1
his,doc_3,1
historique,doc_1,1
hitney,doc_2,1
hiver,doc_3,1
hiérarchique,doc_2,1
hoisi,doc_3,1
hoisir,doc_3,1
hommes,doc_2,1
honte,doc_2,1
housand,doc_2,1
hristian,doc_2,1
hristine,doc_3,1
hritohe,doc_3,1
htm,doc_2,1
https,doc_3,1
httpsdreessolidarites,doc_3,1
httpswwwebookinecaecriretouslesjourspour,doc_3,1
httpswwwskinupcomfrblogsportbreakpendantles,doc_3,1
httpswwwvicecomampfrarticlewxdbgwlemysterieuxsignal,doc_3,1
httpwwwmindtoolscompagesarticle,doc_2,1
httpwwwslatefrstory223902vie,doc_3,1
hu,doc_3,1
hyper,doc_2,1
hypersensibilité,doc_3,1
hypnose,doc_1,1
hypothétique,doc_3,1
hypothétiques,doc_3,1
hélicoptère,doc_2,1
héoriciens,doc_2,1
hésitez,doc_2,1
iao,doc_3,1
ibanais,doc_2,1
iberté,doc_3,1
ibran,doc_2,1
ictor,doc_3,1
iden,doc_3,1
identier,doc_3,1
identifient,doc_2,1
identiques,doc_3,1
idéales,doc_3,1
idéaux,doc_3,1
idélité,doc_3,1
iennent,doc_2,1
ientôt,doc_2,1
ienveillance,doc_3,1
ier,doc_3,1
if,doc_3,1
ifférencie,doc_3,1
ifférencier,doc_3,1
ifts,doc_2,1
ig,doc_1,1
iger,doc_1,1
ighly,doc_2,1
iglar,doc_1,1
ignes,doc_2,1
ignité,doc_3,1
ignorais,doc_3,1
ignorait,doc_2,1
ignore,doc_2,1
ignores,doc_3,1
igueur,doc_3,1
iiiiidddddeeeeennnnntttttiiiiitttttééééé,doc_3,1
iiiiilllll,doc_3,1
iiiiinnnnnssssspppppiiiiirrrrrééééé,doc_3,1
ije,doc_2,1
iking,doc_2,1
iktor,doc_3,1
ilelle,doc_2,1
illustrant,doc_2,1
ilts,doc_1,1
images,doc_2,1
imaginaire,doc_3,1
imaginant,doc_3,1
imaginatifs,doc_3,1
imagés,doc_2,1
imitera,doc_2,1
immobi,doc_3,1
immé,doc_3,1
immédiate,doc_3,1
immédiatement,doc_3,1
immédiates,doc_2,1
impactantes,doc_3,1
impacter,doc_3,1
impartis,doc_2,1
impasse,doc_3,1
implacable,doc_3,1
imple,doc_3,1
implicite,doc_2,1
implicité,doc_3,1
impliquées,doc_2,1
impopulaires,doc_2,1
importanc,doc_3,1
importent,doc_3,1
impos,doc_3,1
impression,doc_2,1
impressionnante,doc_3,1
imprimées,doc_2,1
imprécise,doc_3,1
imprévu,doc_3,1
imprévues,doc_2,1
impulsion,doc_2,1
inadaptée,doc_2,1
inadéquates,doc_2,1
inalité,doc_2,1
inaptes,doc_2,1
incarnent,doc_2,1
incarnes,doc_3,1
incarné,doc_2,1
incertitude,doc_2,1
inciter,doc_2,1
inciteraient,doc_2,1
incluaient,doc_2,1
inclus,doc_2,1
incluses,doc_2,1
incom,doc_3,1
incommensurable,doc_3,1
inconnu,doc_2,1
inconnus,doc_3,1
inconscient,doc_2,1
incorrects,doc_2,1
ind,doc_2,1
indicateurs,doc_2,1
indication,doc_3,1
indien,doc_2,1
indiqué,doc_2,1
indirecte,doc_2,1
indirectement,doc_3,1
indispensable,doc_3,1
individualistes,doc_2,1
individuelle,doc_2,1
individuellement,doc_2,1
individuels,doc_2,1
indiviiduel,doc_2,1
induit,doc_2,1
industriel,doc_3,1
indéniment,doc_3,1
indépen,doc_3,1
indépendance,doc_2,1
indépendant,doc_3,1
indépendantes,doc_3,1
inesthésique,doc_2,1
inestimable,doc_3,1
infernal,doc_3,1
influences,doc_2,1
influencé,doc_2,1
influencée,doc_2,1
influentes,doc_2,1
infor,doc_3,1
information,doc_2,1
informels,doc_2,1
infowetrustcomwpcontentuploads201912creativeroutinesedit4scaledpng,doc_3,1
inférieurs,doc_2,1
ingrate,doc_3,1
ingt,doc_2,1
inguistique,doc_2,1
inhabituelle,doc_2,1
inhabituels,doc_2,1
inhérentes,doc_3,1
initial,doc_3,1
initiatives,doc_2,1
injuste,doc_1,1
inq,doc_2,1
inquiétude,doc_2,1
ins,doc_3,1
inscrire,doc_2,1
inscrites,doc_2,1
inscrivant,doc_2,1
inscrivent,doc_2,1
insigniante,doc_3,1
insigniantes,doc_3,1
insiste,doc_3,1
insister,doc_3,1
insoupçonnées,doc_3,1
inspirante,doc_3,1
inspirantes,doc_3,1
inspirent,doc_2,1
inspireront,doc_2,1
instein,doc_3,1
instinctifs,doc_2,1
instincts,doc_2,1
insuffisantes,doc_2,1
insécurité,doc_2,1
insérer,doc_3,1
intacts,doc_3,1
intein,doc_3,1
intellectuelle,doc_2,1
intellectuelles,doc_2,1
intenses,doc_2,1
intensité,doc_3,1
inter,doc_3,1
interac,doc_3,1
interactions,doc_1,1
interagir,doc_2,1
interconnectés,doc_3,1
interdit,doc_2,1
interdites,doc_3,1
interdépendantes,doc_2,1
interfèrent,doc_2,1
international,doc_2,1
internes,doc_2,1
interpersonnels,doc_2,1
interprétation,doc_3,1
interprétations,doc_2,1
interpréter,doc_2,1
interprété,doc_1,1
interro,doc_3,1
interroge,doc_2,1
interrogée,doc_2,1
interruption,doc_3,1
intervalles,doc_2,1
intervention,doc_2,1
interviews,doc_2,1
intimement,doc_2,1
intitulé,doc_2,1
intra,doc_2,1
intrapersonnelle,doc_2,1
introduction,doc_3,1
intuitif,doc_2,1
intuition,doc_2,1
intègre,doc_3,1
intégrables,doc_3,1
intégré,doc_2,1
intégrées,doc_3,1
intéressante,doc_3,1
intéresse,doc_2,1
intéressé,doc_3,1
intéressée,doc_2,1
intérê,doc_3,1
inuent,doc_3,1
inute,doc_1,1
inventer,doc_2,1
inventeur,doc_1,1
inventorié,doc_2,1
investir,doc_3,1
investis,doc_3,1
investissements,doc_3,1
invisible,doc_3,1
invitant,doc_2,1
invitons,doc_2,1
invité,doc_3,1
inébranlable,doc_3,1
inébranlables,doc_2,1
inédites,doc_3,1
inéluctable,doc_2,1
iohé,doc_3,1
iplomatie,doc_2,1
irais,doc_3,1
irait,doc_2,1
iras,doc_2,1
ircle,doc_3,1
irection,doc_3,1
irez,doc_2,1
irigent,doc_2,1
irréprochables,doc_2,1
is,doc_2,1
iscipline,doc_3,1
iscover,doc_2,1
iscrétion,doc_3,1
iscuter,doc_2,1
ise,doc_2,1
ismoi,doc_2,1
issent,doc_2,1
issues,doc_3,1
isualise,doc_3,1
isuellespatiale,doc_2,1
italité,doc_3,1
itation,doc_2,1
itch,doc_1,1
ivacité,doc_3,1
ive,doc_2,1
iveau,doc_2,1
ivez,doc_2,1
ivre,doc_3,1
ixent,doc_2,1
ixer,doc_2,1
ixez,doc_2,1
iyosaky,doc_1,1
iège,doc_3,1
iérarchisez,doc_2,1
jachève,doc_3,1
jadmirais,doc_3,1
jadmire,doc_3,1
jaie,doc_3,1
jaimais,doc_3,1
jalonner,doc_3,1
jamai,doc_3,1
janalyse,doc_2,1
jappelle,doc_3,1
japporte,doc_2,1
jappréciais,doc_3,1
jarrive,doc_2,1
jassocie,doc_3,1
jattire,doc_3,1
javance,doc_3,1
javançais,doc_3,1
jectifs,doc_3,1
jenvisageais,doc_3,1
jespère,doc_3,1
jeté,doc_3,1
jexerce,doc_3,1
jhabitais,doc_2,1
jimagine,doc_3,1
jjjjjeeeee,doc_3,1
jjjjjooooouuuuurrrrr,doc_3,1
joies,doc_2,1
jouent,doc_2,1
jouissif,doc_3,1
jourdhui,doc_3,1
journal,doc_2,1
journalier,doc_3,1
juge,doc_2,1
jugent,doc_2,1
jugerez,doc_2,1
jus,doc_3,1
jusquaux,doc_3,1
jusque,doc_3,1
jusquici,doc_2,1
justement,doc_3,1
justes,doc_1,1
justice,doc_2,1
jéprouve,doc_2,1
kea,doc_3,1
kin,doc_3,1
kinesthésique,doc_2,1
kinesthésiques,doc_2,1
labandon,doc_3,1
labandonner,doc_3,1
labeur,doc_3,1
laboratoires,doc_2,1
laboratory,doc_2,1
laborde,doc_2,1
lac,doc_3,1
lacceptes,doc_3,1
laccorde,doc_3,1
lace,doc_3,1
lachèvement,doc_3,1
lacquisition,doc_2,1
lacronyme,doc_2,1
lacteur,doc_3,1
lactionidée,doc_2,1
lactuelle,doc_3,1
ladolescence,doc_3,1
lagression,doc_2,1
laider,doc_2,1
laisir,doc_2,1
laissé,doc_3,1
laissée,doc_2,1
laltitude,doc_3,1
lames,doc_3,1
lami,doc_2,1
lanalyse,doc_2,1
lance,doc_3,1
lancent,doc_3,1
langue,doc_3,1
lanimal,doc_3,1
lannée,doc_2,1
lant,doc_3,1
lançais,doc_3,1
laplomb,doc_2,1
lapparition,doc_3,1
lappréciation,doc_2,1
lapprécier,doc_3,1
lappréhension,doc_3,1
laprèsmidi,doc_3,1
laptitude,doc_2,1
largemement,doc_2,1
largir,doc_2,1
larranger,doc_2,1
larrivée,doc_3,1
lart,doc_3,1
larté,doc_3,1
larôme,doc_2,1
laspect,doc_2,1
lassent,doc_2,1
lassifiez,doc_2,1
lassocier,doc_3,1
lassurance,doc_2,1
latine,doc_2,1
lattitude,doc_2,1
lauras,doc_3,1
lauriez,doc_2,1
lautodéveloppement,doc_2,1
lautorité,doc_2,1
lavais,doc_2,1
laver,doc_3,1
lavez,doc_2,1
lavée,doc_3,1
lbert,doc_3,1
lbjectif,doc_2,1
leanor,doc_2,1
learning,doc_2,1
lecole,doc_2,1
lecteur,doc_3,1
lectif,doc_2,1
leffet,doc_2,1
lefficacité,doc_2,1
lemmena,doc_2,1
lemploi,doc_1,1
lempêcher,doc_3,1
lence,doc_3,1
lencourager,doc_2,1
lendurance,doc_3,1
lenfance,doc_2,1
lenfant,doc_1,1
lennemi,doc_3,1
lenthousiasme,doc_2,1
lentièreté,doc_3,1
lentreprise,doc_2,1
lentretenir,doc_3,1
lerreur,doc_3,1
lespace,doc_2,1
leuresperancedevieen,doc_3,1
levé,doc_2,1
lexcellence,doc_2,1
lexpression,doc_2,1
lexprimer,doc_2,1
lextrait,doc_2,1
lhabileté,doc_2,1
lhabitent,doc_3,1
lhabitude,doc_1,1
lharmonie,doc_3,1
lhonnêteté,doc_2,1
lhumanité,doc_3,1
lhumour,doc_2,1
li,doc_3,1
liaison,doc_2,1
librairiegeresocom,doc_3,1
librement,doc_2,1
libère,doc_3,1
libé,doc_3,1
libérant,doc_3,1
libération,doc_2,1
libérer,doc_3,1
libéré,doc_2,1
ligne,doc_3,1
lignes,doc_3,1
ligning,doc_2,1
limi,doc_3,1
limiter,doc_2,1
limpasse,doc_3,1
limpide,doc_3,1
limpossible,doc_3,1
limprévu,doc_3,1
lin,doc_3,1
lincertitude,doc_3,1
linconfort,doc_3,1
lindifférence,doc_3,1
lindiquons,doc_2,1
linquiétait,doc_2,1
lintolérance,doc_2,1
linton,doc_1,1
lintuition,doc_2,1
lintégrer,doc_3,1
linuence,doc_3,1
linutile,doc_3,1
liorer,doc_3,1
liquide,doc_2,1
lis,doc_3,1
lisait,doc_3,1
lister,doc_3,1
listes,doc_3,1
lists,doc_3,1
listé,doc_3,1
littéralement,doc_3,1
littérature,doc_3,1
lité,doc_3,1
livr,doc_3,1
livraison,doc_2,1
livrés,doc_3,1
ll,doc_2,1
llez,doc_2,1
lllllaaaaa,doc_3,1
lllllaaaaaccccctttttiiiiiooooonnnnn,doc_3,1
lllllaaaaaqqqqquuuuueeeeelllllllllleeeee,doc_3,1
llouez,doc_2,1
llustration,doc_3,1
lmérique,doc_2,1
lnivers,doc_3,1
lobalité,doc_2,1
lobservation,doc_2,1
lobtenir,doc_2,1
local,doc_2,1
lodeur,doc_2,1
lodorat,doc_2,1
loffensive,doc_2,1
logico,doc_2,1
logique,doc_3,1
longs,doc_3,1
longueur,doc_3,1
lont,doc_3,1
lop,doc_3,1
loppression,doc_2,1
lordinateur,doc_3,1
lordre,doc_3,1
lorgane,doc_2,1
lorganisateur,doc_2,1
lorgueil,doc_2,1
lorientation,doc_2,1
lorsquau,doc_3,1
lorsquil,doc_3,1
lorsquun,doc_2,1
louables,doc_3,1
louche,doc_2,1
lourds,doc_3,1
loutil,doc_2,1
loué,doc_2,1
louïe,doc_2,1
lrganisation,doc_2,1
lrod,doc_3,1
lssociation,doc_2,1
ltitude,doc_1,1
ltruisme,doc_3,1
lu,doc_1,1
lucides,doc_3,1
lumière,doc_3,1
lunanimité,doc_3,1
lunique,doc_3,1
lurgence,doc_2,1
luti,doc_3,1
lutile,doc_3,1
lutilise,doc_2,1
lutilité,doc_3,1
lutte,doc_2,1
lutter,doc_2,1
lycée,doc_3,1
làdessus,doc_3,1
lâcher,doc_3,1
lécole,doc_2,1
lécoute,doc_2,1
lécrire,doc_3,1
lécris,doc_3,1
lédition,doc_3,1
légal,doc_3,1
légale,doc_2,1
légalité,doc_2,1
légance,doc_3,1
légitimité,doc_2,1
légocentrisme,doc_2,1
légumes,doc_3,1
légère,doc_3,1
lélu,doc_3,1
lémotion,doc_3,1
lépisode,doc_2,1
léquation,doc_2,1
lésiner,doc_3,1
létait,doc_3,1
léthargie,doc_3,1
lévaluation,doc_2,1
léveil,doc_2,1
lévènement,doc_2,1
lêtre,doc_3,1
machine,doc_3,1
made,doc_1,1
magasin,doc_1,1
magie,doc_3,1
maginezvous,doc_2,1
magiques,doc_3,1
mai,doc_3,1
maide,doc_3,1
maigre,doc_3,1
maine,doc_3,1
maines,doc_3,1
maintiennent,doc_2,1
maintiens,doc_3,1
maitriserlartdecrire,doc_3,1
majeures,doc_2,1
majorité,doc_3,1
maladie,doc_3,1
malaise,doc_3,1
malhonnêtes,doc_2,1
malimenter,doc_3,1
malléable,doc_2,1
maltraitance,doc_2,1
man,doc_3,1
mances,doc_3,1
mandetoi,doc_3,1
mandée,doc_3,1
manges,doc_3,1
mangé,doc_3,1
manifestant,doc_2,1
manifestent,doc_2,1
manifestentelles,doc_2,1
manipulatrice,doc_2,1
manquent,doc_3,1
manques,doc_3,1
mant,doc_3,1
manuel,doc_2,1
manuscrit,doc_3,1
manœuvre,doc_2,1
mappartient,doc_2,1
mapporter,doc_3,1
marbre,doc_3,1
marchand,doc_2,1
marchander,doc_2,1
marchant,doc_3,1
marche,doc_2,1
marchent,doc_2,1
marge,doc_2,1
marishgettyimagesfr,doc_3,1
marriver,doc_3,1
marrêter,doc_3,1
mars,doc_3,1
martyre,doc_2,1
masculin,doc_2,1
masculinité,doc_2,1
mateur,doc_2,1
mathématique,doc_2,1
matinale,doc_3,1
matinales,doc_3,1
matinée,doc_3,1
mations,doc_3,1
matières,doc_2,1
matraquée,doc_3,1
matrice,doc_2,1
mattaquer,doc_3,1
matteler,doc_3,1
mattendait,doc_3,1
maturité,doc_3,1
maté,doc_3,1
matérielle,doc_3,1
mautocomparer,doc_3,1
mavaient,doc_3,1
mavait,doc_1,1
mavez,doc_2,1
maximiser,doc_3,1
maîtrisent,doc_2,1
maîtrisiez,doc_2,1
membarrassent,doc_2,1
mempêche,doc_3,1
menace,doc_2,1
menacé,doc_2,1
menacée,doc_2,1
menage,doc_3,1
menais,doc_3,1
mencent,doc_3,1
mensonges,doc_1,1
mensurables,doc_3,1
mensurations,doc_3,1
mentaire,doc_3,1
mentaires,doc_3,1
mentale,doc_3,1
mentalement,doc_2,1
mentalités,doc_3,1
mentionnées,doc_2,1
mentir,doc_3,1
mentiront,doc_3,1
mentorat,doc_3,1
mentourent,doc_2,1
mentraîner,doc_3,1
menée,doc_2,1
menées,doc_2,1
mer,doc_3,1
merveilles,doc_2,1
mesu,doc_3,1
mesur,doc_3,1
mesurent,doc_2,1
mettais,doc_3,1
mettez,doc_2,1
mettons,doc_3,1
mettra,doc_3,1
mettrais,doc_3,1
mexplique,doc_3,1
mexpri,doc_3,1
mi,doc_3,1
microexpressions,doc_1,1
mil,doc_3,1
militaire,doc_1,1
milles,doc_2,1
milliards,doc_3,1
milliers,doc_3,1
million,doc_3,1
millions,doc_2,1
mimporte,doc_3,1
mimposer,doc_3,1
mindique,doc_3,1
miner,doc_3,1
minforment,doc_2,1
minformer,doc_3,1
miniatur,doc_3,1
minimes,doc_3,1
minimisent,doc_2,1
minspire,doc_3,1
minspirent,doc_2,1
minterroge,doc_3,1
minté,doc_3,1
mintéresser,doc_3,1
mires,doc_3,1
missions,doc_2,1
mitié,doc_2,1
mmmmmeeeeeiiiiilllllllllleeeeeuuuuurrrrr,doc_3,1
mmmmmiiiiieeeeeuuuuuxxxxx,doc_3,1
mmmmmoooooyyyyyeeeeennnnnnnnnneeeee,doc_3,1
mnémotechnique,doc_2,1
model,doc_2,1
modie,doc_3,1
modié,doc_3,1
moduler,doc_3,1
momentslà,doc_3,1
mondiales,doc_2,1
monnaie,doc_3,1
monstre,doc_3,1
monstrueuse,doc_3,1
monter,doc_3,1
montrera,doc_3,1
monté,doc_3,1
morale,doc_2,1
moralemen,doc_3,1
moralement,doc_3,1
moraux,doc_2,1
moteur,doc_3,1
moteurs,doc_3,1
moti,doc_3,1
motionally,doc_2,1
mou,doc_3,1
mourir,doc_3,1
mouture,doc_3,1
mpartialité,doc_2,1
mploient,doc_2,1
mprove,doc_2,1
multinationales,doc_2,1
mur,doc_3,1
mus,doc_3,1
muscles,doc_2,1
muscula,doc_3,1
musique,doc_3,1
mutations,doc_3,1
mutuelle,doc_2,1
muunitno,doc_2,1
mystery,doc_1,1
mystérieux,doc_3,1
mènes,doc_3,1
mètres,doc_3,1
mécanique,doc_2,1
médical,doc_3,1
méditer,doc_2,1
mégaler,doc_3,1
méloignait,doc_3,1
ménage,doc_3,1
méninges,doc_2,1
mérique,doc_2,1
méritez,doc_2,1
métaient,doc_3,1
métait,doc_3,1
méthodiquement,doc_2,1
métiole,doc_2,1
mêlent,doc_3,1
mêm,doc_3,1
nabandonne,doc_3,1
naboutissent,doc_3,1
nages,doc_3,1
naide,doc_3,1
naime,doc_2,1
naissons,doc_2,1
nale,doc_3,1
nalement,doc_3,1
naliste,doc_3,1
nalyse,doc_2,1
nalysis,doc_2,1
nances,doc_3,1
nanciers,doc_3,1
nants,doc_3,1
narcissisme,doc_2,1
narratif,doc_3,1
narrive,doc_3,1
narrivons,doc_2,1
nastu,doc_3,1
natteignent,doc_2,1
naturaliste,doc_2,1
naturelles,doc_2,1
nau,doc_3,1
naura,doc_2,1
nauraient,doc_3,1
nauras,doc_3,1
naurez,doc_1,1
nauront,doc_3,1
navance,doc_3,1
navançais,doc_3,1
navoir,doc_2,1
ncarnent,doc_2,1
ncertitudes,doc_2,1
ncre,doc_3,1
ncrer,doc_3,1
ndersen,doc_2,1
ndiens,doc_2,1
ndrews,doc_3,1
ndurance,doc_3,1
ndépen,doc_3,1
ndépendance,doc_3,1
nel,doc_3,1
nemploie,doc_2,1
nencouragent,doc_2,1
nentre,doc_3,1
nerfs,doc_2,1
neuro,doc_1,1
neurolinguistique,doc_2,1
neurs,doc_3,1
neuves,doc_2,1
new,doc_2,1
new05htm,doc_2,1
nexite,doc_2,1
nez,doc_2,1
nfin,doc_2,1
ngeles,doc_2,1
nhésitez,doc_2,1
niatures,doc_3,1
nible,doc_3,1
nication,doc_3,1
nimez,doc_2,1
ninventons,doc_3,1
nipe,doc_1,1
nirez,doc_2,1
niront,doc_3,1
nis,doc_3,1
nissent,doc_3,1
nisses,doc_3,1
nit,doc_3,1
nitiation,doc_2,1
nitneu,doc_3,1
nivea,doc_3,1
niversal,doc_2,1
nière,doc_3,1
nnnnnaaaaaiiiiissssssssssaaaaannnnnccccceeeee,doc_3,1
nnnnneeeee,doc_3,1
nnnnnoooootttttrrrrreeeee,doc_3,1
nnover,doc_2,1
nobtiennent,doc_2,1
nobtient,doc_2,1
noircis,doc_3,1
noitpecre,doc_2,1
nombres,doc_1,1
nomment,doc_2,1
nommes,doc_3,1
noncés,doc_2,1
nord,doc_2,1
normalement,doc_3,1
norme,doc_2,1
notam,doc_3,1
noterez,doc_2,1
notez,doc_2,1
notées,doc_3,1
nouer,doc_2,1
nourrir,doc_3,1
nourrissant,doc_2,1
nourrisse,doc_2,1
nourrissent,doc_2,1
nouveauxnés,doc_2,1
novateur,doc_3,1
novateurs,doc_2,1
nregistrez,doc_2,1
nscrivez,doc_2,1
nside,doc_2,1
nspirer,doc_2,1
nstagram,doc_3,1
nstaurer,doc_3,1
nstitute,doc_2,1
nstitutions,doc_2,1
nstruction,doc_2,1
ntegrité,doc_2,1
ntelligences,doc_2,1
ntelligent,doc_2,1
nterpersonal,doc_2,1
nterpersonnelle,doc_2,1
nterprètent,doc_2,1
nterpréter,doc_2,1
nticipation,doc_3,1
nticiper,doc_2,1
ntimité,doc_2,1
ntrapersonnelle,doc_2,1
ntroverti,doc_2,1
ntégrité,doc_2,1
nuisent,doc_2,1
numérez,doc_2,1
numériques,doc_3,1
nurturing,doc_2,1
nutrition,doc_3,1
nuyeux,doc_3,1
nvestissement,doc_3,1
nviron,doc_2,1
nvisagent,doc_2,1
nviter,doc_2,1
nvoyer,doc_2,1
nécessairement,doc_2,1
nécessitait,doc_3,1
nécessitant,doc_3,1
néfastes,doc_2,1
négligence,doc_2,1
négligences,doc_2,1
négliger,doc_3,1
négociation,doc_2,1
négocieront,doc_2,1
négociez,doc_2,1
négociées,doc_2,1
néprouve,doc_2,1
néralement,doc_3,1
nétaient,doc_3,1
nêtre,doc_2,1
nôtres,doc_3,1
oal,doc_2,1
obilisent,doc_2,1
objective,doc_2,1
observant,doc_2,1
observateur,doc_3,1
observatrice,doc_2,1
observe,doc_3,1
observent,doc_2,1
observez,doc_2,1
observons,doc_2,1
obsession,doc_2,1
obsta,doc_3,1
obstinent,doc_2,1
obtempéra,doc_2,1
obtenir7,doc_3,1
obtenus,doc_2,1
obtiendras,doc_3,1
obtiens,doc_3,1
obtient,doc_2,1
occasionnellement,doc_2,1
occidentale,doc_2,1
occidentales,doc_2,1
occupant,doc_3,1
occuper,doc_2,1
occupée,doc_2,1
occupés,doc_2,1
ochez,doc_2,1
ociau,doc_3,1
octeur,doc_1,1
octroie,doc_3,1
ode,doc_3,1
odeurs,doc_2,1
odier,doc_3,1
odifie,doc_3,1
odifier,doc_2,1
oethe,doc_3,1
offrant,doc_2,1
offrira,doc_2,1
ogicomathématique,doc_2,1
ohann,doc_3,1
oie,doc_3,1
oimême,doc_2,1
oints,doc_2,1
oisy,doc_3,1
oit,doc_2,1
oiton,doc_2,1
ol,doc_2,1
olb,doc_2,1
oleman,doc_2,1
olgang,doc_3,1
olkien,doc_3,1
ollaborent,doc_2,1
ollectio,doc_3,1
ollection,doc_3,1
olontariat,doc_2,1
olérance,doc_2,1
om,doc_3,1
ombats,doc_3,1
ombre,doc_2,1
ommaire,doc_3,1
ommencer,doc_3,1
ommissaire,doc_2,1
ommunauté,doc_2,1
omparez,doc_2,1
omparing,doc_2,1
ompassion,doc_3,1
ompre,doc_2,1
omprendre,doc_2,1
omêm,doc_3,1
onald,doc_1,1
onance,doc_3,1
onc,doc_3,1
oncurrence,doc_2,1
ondateur,doc_2,1
ong,doc_2,1
onheur,doc_3,1
onnaissance,doc_2,1
onnaissances,doc_2,1
onnaissent,doc_2,1
onnexion,doc_3,1
onoré,doc_3,1
ons,doc_2,1
onsensus,doc_2,1
onsequences,doc_2,1
onsolide,doc_3,1
onsolider,doc_3,1
onsortium,doc_2,1
onstraint,doc_1,1
onstruisent,doc_2,1
ontact,doc_3,1
ontelles,doc_2,1
ontinuez,doc_2,1
ontinuité,doc_3,1
ontribution,doc_3,1
ontrôle,doc_3,1
onus,doc_1,1
onversation,doc_1,1
onviction,doc_3,1
onvivialité,doc_3,1
oods,doc_1,1
ooks,doc_2,1
ooooobbbbbjjjjjeeeeeccccctttttiiiiifffffsssss,doc_3,1
oooooppppptttttiiiiimmmmmaaaaallllleeeee,doc_3,1
ooooouuuuuvvvvvrrrrraaaaagggggeeeee,doc_3,1
oosevelt,doc_2,1
opinion,doc_3,1
opportun,doc_2,1
opportunities,doc_2,1
opportunité,doc_2,1
opter,doc_3,1
optimale,doc_2,1
optimiser,doc_2,1
optique,doc_3,1
opyright,doc_2,1
opérez,doc_2,1
or,doc_3,1
oralité,doc_2,1
orange,doc_2,1
orce,doc_3,1
orces,doc_2,1
ordinaire,doc_3,1
ordinateur,doc_3,1
oreilles,doc_2,1
organise,doc_3,1
oriente,doc_3,1
orienter,doc_2,1
orientées,doc_3,1
originales,doc_2,1
origines,doc_2,1
orning,doc_3,1
orning4,doc_3,1
orti,doc_3,1
ortugal,doc_2,1
oscillations,doc_3,1
ose,doc_3,1
osen,doc_2,1
oseph,doc_2,1
osezvous,doc_2,1
oston,doc_2,1
otamment,doc_1,1
other,doc_2,1
oublie,doc_3,1
oublié,doc_2,1
ouci,doc_2,1
ouddha,doc_2,1
oue,doc_3,1
ouent,doc_2,1
ouez,doc_2,1
ouloir,doc_3,1
ouquoi,doc_2,1
ourbeau,doc_3,1
ournir,doc_2,1
ouronne,doc_2,1
ourrir,doc_2,1
ourself,doc_2,1
oursuivent,doc_2,1
oursuivez,doc_2,1
oursuivre,doc_3,1
ourt,doc_2,1
ourtant,doc_3,1
ourtoisie,doc_3,1
ourvu,doc_2,1
ouston,doc_2,1
oute,doc_3,1
outien,doc_2,1
outine,doc_3,1
ouube,doc_3,1
ouv,doc_3,1
ouvement,doc_2,1
ouvent,doc_3,1
ouvert,doc_2,1
ouvertement,doc_2,1
ouverts,doc_2,1
ouvoir,doc_2,1
ouvrage,doc_1,1
ouvrant,doc_3,1
ouvre,doc_3,1
ove,doc_3,1
ow,doc_2,1
owerful,doc_2,1
own,doc_2,1
oyauté,doc_2,1
oyen,doc_2,1
pact,doc_3,1
pair,doc_2,1
paires,doc_2,1
paisible,doc_2,1
panoplie,doc_2,1
papa,doc_2,1
para,doc_3,1
paraphé,doc_3,1
parasites,doc_3,1
parci,doc_3,1
parcourir,doc_3,1
parcouru,doc_3,1
parcourue,doc_3,1
pardonner,doc_3,1
pareille,doc_3,1
parfai,doc_3,1
parfum,doc_2,1
parlons,doc_2,1
parlà,doc_3,1
parlé,doc_3,1
parole,doc_2,1
partageaient,doc_3,1
partageons,doc_2,1
partais,doc_3,1
partant,doc_2,1
partenair,doc_3,1
parti,doc_3,1
participant,doc_2,1
participe,doc_2,1
participera,doc_2,1
particulières,doc_3,1
partout,doc_2,1
parts,doc_2,1
parvenezvous,doc_2,1
parvenons,doc_2,1
parvenue,doc_2,1
parviennes,doc_3,1
parvienstu,doc_3,1
pass,doc_3,1
passais,doc_3,1
passant,doc_2,1
passifagressif,doc_2,1
passifs,doc_1,1
passionnez,doc_2,1
passée,doc_3,1
passées,doc_3,1
patience,doc_2,1
patrimoine,doc_2,1
patron,doc_2,1
pauses,doc_3,1
paye,doc_3,1
payée,doc_2,1
peau,doc_2,1
peine10,doc_3,1
pemettant,doc_2,1
pen,doc_3,1
penchezvous,doc_2,1
pensaient,doc_2,1
pensent,doc_2,1
penses,doc_3,1
pensestu,doc_3,1
penseurs,doc_2,1
peoples,doc_2,1
perceptibles,doc_3,1
perceptions,doc_2,1
perceptuelle,doc_2,1
percevoir,doc_2,1
perdant,doc_3,1
perdez,doc_2,1
perdr,doc_3,1
perds,doc_2,1
perdurer,doc_3,1
perfectionner,doc_2,1
perfomance,doc_2,1
perfor,doc_3,1
permanent,doc_3,1
permettait,doc_3,1
permettont,doc_2,1
permettrait,doc_2,1
permettraitent,doc_2,1
permettratelle,doc_3,1
perser,doc_3,1
personna,doc_3,1
persuader,doc_2,1
persuadé,doc_3,1
persuadés,doc_2,1
pertinents,doc_2,1
perturbateurs,doc_3,1
perçois,doc_2,1
perçoiventelles,doc_2,1
perçoiventils,doc_2,1
perçu,doc_2,1
perçue,doc_3,1
peuple,doc_2,1
peurs,doc_3,1
phas,doc_3,1
phases,doc_2,1
phrases,doc_2,1
physiologique,doc_2,1
pieds,doc_2,1
piritualité,doc_3,1
pirituelle,doc_2,1
pistes,doc_3,1
pitre,doc_3,1
pitres,doc_3,1
pièces,doc_3,1
piètre,doc_3,1
placements,doc_3,1
placer,doc_3,1
placera,doc_2,1
placezles,doc_2,1
plagiat,doc_3,1
plaire,doc_2,1
plaise,doc_3,1
plaisent,doc_3,1
plaisirs,doc_3,1
planica,doc_3,1
planication,doc_3,1
planifiez,doc_2,1
planié,doc_3,1
planning,doc_3,1
playlist,doc_3,1
plaça,doc_2,1
plaçant,doc_3,1
pleins,doc_2,1
plement,doc_3,1
pleurera,doc_2,1
pleuriez,doc_2,1
pleuré,doc_2,1
pleuvaient,doc_3,1
plexes,doc_3,1
pliment,doc_3,1
plir,doc_3,1
plongea,doc_2,1
plongée,doc_2,1
pluie,doc_2,1
plusvalue,doc_3,1
podcasteur,doc_3,1
politiques,doc_2,1
pondérer,doc_2,1
ponse,doc_3,1
pontanéité,doc_3,1
port,doc_3,1
portes,doc_3,1
portez,doc_2,1
portons,doc_2,1
portée,doc_2,1
pos,doc_3,1
posa,doc_2,1
posant,doc_2,1
posent,doc_2,1
posera,doc_3,1
poses,doc_3,1
posetoi,doc_3,1
posezvous,doc_2,1
possession,doc_3,1
possi,doc_3,1
possibili,doc_3,1
postes,doc_2,1
postule,doc_2,1
potentiellement,doc_3,1
pourraistu,doc_3,1
poursuite,doc_2,1
poursuivant,doc_2,1
poursuivi,doc_3,1
pouviez,doc_2,1
pparences,doc_2,1
ppartenance,doc_2,1
ppliquer,doc_2,1
pportent,doc_2,1
pportez,doc_2,1
pportunités,doc_2,1
pppppaaaaarrrrr,doc_3,1
pppppaaaaasssssssssseeeeerrrrr,doc_3,1
pppppeeeeeiiiiinnnnneeeee,doc_3,1
pppppeeeeerrrrrsssssooooonnnnnnnnnneeeeelllll,doc_3,1
ppppprrrrroooooppppprrrrreeeee,doc_3,1
pprenez,doc_2,1
pprennent,doc_2,1
pprenti,doc_2,1
pra,doc_3,1
pragmatique,doc_2,1
pratiquer,doc_3,1
pratiquezvous,doc_2,1
pratiquée,doc_3,1
pratiquées,doc_3,1
pren,doc_3,1
prenantes,doc_2,1
prendrais,doc_3,1
prendras,doc_2,1
prendrent,doc_2,1
prendrez,doc_2,1
prenne,doc_2,1
prenons,doc_3,1
pres,doc_3,1
priez,doc_3,1
primaire,doc_2,1
prime,doc_2,1
primitive,doc_2,1
prin,doc_3,1
principalement,doc_2,1
principaux,doc_2,1
prioritaires,doc_3,1
prit,doc_2,1
privilégie,doc_2,1
privilégié,doc_2,1
privilégiés,doc_2,1
privée,doc_2,1
proactif,doc_3,1
probable,doc_2,1
procrastiner,doc_3,1
procurer,doc_2,1
procurez,doc_1,1
procédé,doc_2,1
prodigués,doc_3,1
produc,doc_3,1
productifs,doc_2,1
productive,doc_2,1
productivité,doc_3,1
produise,doc_3,1
produisent,doc_3,1
profes,doc_3,1
professions,doc_3,1
profilent,doc_2,1
profit,doc_2,1
profite,doc_2,1
profitent,doc_2,1
profiter,doc_2,1
profondeur,doc_1,1
profondémen,doc_3,1
program,doc_3,1
programmer,doc_2,1
progressais,doc_3,1
progresse,doc_3,1
progressent,doc_2,1
progresser73,doc_3,1
progressera,doc_3,1
progressif,doc_2,1
progressio,doc_3,1
progressive,doc_2,1
progressives,doc_2,1
projette,doc_3,1
promesses,doc_2,1
promis,doc_3,1
promotion,doc_3,1
promouvant,doc_2,1
proposant,doc_2,1
proposée,doc_3,1
proposées,doc_2,1
proposés,doc_2,1
propreté,doc_3,1
propriétaire,doc_2,1
prospecter,doc_3,1
prospérer,doc_2,1
protonsen,doc_3,1
prots,doc_3,1
protégé,doc_2,1
prouve,doc_2,1
proverbes,doc_2,1
précipiter,doc_2,1
préciser,doc_2,1
précisé,doc_3,1
précommandes,doc_3,1
précé,doc_3,1
précédemment,doc_3,1
prédestinés,doc_2,1
prédilection,doc_2,1
prédispositions,doc_2,1
préferezvous,doc_2,1
préfères,doc_3,1
préfèrestu,doc_3,1
préférence,doc_1,1
préféreront,doc_3,1
préféré,doc_3,1
préjudice,doc_2,1
préjugés,doc_2,1
préoccupezvous,doc_2,1
préparer,doc_2,1
préparées,doc_2,1
prépondérant,doc_3,1
prérequis,doc_3,1
présentant,doc_2,1
présentations,doc_2,1
présentes,doc_3,1
présents,doc_3,1
présentées,doc_2,1
préséance,doc_2,1
prétention,doc_3,1
prévisible,doc_2,1
prévoir,doc_3,1
prévu,doc_2,1
prévue,doc_2,1
prévues,doc_3,1
prêtent,doc_3,1
psychologique,doc_2,1
psychologiques,doc_2,1
psychothérapeutes,doc_2,1
ptimiser,doc_3,1
ptitude,doc_2,1
ptitudes,doc_2,1
publie,doc_3,1
publient,doc_3,1
publiquement,doc_3,1
publiée,doc_2,1
pudeur,doc_3,1
puisquon,doc_3,1
puissante,doc_3,1
put,doc_2,1
puzzle,doc_2,1
pèsent,doc_2,1
pécifier,doc_2,1
pédagogique,doc_1,1
pénible,doc_2,1
pérance,doc_3,1
péripéties,doc_3,1
qqqqquuuuueeeee,doc_3,1
qqqqquuuuueeeeelllllllllleeeeesssss,doc_3,1
qqqqquuuuuààààà,doc_3,1
qua,doc_3,1
quadulte,doc_3,1
quali,doc_3,1
qualifiée,doc_2,1
qualifiés,doc_2,1
quapprenant,doc_2,1
quasimajori,doc_3,1
quauteur,doc_3,1
quaux,doc_2,1
quavancer,doc_3,1
quelconque,doc_3,1
quences,doc_3,1
quenfant,doc_3,1
quentinturquetgmailcom,doc_3,1
quest,doc_3,1
questionne,doc_3,1
questionnement,doc_2,1
questionner,doc_3,1
queue,doc_3,1
quici,doc_2,1
quiconque,doc_3,1
quintervient,doc_2,1
quipes,doc_2,1
quobjectifs,doc_2,1
quont,doc_3,1
quoti,doc_3,1
quotidie,doc_3,1
quotidiennes,doc_3,1
quotient,doc_2,1
quécrire,doc_3,1
rabaisse,doc_3,1
rac,doc_3,1
raccourcis,doc_3,1
raconta,doc_2,1
raconte,doc_1,1
racontons,doc_3,1
radical,doc_3,1
radicalement,doc_1,1
radicales,doc_3,1
radition,doc_2,1
rage,doc_3,1
ragmatiques,doc_2,1
raidie,doc_2,1
railleur,doc_2,1
raisonne,doc_3,1
raisonnement,doc_3,1
raisonner,doc_2,1
rait,doc_3,1
raitelle,doc_3,1
rale,doc_3,1
ramasser,doc_2,1
ramassez,doc_2,1
rame,doc_1,1
ramollie,doc_2,1
rancky,doc_1,1
randonnée,doc_2,1
rang,doc_3,1
rangée,doc_3,1
rankl,doc_3,1
ranquillité,doc_3,1
ransformer,doc_3,1
ransforming,doc_2,1
rançais,doc_3,1
rap,doc_3,1
rapidement,doc_3,1
rappelle,doc_3,1
rapportant,doc_2,1
rarement,doc_2,1
rares,doc_2,1
rasites,doc_3,1
rasoir,doc_3,1
rassemble,doc_3,1
rassembler,doc_3,1
rassemblez,doc_2,1
rassurer,doc_3,1
ration,doc_3,1
ratique,doc_3,1
ratiquent,doc_2,1
ratitude,doc_3,1
raturé,doc_3,1
ravail,doc_2,1
ravailler,doc_2,1
ravailéducation,doc_2,1
rayonne,doc_3,1
rayons,doc_2,1
reative,doc_3,1
rebondissez,doc_2,1
recelez,doc_2,1
recenser,doc_1,1
recettes,doc_3,1
recevons,doc_2,1
recher,doc_3,1
recherchezen,doc_2,1
recherchons,doc_2,1
recherché,doc_2,1
reclassezles,doc_2,1
recollé,doc_2,1
recom,doc_3,1
recommande,doc_1,1
recommandons,doc_2,1
reconnaissez,doc_2,1
reconnaissons,doc_2,1
reconnue,doc_2,1
reconnues,doc_2,1
reconnus,doc_3,1
recou,doc_3,1
recto,doc_2,1
recueillir,doc_2,1
reculer,doc_3,1
rederick,doc_2,1
redonner,doc_2,1
redoublez,doc_2,1
redrikon,doc_3,1
redécou,doc_3,1
ref,doc_3,1
refaire,doc_3,1
reflète,doc_2,1
reflètentils,doc_2,1
refléchis,doc_2,1
reflétant,doc_2,1
reformuler,doc_2,1
refusa,doc_2,1
regarde,doc_2,1
regarderez,doc_2,1
regardez,doc_2,1
registre,doc_1,1
regretter,doc_3,1
rehaussant,doc_2,1
rejouer,doc_3,1
relationnels,doc_3,1
relaxation,doc_2,1
religions,doc_2,1
reluisant,doc_3,1
relâchais,doc_3,1
relâchement,doc_3,1
relève,doc_3,1
reléguer,doc_3,1
remarqua,doc_2,1
remarquent,doc_3,1
remis,doc_3,1
remonte,doc_3,1
remonter,doc_3,1
remplies,doc_3,1
remplissent,doc_3,1
remplit,doc_2,1
remue,doc_2,1
remueméninges,doc_2,1
remunérée,doc_2,1
remémore,doc_3,1
rencon,doc_3,1
rencontre,doc_2,1
rencontrer,doc_3,1
rencontrée,doc_2,1
rendait,doc_3,1
rendement,doc_3,1
rendes,doc_3,1
rendu,doc_1,1
renforcée,doc_3,1
renier,doc_3,1
renomme,doc_3,1
renoncer,doc_2,1
renseigné,doc_3,1
renvoyer,doc_3,1
reparlerons,doc_3,1
repas,doc_3,1
repenser,doc_3,1
reportés,doc_2,1
repos,doc_2,1
reposantes,doc_3,1
reposer,doc_3,1
reposera,doc_2,1
repousser,doc_3,1
repoussez,doc_2,1
reproches,doc_2,1
représentait,doc_3,1
représentant,doc_3,1
représentatifs,doc_2,1
représentent,doc_2,1
représenter,doc_2,1
représenteront,doc_2,1
représentezvous,doc_2,1
représenté,doc_2,1
représentées,doc_2,1
repère,doc_3,1
repères,doc_2,1
repérer,doc_3,1
requièrent,doc_2,1
rer,doc_3,1
res,doc_3,1
resources,doc_2,1
respectifs,doc_2,1
responsabilisant,doc_2,1
ressait,doc_3,1
ressemblentelles,doc_3,1
ressembler,doc_3,1
ressemblerait,doc_2,1
ressentent,doc_2,1
ressentiment,doc_2,1
ressentirez,doc_2,1
ressentis,doc_3,1
ressortir,doc_3,1
ressource,doc_3,1
restait,doc_3,1
restauration,doc_3,1
retarder,doc_3,1
retenu,doc_3,1
retenues,doc_2,1
retiensen,doc_3,1
retira,doc_2,1
retire,doc_2,1
retirer,doc_3,1
retourne,doc_3,1
retourner,doc_3,1
retournez,doc_2,1
retranscrit,doc_1,1
retransmissions,doc_3,1
retrouvailles,doc_3,1
retrouvera,doc_3,1
retrouvions,doc_2,1
reuses,doc_3,1
revenir,doc_3,1
revenu,doc_3,1
revienne,doc_3,1
reviens,doc_3,1
revient,doc_3,1
revint,doc_2,1
revirement,doc_3,1
revois,doc_3,1
revoyant,doc_3,1
revue,doc_3,1
revues,doc_2,1
reçois,doc_2,1
reçu,doc_3,1
reçus,doc_2,1
reètent,doc_3,1
rganiser,doc_2,1
rganizations,doc_2,1
rialisera,doc_3,1
riches,doc_1,1
ridiculisent,doc_2,1
rienl,doc_2,1
rientent,doc_2,1
riez,doc_3,1
rigide,doc_2,1
rigoureux,doc_3,1
rigueur,doc_2,1
rincipes,doc_2,1
rinder,doc_1,1
rinting,doc_2,1
riorités,doc_2,1
rise,doc_2,1
risquez,doc_2,1
rites,doc_3,1
rituels,doc_3,1
rix,doc_2,1
ro,doc_3,1
roactivité,doc_1,1
robot,doc_3,1
roceedings,doc_2,1
rocessus,doc_2,1
rofessionnel,doc_2,1
rogné,doc_3,1
rogrammation,doc_2,1
rogramme,doc_2,1
rogressive,doc_2,1
roire,doc_3,1
rom,doc_2,1
rond,doc_2,1
ront,doc_3,1
rooquetahanede,doc_3,1
rop,doc_3,1
roposez,doc_2,1
rospérité,doc_2,1
rotègent,doc_2,1
roulera,doc_3,1
roulette,doc_3,1
roust,doc_2,1
rouvez,doc_2,1
rown,doc_2,1
rrrrraaaaacccccooooonnnnnttttteeeeerrrrr,doc_3,1
rrrrreeeeellllliiiiisssssaaaaannnnnttttt,doc_3,1
rrrrreeeeennnnnooooouuuuueeeeerrrrr,doc_3,1
rrrrreeeeesssssssssseeeeennnnntttttiiiiirrrrr,doc_3,1
rrrrrooooouuuuutttttiiiiinnnnneeeee,doc_3,1
rtisan,doc_2,1
rubrique,doc_2,1
rudes,doc_2,1
rue,doc_3,1
rugalité,doc_3,1
russe,doc_3,1
règlements,doc_2,1
réactifs,doc_2,1
réaffirmer,doc_2,1
réagira,doc_2,1
réagirait,doc_3,1
réagistu,doc_2,1
réagit,doc_2,1
réalisableacceptable,doc_2,1
réalisables,doc_2,1
réalisais,doc_3,1
réalisent,doc_3,1
réalisestu,doc_3,1
réalistes,doc_2,1
réalités,doc_2,1
réapprendre,doc_3,1
récemment,doc_3,1
récent,doc_3,1
récentes,doc_2,1
réceptifs,doc_2,1
récompensent,doc_2,1
réconciliation,doc_2,1
réconfort,doc_3,1
récurrentes,doc_3,1
rédiger,doc_3,1
rédigez,doc_2,1
réducteur,doc_3,1
rée,doc_3,1
réelles,doc_3,1
réexion,doc_3,1
réfléchi,doc_2,1
réfléchissent,doc_2,1
réfléchissez,doc_2,1
réfléchit,doc_2,1
réfugiant,doc_2,1
régime,doc_2,1
région,doc_2,1
régissent,doc_3,1
régler,doc_3,1
régulièrement,doc_3,1
rémunérée,doc_2,1
réorientent,doc_2,1
répartition,doc_2,1
répertoriés,doc_2,1
répliquatil,doc_2,1
répon,doc_3,1
répondant,doc_3,1
répresente,doc_2,1
répétitions,doc_3,1
répétitives,doc_3,1
répété,doc_3,1
réseau,doc_3,1
réserver,doc_2,1
réservée,doc_2,1
réservés,doc_3,1
réside,doc_3,1
résident,doc_2,1
résignation,doc_2,1
résigner,doc_3,1
résistance,doc_2,1
résolutions,doc_2,1
résonance,doc_2,1
résonnaient,doc_3,1
résonne,doc_3,1
résonnent,doc_3,1
résume,doc_3,1
réunit,doc_3,1
réussira,doc_2,1
réussit,doc_3,1
révisez,doc_2,1
révolutionner,doc_3,1
révèlent,doc_2,1
révélée,doc_2,1
révélées,doc_2,1
rêvais,doc_3,1
rêvez,doc_2,1
sac,doc_3,1
sachève,doc_3,1
sacrier,doc_3,1
sacrifices,doc_2,1
sadapte,doc_3,1
sadaptent,doc_2,1
sadapter,doc_2,1
sadonne,doc_3,1
sadonner,doc_3,1
saga,doc_3,1
sagas,doc_3,1
sages,doc_3,1
sagesse,doc_2,1
sagitil,doc_2,1
sagrémenter,doc_3,1
saimer,doc_2,1
sain,doc_3,1
sainement,doc_3,1
saisje,doc_3,1
salarié,doc_3,1
sale,doc_3,1
salignent,doc_2,1
saligner,doc_3,1
salimenter,doc_3,1
salués,doc_3,1
samorce,doc_2,1
sancre,doc_3,1
santegouvfrpublicationsetudesetresultatslesfrancaisviventpluslongtempsmais,doc_3,1
sapparente,doc_2,1
sappliquer,doc_1,1
sarrêter,doc_3,1
sauces,doc_3,1
sauraije,doc_2,1
sauras,doc_3,1
saurez,doc_3,1
saurezvous,doc_2,1
sauront,doc_3,1
saut,doc_3,1
sauter,doc_2,1
sauteront,doc_3,1
sautocritiquent,doc_2,1
sautorisant,doc_3,1
sauvegarder,doc_3,1
sauvé,doc_2,1
savère,doc_2,1
savèrent,doc_3,1
savèreront,doc_2,1
sayer,doc_3,1
schémas,doc_2,1
schématiser,doc_2,1
sciences,doc_2,1
scientifique,doc_1,1
scolaires,doc_2,1
scolarité,doc_3,1
scores,doc_2,1
scène,doc_3,1
scénariste,doc_3,1
sec,doc_3,1
sections,doc_2,1
securité,doc_2,1
segmentes,doc_3,1
self,doc_1,1
semblant,doc_3,1
semblé,doc_3,1
sempressera,doc_2,1
senrichissent,doc_1,1
sensations,doc_2,1
sensibilité,doc_2,1
sentais,doc_3,1
sentent,doc_2,1
sentimental,doc_3,1
sentraîne,doc_3,1
senvolent,doc_3,1
sept,doc_2,1
seraistu,doc_3,1
serein,doc_3,1
serons,doc_2,1
serrer,doc_3,1
sersten,doc_3,1
servait,doc_3,1
servant,doc_2,1
servent,doc_2,1
servez,doc_2,1
serviabilité,doc_2,1
services,doc_2,1
servira,doc_3,1
sestil,doc_2,1
seules,doc_3,1
seuls,doc_2,1
sexe,doc_2,1
sexes,doc_2,1
sexpriment,doc_2,1
signal,doc_3,1
signaux,doc_2,1
signes,doc_2,1
signifiait,doc_2,1
significatifs,doc_2,1
signifient,doc_2,1
signifier,doc_2,1
signé,doc_3,1
silencieux,doc_2,1
silhouette,doc_3,1
sim,doc_3,1
simaginer,doc_3,1
simbriquer,doc_3,1
simmiscer,doc_3,1
simprégner,doc_2,1
sincar,doc_3,1
sincère,doc_3,1
sincérité,doc_3,1
sinscrivent,doc_3,1
sinspire,doc_2,1
sinsurgent,doc_2,1
sinterrompre,doc_3,1
sintéresse,doc_2,1
sintéresser,doc_2,1
sinvestir,doc_3,1
sionnels,doc_3,1
sions,doc_3,1
sique,doc_3,1
sistant,doc_3,1
site,doc_2,1
situe,doc_3,1
situeraistu,doc_3,1
situez,doc_2,1
smartphone,doc_3,1
so,doc_3,1
soccuper,doc_2,1
sociables,doc_1,1
socialement,doc_2,1
soffrent,doc_2,1
soigner,doc_3,1
soirées,doc_3,1
sois,doc_3,1
soitelle,doc_3,1
solidarité,doc_2,1
sollici,doc_3,1
sombre,doc_3,1
sombres,doc_2,1
sondage,doc_2,1
songer,doc_3,1
sonnages,doc_3,1
sonnait,doc_3,1
sonnelle,doc_3,1
sonnelles,doc_3,1
sonner,doc_3,1
sonnes,doc_3,1
sonné,doc_2,1
sons,doc_2,1
sopère,doc_2,1
sormais,doc_3,1
sors,doc_2,1
sortent,doc_2,1
sortit,doc_2,1
sou,doc_3,1
souci,doc_3,1
soufait,doc_3,1
soufe,doc_3,1
souffrent,doc_2,1
souhaitais,doc_3,1
souhaitent,doc_2,1
souhaiter,doc_2,1
souhaitiez,doc_2,1
souhaitons,doc_2,1
souhaits,doc_2,1
soulager,doc_2,1
soulève,doc_3,1
soumet,doc_2,1
soumettons,doc_2,1
source,doc_3,1
sources,doc_2,1
souriaient,doc_2,1
sousentend,doc_2,1
sousjacents,doc_2,1
soustendent,doc_2,1
soustendra,doc_2,1
souvenir2,doc_3,1
soyons,doc_2,1
spectaculaires,doc_2,1
spiritualité,doc_3,1
sprints,doc_3,1
spéciale,doc_2,1
spéciales,doc_2,1
spécialisé,doc_2,1
spécialisées,doc_2,1
spécicités,doc_3,1
spécifier,doc_2,1
squatter,doc_3,1
ssaie,doc_3,1
ssertif,doc_2,1
ssocier,doc_3,1
ssssseeeeennnnntttttiiiiirrrrraaaaasssss,doc_3,1
sssssiiiii,doc_3,1
sssssoooooiiiiittttt,doc_3,1
sssssooooonnnnnttttt,doc_3,1
sssssuuuuurrrrr,doc_3,1
ssument,doc_2,1
ssumer,doc_2,1
ssurance,doc_3,1
st,doc_3,1
sta,doc_3,1
stabilité,doc_2,1
stables,doc_2,1
stade,doc_2,1
stades,doc_3,1
status,doc_2,1
statut,doc_2,1
stelle,doc_3,1
sthétique,doc_2,1
stimezvous,doc_2,1
stimulant,doc_2,1
stimulants,doc_2,1
stimulent,doc_2,1
stratèges,doc_1,1
stratégiques,doc_3,1
strict,doc_3,1
stéréotypée,doc_3,1
suadé,doc_3,1
subconscient,doc_2,1
subi,doc_2,1
subite,doc_3,1
subsiste,doc_3,1
substantiels,doc_3,1
subtilités,doc_3,1
subversion,doc_2,1
succomber,doc_3,1
succèdent,doc_2,1
suffisante,doc_2,1
sufisamment,doc_2,1
sufsam,doc_3,1
suggestions,doc_1,1
suggèrent,doc_2,1
suivent,doc_3,1
super,doc_1,1
superhéros,doc_3,1
superue,doc_3,1
superviser,doc_2,1
supplé,doc_3,1
supplémentaires,doc_3,1
support,doc_2,1
supports,doc_2,1
suppositions,doc_3,1
supprimé,doc_3,1
supérieurs,doc_2,1
surcharger,doc_3,1
surestimer,doc_3,1
surgir,doc_2,1
surgissait,doc_2,1
surmenage,doc_3,1
surnoms,doc_2,1
surpasse,doc_3,1
surplus,doc_3,1
surprends,doc_3,1
surveillant,doc_2,1
survenir,doc_3,1
survenus,doc_2,1
survient,doc_3,1
susceptibles,doc_2,1
suscitent,doc_2,1
suscité,doc_2,1
suspense,doc_3,1
suvantes,doc_2,1
symbole,doc_2,1
symptômes,doc_3,1
syndrome,doc_3,1
synergie,doc_2,1
systématique,doc_2,1
systématiquement,doc_2,1
systémique,doc_2,1
sécrit,doc_3,1
séducteur,doc_1,1
sées,doc_3,1
sélection,doc_1,1
sélectionner,doc_3,1
sélectionnez,doc_2,1
sélectionné,doc_1,1
sélectionnées,doc_3,1
séminaires,doc_1,1
sépanouir,doc_2,1
séparation,doc_2,1
séries,doc_3,1
sérieusement,doc_3,1
sétait,doc_2,1
sétend,doc_3,1
séveiller,doc_3,1
sûre,doc_2,1
sûrs,doc_2,1
table,doc_2,1
tableaux,doc_2,1
taccompagne,doc_3,1
taccomplir,doc_3,1
tact,doc_2,1
tactiles,doc_2,1
tactique,doc_2,1
tadapter,doc_3,1
taiguiller,doc_3,1
talent,doc_2,1
tan,doc_3,1
tangible,doc_3,1
tangibles,doc_3,1
tante,doc_3,1
taper,doc_3,1
tapes,doc_2,1
tapporter,doc_3,1
tapprocher,doc_3,1
tapprêtes,doc_3,1
tations,doc_3,1
tautoriser,doc_3,1
taxi,doc_2,1
telier,doc_2,1
telles,doc_3,1
tement,doc_3,1
temmènent,doc_3,1
temp,doc_3,1
temporels,doc_3,1
tempêche,doc_3,1
tenant,doc_2,1
tence,doc_3,1
tend,doc_3,1
tendre,doc_2,1
tendres,doc_2,1
tendues,doc_2,1
tenfermer,doc_3,1
tentaient,doc_2,1
tentative,doc_1,1
tente,doc_2,1
tentraîner,doc_3,1
tenue,doc_3,1
tergiverser,doc_2,1
terling,doc_2,1
terminé,doc_3,1
terrain,doc_2,1
terre,doc_3,1
terré,doc_2,1
testais,doc_3,1
testant,doc_3,1
teste,doc_3,1
testé,doc_3,1
teur,doc_3,1
teve,doc_2,1
thers,doc_2,1
thique,doc_2,1
threats,doc_2,1
thème,doc_1,1
thèmes,doc_2,1
thèse,doc_2,1
thématique,doc_3,1
théoricien,doc_2,1
théorique,doc_2,1
thérapeutes,doc_1,1
thérapie,doc_2,1
tidien,doc_3,1
tien,doc_3,1
tiendrait,doc_2,1
tienne,doc_3,1
tiens,doc_3,1
tilkind,doc_3,1
timaginer,doc_3,1
tin,doc_3,1
tines,doc_3,1
tinformer,doc_3,1
tiniges,doc_3,1
tinscrire,doc_3,1
tinspire,doc_3,1
tinstruire,doc_3,1
tintéresse,doc_3,1
tionnais,doc_3,1
tionnels,doc_3,1
tir,doc_3,1
tire,doc_2,1
tirent,doc_2,1
tiré,doc_1,1
tirées,doc_2,1
tissements,doc_3,1
tité,doc_3,1
tivation,doc_3,1
tière,doc_3,1
todo,doc_3,1
toffre,doc_3,1
toffrir,doc_3,1
toires,doc_3,1
tolère,doc_2,1
tolères,doc_3,1
tolé,doc_3,1
tolérer,doc_3,1
tolérons,doc_2,1
tomba,doc_2,1
tombe,doc_3,1
tomes,doc_3,1
torganiser,doc_3,1
tortue,doc_3,1
totalité,doc_3,1
tou,doc_3,1
touche,doc_3,1
tourage,doc_3,1
tournant,doc_2,1
tournent,doc_3,1
tourner,doc_3,1
touvrira,doc_3,1
traditionnelle,doc_2,1
traduction,doc_3,1
traduit,doc_2,1
training,doc_2,1
trait,doc_2,1
traitant,doc_2,1
traitements,doc_2,1
traitezvous,doc_2,1
traitée,doc_2,1
trame,doc_3,1
tranchantes,doc_3,1
tranquille,doc_2,1
transactionnelle,doc_1,1
transformation,doc_1,1
transformera,doc_3,1
transformez,doc_2,1
transgressent,doc_2,1
transigé,doc_3,1
transmet,doc_2,1
transmettent,doc_3,1
transmises,doc_2,1
transports,doc_1,1
tratégies,doc_3,1
travail8,doc_3,1
travaillant,doc_2,1
travaille,doc_3,1
travaillent,doc_2,1
travailà,doc_2,1
traverses,doc_3,1
treize,doc_3,1
trentaine,doc_3,1
trer,doc_3,1
tri,doc_3,1
tributaire,doc_2,1
triche,doc_3,1
trie,doc_3,1
trier,doc_3,1
triez,doc_2,1
trigue,doc_3,1
tripartite,doc_1,1
tristesse,doc_2,1
tromper,doc_2,1
trou,doc_3,1
troublant,doc_3,1
troupeaux,doc_2,1
trouvait,doc_3,1
trouvent,doc_2,1
trouveras,doc_3,1
trouves,doc_3,1
trées,doc_3,1
trépas,doc_3,1
tteignableacceptable,doc_2,1
ttention,doc_1,1
ttitudes,doc_2,1
ttraction,doc_3,1
ttribuez,doc_2,1
tttttaaaaaiiiiidddddeeeeerrrrraaaaa,doc_3,1
tttttiiiiieeeeennnnnttttt,doc_3,1
tttttiiiiinnnnnvvvvviiiiittttteeeee,doc_3,1
tttttoooooffffffffffrrrrriiiiirrrrr,doc_3,1
tttttooooonnnnn,doc_3,1
tttttrrrrraaaaaiiiiinnnnn,doc_3,1
tttttééééépppppaaaaannnnnooooouuuuuiiiiirrrrr,doc_3,1
tude,doc_3,1
tuelles,doc_3,1
tuer,doc_3,1
ty,doc_3,1
typique,doc_2,1
typiquement,doc_2,1
tâter,doc_2,1
tâtons,doc_3,1
téloigne,doc_3,1
téloigner,doc_3,1
télévisés,doc_3,1
témoignages,doc_2,1
témoignant,doc_2,1
térêts,doc_3,1
tétreindre,doc_3,1
têtre,doc_3,1
uatre,doc_2,1
uavezvous,doc_2,1
ublishing,doc_2,1
ubsistent,doc_3,1
uccès,doc_3,1
ucidité,doc_3,1
uckling,doc_2,1
ucklose,doc_1,1
ud,doc_2,1
udace,doc_3,1
udelà,doc_2,1
uelque,doc_3,1
uelques,doc_2,1
uenti,doc_3,1
uestra,doc_2,1
ufs,doc_2,1
uft,doc_2,1
uga,doc_3,1
ugo,doc_3,1
uidimecoutisme,doc_2,1
uidismecoustime,doc_2,1
uissiezvous,doc_2,1
uit,doc_2,1
uivez,doc_2,1
uivi,doc_3,1
ujourhu,doc_3,1
ul,doc_3,1
ultime,doc_3,1
ultiple,doc_2,1
ultivent,doc_2,1
ultra,doc_3,1
ultures,doc_2,1
umford3,doc_2,1
umlose,doc_1,1
unes,doc_3,1
uniquement,doc_3,1
unités,doc_3,1
universelle,doc_2,1
universelles,doc_2,1
unn2,doc_2,1
untz,doc_3,1
urcissent,doc_2,1
uriel,doc_3,1
uriosité,doc_3,1
urtout,doc_3,1
urêka,doc_2,1
uscitent,doc_2,1
usciter,doc_2,1
usicale,doc_2,1
usquau,doc_3,1
usquà,doc_2,1
uteur,doc_3,1
utiliseraient,doc_2,1
utilisestu,doc_3,1
utilisezvous,doc_2,1
utilisées,doc_2,1
utilité,doc_2,1
utonomie,doc_3,1
utopie,doc_3,1
utorité,doc_2,1
utour,doc_3,1
utres,doc_2,1
uts,doc_2,1
uune,doc_3,1
uuuuueeeee,doc_3,1
uuuuueeeeelllll,doc_3,1
uuuuueeeeelllllllllleeeee,doc_3,1
uverture,doc_2,1
vacancesquellesconsequencesn1603,doc_3,1
vaille,doc_3,1
valait,doc_3,1
validité,doc_2,1
valles,doc_3,1
valorisent,doc_2,1
valorisée,doc_2,1
valuez,doc_2,1
vancement,doc_2,1
variations,doc_2,1
varier,doc_2,1
variera,doc_2,1
variées,doc_3,1
vation,doc_3,1
vaut,doc_3,1
vaux,doc_3,1
veau,doc_3,1
veines,doc_3,1
velles,doc_3,1
veloppement,doc_3,1
venait,doc_3,1
vendent,doc_2,1
vendeur,doc_2,1
vendre,doc_2,1
venons,doc_2,1
vente,doc_2,1
venu,doc_3,1
verra,doc_3,1
vertige,doc_3,1
vertueux,doc_3,1
vesti,doc_3,1
veuillez,doc_2,1
veulent,doc_2,1
via,doc_3,1
viable,doc_3,1
vice,doc_2,1
vides,doc_3,1
vidéos,doc_1,1
vidés,doc_3,1
vie62,doc_3,1
vieillir,doc_3,1
viendra,doc_3,1
viendront,doc_3,1
vieux,doc_2,1
vif,doc_3,1
vigilante,doc_2,1
vilain,doc_2,1
vingtaine,doc_3,1
violant,doc_2,1
violence,doc_2,1
violents,doc_2,1
visible,doc_2,1
visiospatiale,doc_2,1
visualiser,doc_3,1
visualiseras,doc_3,1
visualises,doc_3,1
visé,doc_2,1
vit,doc_3,1
vital,doc_3,1
vitale,doc_3,1
vitesse,doc_3,1
vités,doc_3,1
vivants,doc_2,1
vivras,doc_3,1
vo,doc_3,1
vocabulaire,doc_1,1
voler,doc_3,1
volon,doc_3,1
volontairement,doc_3,1
voquez,doc_2,1
vou,doc_3,1
voudrais,doc_3,1
voudriez,doc_2,1
voudriezvous,doc_2,1
voulons,doc_2,1
voyant,doc_2,1
vraisemblablement,doc_2,1
vrer,doc_3,1
vret,doc_3,1
vulnérable,doc_3,1
vvvvvaaaaaiiiiilllllllllleeeee,doc_3,1
vvvvvaaaaallllleeeeeuuuuurrrrrsssss,doc_3,1
vvvvvrrrrraaaaaiiiiimmmmmeeeeennnnnttttt,doc_3,1
vé,doc_3,1
vérifier,doc_2,1
vérité,doc_2,1
vôtre,doc_2,1
w,doc_3,1
western,doc_2,1
window,doc_2,1
witch,doc_3,1
wwweiconsortiumorg,doc_2,1
wwwgeresocomedition,doc_3,1
wwwmindtoolscompagesarticlenew90,doc_2,1
x,doc_3,1
xaminer,doc_2,1
xcellence,doc_3,1
xerci,doc_2,1
xercise,doc_2,1
xestu,doc_3,1
xistentialiste,doc_2,1
xpert,doc_2,1
xpertise,doc_3,1
xploiter,doc_2,1
xploration,doc_3,1
xpérimentation,doc_2,1
xtraient,doc_2,1
xtravert,doc_2,1
xtraverti,doc_2,1
xé,doc_3,1
yeux3,doc_3,1
ympathie,doc_3,1
ynamisme,doc_3,1
ynergie,doc_3,1
your,doc_2,1
youtube,doc_1,1
ystery,doc_1,1
ytery,doc_1,1
zaines,doc_3,1
zu,doc_1,1
àcoups,doc_3,1
âche,doc_2,1
âges,doc_2,1
âgées,doc_3,1
âtir,doc_2,1
ègle,doc_3,1
ère,doc_1,1
ès,doc_3,1
é,doc_3,1
éactions,doc_2,1
éalis,doc_3,1
éalisable,doc_2,1
éalisableacceptable,doc_2,1
éaliser,doc_2,1
éalisez,doc_2,1
ébutant,doc_2,1
écaton,doc_2,1
éceler,doc_2,1
échangent,doc_2,1
échantillon,doc_2,1
échappent,doc_2,1
échapper,doc_3,1
échec,doc_3,1
échelle,doc_2,1
échouent,doc_1,1
échoué,doc_2,1
échéant,doc_2,1
écider,doc_3,1
éclaration,doc_2,1
école,doc_2,1
écompenser,doc_2,1
éconduite,doc_3,1
écoulée,doc_3,1
écoute,doc_2,1
écoutée,doc_2,1
écouverte,doc_3,1
écran,doc_3,1
écrirez,doc_3,1
écrites,doc_3,1
écriture,doc_3,1
écrivain,doc_2,1
écrivains,doc_2,1
écrivant,doc_3,1
écèlent,doc_2,1
éd,doc_2,1
éditorial,doc_3,1
éducatif,doc_2,1
éduisent,doc_2,1
ée,doc_3,1
éfendent,doc_2,1
éfi,doc_2,1
éfinition,doc_2,1
éfinitions,doc_2,1
égal,doc_2,1
égard,doc_3,1
égaré,doc_3,1
égocier,doc_2,1
él,doc_3,1
élaborez,doc_2,1
électionnez,doc_2,1
élever,doc_3,1
élicitations,doc_2,1
éliminer,doc_3,1
éliminé,doc_3,1
éliminés,doc_3,1
éloignée,doc_3,1
éloignés,doc_3,1
élu,doc_3,1
élèves,doc_3,1
émergé,doc_2,1
émises,doc_1,1
émotion,doc_2,1
émotionnel,doc_2,1
émotionnelles,doc_2,1
énoncé,doc_2,1
énorme,doc_1,1
énèrent,doc_2,1
énéficiezvous,doc_2,1
énéralement,doc_3,1
épanouissante,doc_2,1
épanouissement,doc_2,1
épargner,doc_2,1
épaules,doc_2,1
épenser,doc_3,1
épisodique,doc_3,1
époque,doc_3,1
épouse,doc_2,1
éprouve,doc_2,1
éprouvent,doc_2,1
éprouverez,doc_2,1
éprouvé,doc_2,1
épuisé,doc_3,1
épôt,doc_3,1
équilibre,doc_3,1
équivaut,doc_3,1
ér,doc_3,1
érigé,doc_2,1
ériksonnienne,doc_1,1
érité,doc_3,1
éroïsme,doc_3,1
érénité,doc_3,1
éseau,doc_3,1
ésilience,doc_3,1
ésir,doc_3,1
ésultats,doc_2,1
ésumez,doc_2,1
éta,doc_3,1
établi,doc_2,1
établies,doc_2,1
établis,doc_2,1
étaille,doc_3,1
étais,doc_3,1
éteignit,doc_2,1
étermination,doc_3,1
éterminez,doc_2,1
éthique,doc_2,1
étiez,doc_2,1
étions,doc_2,1
étoffer,doc_3,1
étoiles,doc_3,1
étouffer,doc_2,1
étrange,doc_3,1
étrangers,doc_2,1
étroit,doc_2,1
étudier,doc_3,1
étudié,doc_1,1
éunir,doc_2,1
éussir,doc_3,1
évaluant,doc_2,1
éveiller,doc_3,1
éveillé,doc_3,1
éveloppetoi,doc_3,1
éventuelle,doc_3,1
éventuels,doc_3,1
évidentes,doc_3,1
évidents,doc_2,1
éviser,doc_2,1
évitent,doc_2,1
évitera,doc_2,1
évo,doc_3,1
évoluera,doc_3,1
évoquent,doc_3,1
évoquée,doc_3,1
événe,doc_3,1
ééééécccccrrrrriiiiivvvvvooooonnnnnsssss,doc_3,1
êtesvous,doc_2,1
êve,doc_3,1
êêêêêtttttrrrrreeeee,doc_3,1
ôles,doc_2,1
œil,doc_2,1
œuvrez,doc_2,1
